prediction,upper_threshold,lower_threshold,signal,signal_strength
-1.4478547457884314,0.28189124892939477,-5.079466098582057,0,0.0
-0.6052550701341427,0.28189124892939477,-5.079466098582057,0,0.0
-1.592636356839251,0.28189124892939477,-5.079466098582057,0,0.0
-0.6220928227588094,0.28189124892939477,-5.079466098582057,0,0.0
-1.9377292467517417,0.28189124892939477,-5.079466098582057,0,0.0
-0.801934648332804,0.28189124892939477,-5.079466098582057,0,0.0
-1.1551512961856532,0.28189124892939477,-5.079466098582057,0,0.0
-2.3031926674412797,0.28189124892939477,-5.079466098582057,0,0.0
-1.0951491077143156,0.28189124892939477,-5.079466098582057,0,0.0
-0.20646274122568692,0.28189124892939477,-5.079466098582057,0,0.0
-0.3792486093420331,0.28189124892939477,-5.079466098582057,0,0.0
-0.9597926387253006,0.28189124892939477,-5.079466098582057,0,0.0
-1.353940443115487,0.28189124892939477,-5.079466098582057,0,0.0
-0.9954696560822414,0.28189124892939477,-5.079466098582057,0,0.0
-1.31472374840327,0.28189124892939477,-5.079466098582057,0,0.0
-0.8328419982189494,0.28189124892939477,-5.079466098582057,0,0.0
-1.2537585742486759,0.28189124892939477,-5.079466098582057,0,0.0
-2.907121142092944,0.28189124892939477,-5.079466098582057,0,0.0
-2.730149868938195,0.28189124892939477,-5.079466098582057,0,0.0
-3.6763138620038665,0.28189124892939477,-5.079466098582057,0,0.0
-5.773051533729358,0.28189124892939477,-5.079466098582057,-1,0.1293675071797328
-4.18036327151095,0.28189124892939477,-5.079466098582057,-1,0.0
-6.341904671493154,0.28189124892939477,-5.079466098582057,-1,0.23546995491674788
-2.569851674571798,0.28189124892939477,-5.079466098582057,-1,0.0
-1.1304555686302231,0.28189124892939477,-5.079466098582057,-1,0.0
-2.2568014967610175,0.28189124892939477,-5.079466098582057,-1,0.0
-2.5269750517135496,0.28189124892939477,-5.079466098582057,-1,0.0
-1.5100900351226956,0.28189124892939477,-5.079466098582057,-1,0.0
-2.4900744759575,0.28189124892939477,-5.079466098582057,-1,0.0
-4.228511407253322,0.28189124892939477,-5.079466098582057,-1,0.0
-3.4170535747921003,0.28189124892939477,-5.079466098582057,-1,0.0
-1.7813144339380105,0.28189124892939477,-5.079466098582057,-1,0.0
-2.420781907217314,0.28189124892939477,-5.079466098582057,0,0.0
-3.843009263828772,0.28189124892939477,-5.079466098582057,0,0.0
-4.14189740170417,0.28189124892939477,-5.079466098582057,0,0.0
-3.3267024792219146,0.28189124892939477,-5.079466098582057,0,0.0
-0.13885452628949546,0.28189124892939477,-5.079466098582057,0,0.0
-0.43566624295136125,0.28189124892939477,-5.079466098582057,0,0.0
-0.9485438285686429,0.28189124892939477,-5.079466098582057,0,0.0
-1.3100059935797885,0.28189124892939477,-5.079466098582057,0,0.0
-0.2806700518036388,0.28189124892939477,-5.079466098582057,0,0.0
-0.6404007614962066,0.28189124892939477,-5.079466098582057,0,0.0
-0.6991034442586828,0.28189124892939477,-5.079466098582057,0,0.0
-1.0256797340818542,0.28189124892939477,-5.079466098582057,0,0.0
-1.059347242094995,0.28189124892939477,-5.079466098582057,0,0.0
-1.3581806103031244,0.28189124892939477,-5.079466098582057,0,0.0
-0.8452414177033991,0.28189124892939477,-5.079466098582057,0,0.0
-2.1514359624502233,0.28189124892939477,-5.079466098582057,0,0.0
-2.708788363906189,0.28189124892939477,-5.079466098582057,0,0.0
-3.5428107019359643,0.28189124892939477,-5.079466098582057,0,0.0
-3.0391249595470704,0.28189124892939477,-5.079466098582057,0,0.0
-3.3983519097801254,0.28189124892939477,-5.079466098582057,0,0.0
-3.085743233429253,0.28189124892939477,-5.079466098582057,0,0.0
-3.335515798899813,0.28189124892939477,-5.079466098582057,0,0.0
-3.1558644392546094,0.28189124892939477,-5.079466098582057,0,0.0
-4.050269535044179,0.28189124892939477,-5.079466098582057,0,0.0
-5.204112429172909,0.28189124892939477,-5.079466098582057,-1,0.02324902492252417
-9.579294184083587,0.28189124892939477,-5.079466098582057,-1,0.8393076219010446
-9.538011113562227,0.28189124892939477,-5.079466098582057,-1,0.831607506455369
-8.612482089939787,0.28189124892939477,-5.079466098582057,-1,0.6589778972665621
-7.595644188132555,0.28189124892939477,-5.079466098582057,-1,0.46931736246202954
-6.802914687446682,0.28189124892939477,-5.079466098582057,-1,0.3214575110656609
-7.263461985657535,0.28189124892939477,-5.079466098582057,-1,0.40735876113335534
-6.2307639950606175,0.28189124892939477,-5.079466098582057,-1,0.21474000366958398
-3.7414948709015263,0.28189124892939477,-5.079466098582057,-1,0.0
-2.838966395447026,0.28189124892939477,-5.079466098582057,-1,0.0
-2.48602639097578,0.28189124892939477,-5.079466098582057,-1,0.0
-0.7953025080243635,0.28189124892939477,-5.079466098582057,-1,0.0
-2.5884937488898956,0.28189124892939477,-5.079466098582057,-1,0.0
-3.2255160323544145,0.28189124892939477,-5.079466098582057,-1,0.0
-1.598672144635239,0.28189124892939477,-5.079466098582057,-1,0.0
-0.3330340022615893,0.28189124892939477,-5.079466098582057,-1,0.0
0.9974135618792894,0.28189124892939477,-5.079466098582057,1,0.1334591721034999
-0.34180902670569624,0.28189124892939477,-5.079466098582057,1,0.0
0.45494973097763286,0.28189124892939477,-5.079466098582057,1,0.03227885604912449
-0.901231739097867,0.28189124892939477,-5.079466098582057,1,0.0
-0.7263499428045559,0.28189124892939477,-5.079466098582057,1,0.0
-1.8543175645978616,0.28189124892939477,-5.079466098582057,1,0.0
-1.5082889325257574,0.28189124892939477,-5.079466098582057,1,0.0
-1.8883736360446945,0.28189124892939477,-5.079466098582057,1,0.0
-2.3369149285816286,0.28189124892939477,-5.079466098582057,1,0.0
-2.1719533100878725,0.28189124892939477,-5.079466098582057,1,0.0
-5.055444917909879,0.28189124892939477,-5.079466098582057,1,0.0
-5.342965462979987,0.28189124892939477,-5.079466098582057,-1,0.049147883141987696
-5.095480219030176,0.28189124892939477,-5.079466098582057,-1,0.0029869526334691185
-2.1127072786926346,0.28189124892939477,-5.079466098582057,-1,0.0
-1.7393434203286533,0.28189124892939477,-5.079466098582057,-1,0.0
-5.283678219529251,0.28189124892939477,-5.079466098582057,-1,0.03808963061228916
-1.6005260264134256,0.28189124892939477,-5.079466098582057,-1,0.0
-1.2961360418551644,0.28189124892939477,-5.079466098582057,-1,0.0
-2.6489116850489363,0.28189124892939477,-5.079466098582057,-1,0.0
-3.454877825921572,0.28189124892939477,-5.079466098582057,-1,0.0
-1.4946438638561805,0.28189124892939477,-5.079466098582057,-1,0.0
-1.5194182107847947,0.28189124892939477,-5.079466098582057,-1,0.0
-1.2545229625055243,0.28189124892939477,-5.079466098582057,-1,0.0
-2.4869809131534026,0.28189124892939477,-5.079466098582057,-1,0.0
-1.4295935697172721,0.28189124892939477,-5.079466098582057,-1,0.0
-1.7813878440867275,0.28189124892939477,-5.079466098582057,0,0.0
-1.4659763384998248,0.28189124892939477,-5.079466098582057,0,0.0
-1.814110676330555,0.28189124892939477,-5.079466098582057,0,0.0
-0.3017537525314015,0.28189124892939477,-5.079466098582057,0,0.0
0.571108900101755,0.28189124892939477,-5.079466098582057,1,0.053944856204484214
0.38800636130484484,0.28189124892939477,-5.079466098582057,1,0.019792583388366168
1.3301557821838674,0.28189124892939477,-5.079466098582057,1,0.19552222791883833
2.0867213014575103,0.28189124892939477,-5.079466098582057,1,0.33663677601453895
0.477028263809802,0.28189124892939477,-5.079466098582057,1,0.03639694245916713
0.9411207599638219,0.28189124892939477,-5.079466098582057,1,0.12295944260093343
-0.6981428659274422,0.28189124892939477,-5.079466098582057,1,0.0
-1.0149681327524034,0.28189124892939477,-5.079466098582057,1,0.0
-0.21814456379265368,0.28189124892939477,-5.079466098582057,1,0.0
-0.41830366741133873,0.28189124892939477,-5.079466098582057,1,0.0
-0.26874820419858236,0.28189124892939477,-5.079466098582057,1,0.0
1.2047211952640844,0.28189124892939477,-5.079466098582057,1,0.17212617748060272
1.0682378131550685,0.28189124892939477,-5.079466098582057,1,0.14666930653124013
0.12271858036621394,0.28189124892939477,-5.079466098582057,1,0.0
-0.3595096008623464,0.28189124892939477,-5.079466098582057,1,0.0
-0.3251248135870263,0.28189124892939477,-5.079466098582057,1,0.0
-1.30441201896479,0.28189124892939477,-5.079466098582057,1,0.0
-1.3237071741600097,0.28189124892939477,-5.079466098582057,1,0.0
-1.2707836237928736,0.28189124892939477,-5.079466098582057,1,0.0
-1.649179083041587,0.28189124892939477,-5.079466098582057,1,0.0
-1.2482763552138927,0.28189124892939477,-5.079466098582057,1,0.0
1.2027721118038035,0.28189124892939477,-5.079466098582057,1,0.17176263456899551
0.6960441998379289,0.28189124892939477,-5.079466098582057,1,0.07724777963191894
0.8867245133272631,0.28189124892939477,-5.079466098582057,1,0.11281345845723378
1.5920340962952984,0.42147804614123885,-5.075462568470027,1,0.21294682482882146
0.9835484874939452,0.46378114411050064,-5.071459038357998,1,0.0939014977217572
1.406409959324573,0.5052524546973877,-5.067455508245968,1,0.16170908481470433
0.04578356944553605,0.4958443910681929,-5.063451978133939,1,0.0
0.6104238999172396,0.5750404000833038,-5.059448448021909,1,0.006279806525100256
0.14964715983634877,0.571108900101755,-5.055444917909879,1,0.0
-0.2454123799495973,0.5617008364725602,-4.972751566844222,1,0.0
-0.7548676988075631,0.5522927728433641,-4.890058215778567,1,0.0
-1.0671653244904884,0.5428847092141693,-4.807364864712912,1,0.0
-1.3732745962090749,0.5334766455849745,-4.724671513647256,1,0.0
-1.742003088189216,0.5240685819557784,-4.641978162581601,1,0.0
-1.5995220066741627,0.5146605183265838,-4.559284811515944,1,0.0
-1.339051894305541,0.5052524546973877,-4.4765914604502886,1,0.0
-1.184980586567131,0.4958443910681929,-4.393898109384633,1,0.0
-1.1113532855458308,0.4864363274389981,-4.311204758318977,0,0.0
-1.9810065932231766,0.477028263809802,-4.228511407253322,0,0.0
-2.3472226631038553,0.47482041052658525,-4.223696593679085,0,0.0
-1.2244252390321329,0.47261255724336815,-4.218881780104848,0,0.0
-1.5310440547789255,0.47040470396015166,-4.21406696653061,0,0.0
-0.6266084086247801,0.46819685067693423,-4.209252152956373,0,0.0
1.4168758976980687,0.5240685819557784,-4.204437339382136,1,0.18881383054072046
-0.3860342193554254,0.5146605183265838,-4.199622525807899,1,0.0
1.0085557449234692,0.5829034000464008,-4.194807712233662,1,0.08909126878413012
-0.33282257783902486,0.5789719000648526,-4.189992898659424,1,0.0
0.5989971802621274,0.6001398522276385,-4.185178085085187,1,0.0
0.3670041086966319,0.5989971802621274,-4.18036327151095,1,0.0
0.7083611779693355,0.6092812279517285,-4.176516684530272,1,0.02070291137015905
0.417248462364084,0.6081385559862172,-4.172670097549594,1,0.0
2.2192330000861302,0.6703581098617235,-4.168823510568916,1,0.32006959269418206
2.563490225116925,0.7034343867167728,-4.164976923588238,1,0.38206628812626303
3.0635643129340595,0.7975428456482994,-4.16113033660756,1,0.4569814109537411
1.1961777360540957,0.908483011981887,-4.157283749626882,1,0.05679194041315152
0.623462707568253,0.9030433873182314,-4.153437162646203,1,0.0
-0.34580711459260105,0.8976037626545758,-4.149590575665526,1,0.0
-0.5297001092896287,0.8921641379909186,-4.145743988684847,1,0.0
0.022798731747784417,0.8867245133272631,-4.14189740170417,1,0.0
-0.02382979282574072,0.8688881797914714,-4.132734615038171,1,0.0
-0.6863681989827707,0.8510518462556796,-4.123571828372172,1,0.0
-1.6841270344701837,0.8332155127198879,-4.114409041706172,1,0.0
-1.8214939749009451,0.8153791791840911,-4.105246255040173,1,0.0
-1.6832880164677657,0.7975428456482994,-4.096083468374174,1,0.0
-1.6630623086492777,0.7797065121125075,-4.086920681708175,0,0.0
-1.5735631868552657,0.7618701785767158,-4.0777578950421765,0,0.0
-2.248173273433472,0.7440338450409241,-4.068595108376177,0,0.0
-2.7927999806881787,0.7261975115051272,-4.059432321710178,0,0.0
-3.605489740488691,0.7083611779693355,-4.050269535044179,0,0.0
-2.8475882639011987,0.7071294801561949,-4.029543507922638,0,0.0
-2.6191356856787777,0.7058977823430543,-4.008817480801097,0,0.0
-3.7017024575749424,0.7046660845299137,-3.988091453679557,0,0.0
-3.538137407135556,0.7034343867167728,-3.9673654265580156,0,0.0
-3.5012989911696852,0.7022026889036321,-3.9466393994364752,0,0.0
-3.119021377878059,0.7009709910904915,-3.9259133723149344,0,0.0
-2.5153976853182303,0.699739293277351,-3.905187345193394,0,0.0
-2.36078156322546,0.6985075954642104,-3.8844613180718532,0,0.0
-2.604408760178562,0.6972758976510695,-3.8637352909503124,0,0.0
-2.2369448833390386,0.6960441998379289,-3.843009263828772,0,0.0
-2.5472624516141327,0.6887860506109617,-3.832857824536047,0,0.0
-4.466468974417388,0.6815279013839945,-4.008817480801097,-1,0.09757309032178033
-3.40970129979986,0.6742697521570273,-3.988091453679557,-1,0.0
-4.200818895591137,0.6670116029300581,-4.105246255040173,-1,0.020026713433212016
-4.4401775652000195,0.6597534537030909,-4.16113033660756,-1,0.057883002521925235
-3.1151307216717345,0.6524953044761237,-4.157283749626882,-1,0.0
-0.027667564811708848,0.6452371552491566,-4.153437162646204,-1,0.0
0.001623563935964147,0.6379790060221894,-4.149590575665526,-1,0.0
-1.2205995068315938,0.6307208567952202,-4.145743988684847,-1,0.0
-0.48577104457006987,0.623462707568253,-4.14189740170417,-1,0.0
-0.050550850291497716,0.6221588268031517,-4.132734615038171,-1,0.0
-0.4078044920975978,0.6208549460380505,-4.123571828372171,-1,0.0
-0.6306304100693861,0.6195510652729491,-4.114409041706172,-1,0.0
0.2271761255508233,0.6182471845078475,-4.105246255040173,-1,0.0
0.143575514461575,0.6169433037427463,-4.096083468374174,0,0.0
-0.07203259867751845,0.615639422977645,-4.086920681708175,0,0.0
0.20607682353209417,0.6143355422125437,-4.077757895042176,0,0.0
0.10998279423618285,0.6130316614474425,-4.068595108376177,0,0.0
0.07935405512175132,0.6117277806823408,-4.059432321710178,0,0.0
0.49199505169923546,0.6104238999172396,-4.050269535044179,0,0.0
-0.12297574661411598,0.6092812279517285,-4.029543507922638,0,0.0
-0.633144077227419,0.6081385559862172,-4.008817480801097,0,0.0
0.3810005366265993,0.6069958840207061,-3.988091453679557,0,0.0
1.4604253081168839,0.6182471845078475,-3.9673654265580156,1,0.18365662236201927
0.8853524576042379,0.6597534537030909,-3.9466393994364752,1,0.04897519840223486
0.4145439970265165,0.6524953044761237,-3.9259133723149344,1,0.0
-0.24042437061701233,0.6452371552491566,-3.9051873451933936,1,0.0
1.223742815884753,0.6985075954642104,-3.8844613180718532,1,0.11460588765270259
2.456568751456785,0.7260603059328248,-3.8637352909503124,1,0.37703388070247035
3.010499323936901,0.8853524576042379,-3.843009263828772,1,0.4494467622262625
2.366512868440879,0.8865873077549605,-3.832857824536047,1,0.31358041447713647
2.4719162649745807,0.9302415106365108,-3.8227063852433227,1,0.3243618041078242
1.011566307111008,0.970820169234909,-3.8125549459505983,1,0.008518281944216438
2.1938099149872015,0.9918675321251517,-3.8024035066578734,1,0.2507038866052826
0.9755161702119015,0.9904810246866174,-3.7922520673651494,1,0.0
-0.29479411297429486,0.989094517248083,-3.7821006280724245,1,0.0
0.052604883551381806,0.9877080098095486,-3.7719491887796996,1,0.0
0.5059691474284626,0.9863215023710142,-3.761797749486975,1,0.0
0.7792230447356779,0.9849349949324795,-3.7516463101942508,1,0.0
0.08733599608714328,0.9835484874939452,-3.7414948709015263,1,0.0
-0.1675590403121959,0.9827452557657409,-3.737515629568868,1,0.0
-0.25317882076628123,0.9819420240375365,-3.7335363882362094,1,0.0
-0.45227159961281604,0.9811387923093322,-3.7295571469035513,1,0.0
-1.1376555118709677,0.9803355605811277,-3.725577905570893,0,0.0
-1.290281765629583,0.9795323288529234,-3.7215986642382344,0,0.0
-1.7263937925099018,0.978729097124719,-3.717619422905576,0,0.0
-1.371849929689044,0.9779258653965147,-3.7136401815729174,0,0.0
-2.269759249464676,0.9771226336683104,-3.7096609402402594,0,0.0
-2.018126837558787,0.9763194019401058,-3.705681698907601,0,0.0
-0.6347956360763464,0.9755161702119015,-3.7017024575749424,0,0.0
-0.9070971770389246,0.9720766291870937,-3.699163598017835,0,0.0
-0.8083894620132142,0.968637088162286,-3.696624738460727,0,0.0
-1.0272131586296978,0.9651975471374782,-3.6940858789036195,0,0.0
-1.5416653891914234,0.9617580061126695,-3.691547019346512,0,0.0
-1.4898689397443903,0.9583184650878618,-3.689008159789404,0,0.0
-1.4880156679230336,0.954878924063054,-3.686469300232297,0,0.0
-1.7967385933244564,0.9514393830382462,-3.6839304406751894,0,0.0
-2.394813027561584,0.9479998420134385,-3.6813915811180817,0,0.0
-2.7859979626075364,0.9445603009886298,-3.678852721560974,0,0.0
-1.5125448903418497,0.9411207599638219,-3.6763138620038665,0,0.0
-1.5092894106485548,0.9356811353001664,-3.6692314498523486,0,0.0
-3.0730767535642274,0.9302415106365108,-3.6621490377008312,0,0.0
-1.9127940240691041,0.9248018859728552,-3.655066625549314,0,0.0
-2.5053611075389375,0.9193622613091981,-3.647984213397796,0,0.0
-2.9572039363034937,0.9139226366455425,-3.6409018012462786,0,0.0
-2.0682091932414255,0.908483011981887,-3.633819389094761,0,0.0
-1.4765770075925055,0.9030433873182314,-3.6267369769432434,0,0.0
-2.093892988297835,0.8976037626545758,-3.619654564791726,0,0.0
-0.8129233716791274,0.8921641379909186,-3.6125721526402086,0,0.0
-0.9829802499967394,0.8921641379909186,-3.6125721526402086,0,0.0
-0.4732404051141878,0.8921641379909186,-3.6125721526402086,0,0.0
-0.6136818986158377,0.8921641379909186,-3.6125721526402086,0,0.0
-1.305348490040493,0.8921641379909186,-3.6125721526402086,0,0.0
-0.419899460281755,0.8921641379909186,-3.6125721526402086,0,0.0
-0.12332554877561006,0.8921641379909186,-3.6125721526402086,0,0.0
0.09021128416913393,0.8921641379909186,-3.6125721526402086,0,0.0
-0.5529334345753857,0.8921641379909186,-3.6125721526402086,0,0.0
-0.48545597465198126,0.8921641379909186,-3.6125721526402086,0,0.0
-0.02503847947482727,0.8921641379909186,-3.6125721526402086,0,0.0
0.26131921926723434,0.8921641379909186,-3.6125721526402086,0,0.0
-0.16351633049320963,0.8921641379909186,-3.6125721526402086,0,0.0
-0.28662878083018634,0.8921641379909186,-3.6125721526402086,0,0.0
-0.09379377229463139,0.8921641379909186,-3.6125721526402086,0,0.0
-0.2623217430105902,0.8921641379909186,-3.6125721526402086,0,0.0
-0.8559200497945331,0.8921641379909186,-3.6125721526402086,0,0.0
-1.0290738856609611,0.8921641379909186,-3.6125721526402086,0,0.0
-0.8854349838506547,0.8921641379909186,-3.6125721526402086,0,0.0
-1.4468854806351739,0.8921641379909186,-3.6125721526402086,0,0.0
-2.2231434237463743,0.8921641379909186,-3.549078605791237,0,0.0
-2.054644007639026,0.8921641379909186,-3.538604736615597,0,0.0
-2.9079167546835127,0.8921641379909186,-3.5049828327662724,0,0.0
-2.3002638023086064,0.8921641379909186,-3.4595199424463834,0,0.0
-2.963823173605845,0.8921641379909186,-3.4595199424463834,0,0.0
-2.584772973763395,0.8921641379909186,-3.4595199424463834,0,0.0
-2.8174115143600424,0.8921641379909186,-3.4595199424463834,0,0.0
-2.5640447469357164,0.8921641379909186,-3.4595199424463834,0,0.0
-2.8178344862148044,0.8921641379909186,-3.4595199424463834,0,0.0
-2.4320051587542104,0.8921641379909186,-3.4595199424463834,0,0.0
-2.376661094978041,0.8921641379909186,-3.4208359999050475,0,0.0
-2.380473239412129,0.8921641379909186,-3.4142189524120314,0,0.0
-2.5280274270288308,0.8921641379909186,-3.4142189524120314,0,0.0
-1.82352599987997,0.8921641379909186,-3.4142189524120314,0,0.0
-1.2587745892085436,0.8921641379909186,-3.399486848782099,0,0.0
-1.7792340395684643,0.8921641379909186,-3.341799409987844,0,0.0
-2.492496231876292,0.8921641379909186,-3.341799409987844,0,0.0
-2.699954326635148,0.8921641379909186,-3.341799409987844,0,0.0
-2.394495798595723,0.8921641379909186,-3.341799409987844,0,0.0
-1.2782934521457787,0.8921641379909186,-3.341799409987844,0,0.0
-1.0333341279410058,0.8921641379909186,-3.341799409987844,0,0.0
-1.4904306179145774,0.8921641379909186,-3.341799409987844,0,0.0
-0.2665751005755035,0.8921641379909186,-3.341799409987844,0,0.0
-0.8496568232872765,0.8921641379909186,-3.341799409987844,0,0.0
-1.4239625466639074,0.8921641379909186,-3.341799409987844,0,0.0
-1.301201615163519,0.8921641379909186,-3.341799409987844,0,0.0
-1.9069057811501713,0.8921641379909186,-3.341799409987844,0,0.0
-1.2052019989210034,0.8921641379909186,-3.341799409987844,0,0.0
-0.4416186837557544,0.8921641379909186,-3.341799409987844,0,0.0
-1.5395606902968624,0.8921641379909186,-3.341799409987844,0,0.0
-1.2415772217345287,0.8921641379909186,-3.236516009008954,0,0.0
-1.1632174583805268,0.8921641379909186,-3.236516009008954,0,0.0
-0.796265207528364,0.8921641379909186,-3.16282959856459,0,0.0
-0.41187324857362945,0.8921641379909186,-3.16282959856459,0,0.0
0.40789674097794426,0.8921641379909186,-3.122705684015714,0,0.0
0.21103393533385903,0.8921641379909186,-3.115519787292367,0,0.0
0.029482953952984055,0.8921641379909186,-3.077282150374978,0,0.0
0.41276003602039074,0.8921641379909186,-2.974748531601683,0,0.0
1.2514902658029952,0.9445603009886298,-2.9578658600337286,1,0.0786510627363045
1.7049687717871342,0.9763194019401058,-2.9128454728455107,1,0.18735368473860187
0.4635459364547734,0.9763194019401058,-2.8536211129794298,1,0.0
0.4002376867553114,0.9763194019401058,-2.839828582292443,1,0.0
1.0384865800225807,0.9849349949324795,-2.8199476771380265,1,0.014074437953946146
1.3320396442433486,0.9985277801837074,-2.8174538115455188,1,0.08739870883614749
0.3065113097889058,0.9985277801837074,-2.795261134055365,1,0.0
0.6487876568893702,0.9985277801837074,-2.7866781644156005,1,0.0
0.0902217679732353,0.9985277801837074,-2.7085586902323864,1,0.0
-0.16466678242025073,0.9985277801837074,-2.7085586902323864,1,0.0
-0.591246391453631,0.9985277801837074,-2.7085586902323864,1,0.0
-0.5390737151813683,0.9985277801837074,-2.7085586902323864,1,0.0
-0.022744485057345328,0.9985277801837074,-2.6540159492075572,1,0.0
-0.4792351732420274,0.9985277801837074,-2.6540159492075572,1,0.0
0.021994837170120313,0.9985277801837074,-2.6540159492075572,1,0.0
-1.2981445965084293,0.9860492132368974,-2.6540159492075572,0,0.0
-1.2272639524142166,0.9860492132368974,-2.6540159492075572,0,0.0
-1.8768955956571611,0.9860492132368974,-2.6540159492075572,0,0.0
-1.8594093480966978,0.9860492132368974,-2.6540159492075572,0,0.0
-1.8851300073356512,0.9860492132368974,-2.6540159492075572,0,0.0
-2.080983637362644,0.9860492132368974,-2.6540159492075572,0,0.0
-2.684699595696698,0.9860492132368974,-2.686225068790543,0,0.0
-3.6324658108318335,0.9860492132368974,-2.7085586902323864,-1,0.2500690586765341
-2.4084528770901192,0.9860492132368974,-2.7085586902323864,-1,0.0
-2.5550421850116316,0.9860492132368974,-2.7085586902323864,-1,0.0
-0.7753124158231103,0.9860492132368974,-2.686225068790543,-1,0.0
-0.6324209159263398,0.9860492132368974,-2.6524904761137122,-1,0.0
-0.5031591968734513,0.9860492132368974,-2.6221132856157934,-1,0.0
-1.3996244302228653,0.9860492132368974,-2.6221132856157934,-1,0.0
-2.6786320433541104,0.9860492132368974,-2.6518837208794537,-1,0.007352615608664012
-2.1921729816539877,0.9860492132368974,-2.6221132856157934,-1,0.0
-2.993390770482157,0.9860492132368974,-2.6518837208794537,-1,0.09387392670163527
-3.1336279767191106,0.9860492132368974,-2.679238798588369,-1,0.1239709339797452
-3.065877209206278,0.9860492132368974,-2.686225068790543,-1,0.1033833834999197
-3.2555820174340524,0.9860492132368974,-2.686225068790543,-1,0.1550420543013391
-3.9583762724092195,0.9860492132368974,-2.7085586902323864,-1,0.3382815212957344
-4.25048090360953,0.9860492132368974,-2.7866781644156005,-1,0.38799589598354456
-5.267494341538564,0.9860492132368974,-2.795261134055365,-1,0.6538033063732858
-6.554279788816577,0.9860492132368974,-2.8174538115455188,-1,0.9824695689534327
-3.4719116839239272,0.9860492132368974,-2.8208098639834436,-1,0.17103386459366904
-2.2957296033696193,0.9860492132368974,-2.8208098639834436,-1,0.0
-3.8738082323064087,0.9860492132368974,-2.8536211129794298,-1,0.26569653971628543
-4.832991026719594,0.9860492132368974,-2.9128454728455107,-1,0.4924845907554988
-4.388697957966888,0.9860492132368974,-2.9578658600337286,-1,0.36279485520122845
-3.8004762814994724,0.9860492132368974,-2.966779933293476,-1,0.21091130360080948
-4.354179297165121,0.9860492132368974,-3.000639414354569,-1,0.3395148227636441
-2.1544670027397506,0.9763194019401058,-3.000639414354569,-1,0.0
-1.943542909736382,0.9445603009886298,-3.000639414354569,-1,0.0
-2.0584783136617,0.9445603009886298,-3.000639414354569,-1,0.0
-1.1815846110852302,0.8956036790157265,-3.000639414354569,-1,0.0
-0.9109671957988557,0.8956036790157265,-3.000639414354569,-1,0.0
-1.2626321745872169,0.8956036790157265,-3.000639414354569,-1,0.0
-1.3720097692857502,0.8956036790157265,-3.000639414354569,-1,0.0
-1.4468062611751613,0.8956036790157265,-3.000639414354569,-1,0.0
-1.7750877896327262,0.8956036790157265,-3.000639414354569,-1,0.0
-1.5859126249622157,0.8854896631765404,-3.000639414354569,0,0.0
-3.7237656023211354,0.7898359860225334,-3.066597163642073,-1,0.17040835745751648
-2.6077732687609854,0.7898359860225334,-3.066597163642073,-1,0.0
-2.6655960598362274,0.7898359860225334,-3.066597163642073,-1,0.0
-2.9005080789645117,0.7898359860225334,-3.066597163642073,-1,0.0
-3.533012981988203,0.7898359860225334,-3.077282150374978,-1,0.11784766214506437
-2.960898420382925,0.7898359860225334,-3.077282150374978,-1,0.0
-3.2986998202703655,0.7898359860225334,-3.115519787292367,-1,0.04690482599041517
-3.0712191229121903,0.7898359860225334,-3.115519787292367,-1,0.0
-3.449486564761263,0.7898359860225334,-3.120482037762164,-1,0.08413753689544252
-3.523931561433488,0.7154473646459694,-3.1458233807906044,-1,0.09792325003102902
-3.468325944435249,0.7154473646459694,-3.259893797717684,-1,0.0524312601622438
-2.5504215240710955,0.6547450089973664,-3.259893797717684,-1,0.0
-1.072729472604671,0.6259952025003646,-3.259893797717684,-1,0.0
-1.1088325936326426,0.6117277806823408,-3.259893797717684,-1,0.0
-1.1332423968142118,0.6001398522276385,-3.259893797717684,-1,0.0
-2.423666832398609,0.6001398522276385,-3.259893797717684,-1,0.0
-2.2785415286976383,0.5152719507118285,-3.259893797717684,-1,0.0
-1.9320456867297058,0.5152719507118285,-3.259893797717684,-1,0.0
-2.171424904495253,0.5152719507118285,-3.259893797717684,-1,0.0
-2.1111503086749885,0.5152719507118285,-3.259893797717684,-1,0.0
-0.8591984460466368,0.5152719507118285,-3.259893797717684,0,0.0
-2.885420730270726,0.5152719507118285,-3.259893797717684,0,0.0
-2.0450597655432805,0.5152719507118285,-3.259893797717684,0,0.0
-2.708726851643849,0.5152719507118285,-3.259893797717684,0,0.0
-1.574990111860585,0.5152719507118285,-3.259893797717684,0,0.0
-1.8879594365154369,0.5152719507118285,-3.259893797717684,0,0.0
-3.2294986173518234,0.5152719507118285,-3.259893797717684,0,0.0
-3.698550291202259,0.5152719507118285,-3.309799968223315,-1,0.1016321604450167
-2.6262218379708075,0.5152719507118285,-3.309799968223315,-1,0.0
-2.262907017773365,0.5152719507118285,-3.309799968223315,-1,0.0
-1.1688263173178028,0.5152719507118285,-3.309799968223315,-1,0.0
-1.3958701836681708,0.5152719507118285,-3.309799968223315,-1,0.0
-0.4096538242512726,0.4933924612721581,-3.309799968223315,-1,0.0
0.6111886333345661,0.5152719507118285,-3.309799968223315,1,0.02507578541149095
0.14917549651993384,0.4933924612721581,-3.309799968223315,1,0.0
0.11098847005863054,0.4933924612721581,-3.309799968223315,1,0.0
-0.5665118660202024,0.4663908479792194,-3.309799968223315,1,0.0
-1.732840864009095,0.4663908479792194,-3.309799968223315,1,0.0
-2.301661325549109,0.4218782097731527,-3.309799968223315,1,0.0
-1.5598053443987034,0.41944419096934193,-3.309799968223315,1,0.0
-2.316811551139354,0.4129384321210033,-3.309799968223315,1,0.0
-1.4696832933429362,0.40838307048218886,-3.309799968223315,1,0.0
-1.5661579626795883,0.40100359217757464,-3.309799968223315,1,0.0
-1.023037807231811,0.38292425163947036,-3.309799968223315,0,0.0
-0.02398141062928012,0.3139602324726747,-3.309799968223315,0,0.0
-0.5719808418659349,0.3139602324726747,-3.309799968223315,0,0.0
-1.2674195758379891,0.3139602324726747,-3.309799968223315,0,0.0
-0.7474770956767056,0.3139602324726747,-3.309799968223315,0,0.0
-0.7224120673670522,0.3139602324726747,-3.309799968223315,0,0.0
-1.103517560969205,0.3139602324726747,-3.309799968223315,0,0.0
-1.0981604202759467,0.3139602324726747,-3.309799968223315,0,0.0
-0.6711581715820225,0.3139602324726747,-3.309799968223315,0,0.0
-0.10686157333798077,0.3139602324726747,-3.309799968223315,0,0.0
-0.002559897981964047,0.3139602324726747,-3.309799968223315,0,0.0
0.6759598870202346,0.38292425163947036,-3.309799968223315,1,0.07935486592921172
1.4578485843821107,0.40100359217757464,-3.309799968223315,1,0.28480219311052996
1.2492166326711462,0.40838307048218886,-3.309799968223315,1,0.2261409816128084
0.8621033833402071,0.4129384321210033,-3.259893797717684,1,0.1222938928628742
1.4652242996655638,0.41944419096934193,-3.259893797717684,1,0.2842305088338485
1.6535021868508615,0.4663908479792194,-3.259893797717684,1,0.3185777394227016
-0.012196114662735279,0.4663908479792194,-3.2321069573600463,1,0.0
0.12735629896112252,0.4663908479792194,-3.1432150407823816,1,0.0
-0.15231098073297364,0.4663908479792194,-3.120482037762164,1,0.0
0.268707797841686,0.4663908479792194,-3.116980447176472,1,0.0
0.10959752567707201,0.4663908479792194,-3.116980447176472,1,0.0
-0.8880528696189348,0.4663908479792194,-3.116980447176472,1,0.0
-0.22507520512858628,0.4663908479792194,-3.116980447176472,1,0.0
-0.7960896961168751,0.4663908479792194,-3.116980447176472,1,0.0
-0.9203145950862154,0.4663908479792194,-3.116980447176472,1,0.0
-0.844034634539508,0.4663908479792194,-3.077282150374978,0,0.0
-0.3589449011858663,0.4663908479792194,-3.071404885977394,0,0.0
-1.0182036984140814,0.4663908479792194,-3.0664114005768695,0,0.0
-0.1564609983889765,0.4663908479792194,-3.000639414354569,0,0.0
0.4128359522514978,0.4663908479792194,-2.966779933293476,0,0.0
-0.20338544573939912,0.4663908479792194,-2.966779933293476,0,0.0
0.5027660702733375,0.49307215355664563,-2.966779933293476,1,0.002801829810452192
-0.7350746985234127,0.49307215355664563,-2.966779933293476,1,0.0
-0.3270432594067775,0.49307215355664563,-2.966779933293476,1,0.0
-1.4640498395989405,0.49307215355664563,-2.966779933293476,1,0.0
-0.7446205873088376,0.49307215355664563,-2.966779933293476,1,0.0
-0.2497112419330857,0.49307215355664563,-2.966779933293476,1,0.0
-1.4269589611102511,0.49307215355664563,-2.966779933293476,1,0.0
-0.6779482841931008,0.49307215355664563,-2.966779933293476,1,0.0
-1.0613130545422338,0.49307215355664563,-2.966779933293476,1,0.0
-1.960528335324932,0.49307215355664563,-2.966779933293476,1,0.0
-1.9691328520896672,0.49307215355664563,-2.966779933293476,0,0.0
-1.2470245640376858,0.49307215355664563,-2.966779933293476,0,0.0
-1.107288112858803,0.4674679498366296,-2.966779933293476,0,0.0
-1.591453445654795,0.4674679498366296,-2.966779933293476,0,0.0
-1.4978492025994214,0.4674679498366296,-2.966779933293476,0,0.0
-2.551510838992285,0.4674679498366296,-2.966779933293476,0,0.0
-1.1203907937702053,0.41944419096934193,-2.966779933293476,0,0.0
-1.7695164864802204,0.4130067567289996,-2.966779933293476,0,0.0
-1.80489568272222,0.41276762764350144,-2.966779933293476,0,0.0
-1.9173956341991922,0.41276762764350144,-2.966779933293476,0,0.0
-1.2387760671207015,0.40838307048218886,-2.966779933293476,0,0.0
-0.6463164435149565,0.40100359217757464,-2.966779933293476,0,0.0
-0.7281050360509738,0.3158839474855458,-2.966779933293476,0,0.0
-0.8523740763299323,0.2724881490364078,-2.966779933293476,0,0.0
-0.4536131222643528,0.2620580771246795,-2.966779933293476,0,0.0
-0.46892035700637047,0.21606246372719629,-2.966779933293476,0,0.0
-0.6620023283391001,0.15536134040132601,-2.966779933293476,0,0.0
-0.5890426169657317,0.12953821871700352,-2.966779933293476,0,0.0
0.10729424725163557,0.12953821871700352,-2.966779933293476,0,0.0
-0.7525092859361157,0.12953821871700352,-2.966779933293476,0,0.0
-0.5488645857852719,0.11262525294887964,-2.966779933293476,0,0.0
-0.642858267163092,0.10973662011522786,-2.966779933293476,0,0.0
-0.9177365411978925,0.10973662011522786,-2.966779933293476,0,0.0
-1.5224531927148892,0.10973662011522786,-2.966779933293476,0,0.0
-0.8812392291915303,0.10973662011522786,-2.966779933293476,0,0.0
-0.2781442805610878,0.10973662011522786,-2.966779933293476,0,0.0
0.007138274901998013,0.10973662011522786,-2.966779933293476,0,0.0
-0.13882592839951258,0.10973662011522786,-2.966779933293476,0,0.0
-0.5343657849471127,0.10973662011522786,-2.966779933293476,0,0.0
-0.6670716771715417,0.10973662011522786,-2.966779933293476,0,0.0
-0.5254511328052537,0.10973662011522786,-2.966779933293476,0,0.0
-0.8528600464984191,0.10973662011522786,-2.966779933293476,0,0.0
-1.1940253006421642,0.10973662011522786,-2.966779933293476,0,0.0
-0.414527754803596,0.10973662011522786,-2.966779933293476,0,0.0
-0.3617917431521986,0.10973662011522786,-2.966779933293476,0,0.0
-0.5672455975771836,0.10973662011522786,-2.966779933293476,0,0.0
-0.04491319546001498,0.10973662011522786,-2.966779933293476,0,0.0
-0.32847576189163796,0.10973662011522786,-2.966779933293476,0,0.0
-1.1800059566143049,0.10973662011522786,-2.966779933293476,0,0.0
-1.2552085006850509,0.10973662011522786,-2.966779933293476,0,0.0
-1.1780681143744287,0.10973662011522786,-2.966779933293476,0,0.0
-1.2406820231814513,0.10973662011522786,-2.966779933293476,0,0.0
-1.077720522860289,0.10973662011522786,-2.966779933293476,0,0.0
-1.3226097976944693,0.10973662011522786,-2.966779933293476,0,0.0
-1.4355600402344781,0.10973662011522786,-2.9611908957052173,0,0.0
-1.7215281934213014,0.10973662011522786,-2.9611908957052173,0,0.0
-0.7201973896304947,0.10973662011522786,-2.9611908957052173,0,0.0
-1.7996150477490187,0.10973662011522786,-2.9611908957052173,0,0.0
-1.337317502192339,0.10973662011522786,-2.9611908957052173,0,0.0
-1.2776906408333697,0.10973662011522786,-2.9611908957052173,0,0.0
-0.7335220046820622,0.10973662011522786,-2.9611908957052173,0,0.0
-0.4606087750335107,0.10973662011522786,-2.9611908957052173,0,0.0
-0.4391757058155394,0.10973662011522786,-2.9611908957052173,0,0.0
-1.0446868979652608,0.10973662011522786,-2.9611908957052173,0,0.0
-1.0770996653635547,0.10973662011522786,-2.9611908957052173,0,0.0
-1.2154017893035696,0.10973662011522786,-2.9611908957052173,0,0.0
-1.3864828072627025,0.10973662011522786,-2.9611908957052173,0,0.0
-0.40875219602724,0.10973662011522786,-2.9611908957052173,0,0.0
-0.8159444338649684,0.10973662011522786,-2.9611908957052173,0,0.0
-0.7151335361824714,0.10973662011522786,-2.9611908957052173,0,0.0
-0.49130721937339306,0.10973662011522786,-2.9611908957052173,0,0.0
0.16667720726799184,0.11262525294887964,-2.9611908957052173,1,0.01758464127491146
0.4324129202719776,0.11262525294887964,-2.9611908957052173,1,0.10403604244942248
1.1084463173445223,0.12953821871700352,-2.9611908957052173,1,0.31672400342678214
1.3786408367833545,0.15092566759473955,-2.9611908957052173,1,0.39449523956352
0.9229806459677817,0.1711128800745783,-2.9611908957052173,1,0.24003666940190813
0.38050111006174525,0.2168013215846414,-2.9611908957052173,1,0.05151044347638599
1.0876628688191599,0.2724881490364078,-2.9611908957052173,1,0.2520889391012167
1.0693401575413093,0.3139102898161893,-2.9611908957052173,1,0.23065848196224606
0.864512949067468,0.38247476773110173,-2.9611908957052173,1,0.14416458756853423
0.8990927543125187,0.40100359217757464,-2.9611908957052173,1,0.14814406600511557
0.7431610484395162,0.40838307048218886,-2.9611908957052173,1,0.09935320646370047
-1.505745400491172,0.40838307048218886,-2.9611908957052173,1,0.0
-0.8460321794388699,0.40838307048218886,-2.9611908957052173,1,0.0
-0.5842189564004532,0.40838307048218886,-2.9611908957052173,1,0.0
-0.3578565365048274,0.40838307048218886,-2.906547113106353,1,0.0
-0.0877578508869949,0.40838307048218886,-2.906547113106353,1,0.0
-0.9403029210239088,0.40838307048218886,-2.906547113106353,1,0.0
-0.7616010814573545,0.40838307048218886,-2.906547113106353,1,0.0
-0.6117721861144487,0.40838307048218886,-2.906547113106353,1,0.0
-0.4972704097469059,0.40838307048218886,-2.906547113106353,1,0.0
-1.9137385719153146,0.40838307048218886,-2.906547113106353,0,0.0
-1.6491125505708786,0.40838307048218886,-2.906547113106353,0,0.0
-1.9061528491095916,0.40838307048218886,-2.906547113106353,0,0.0
-1.0903730210043747,0.40838307048218886,-2.906547113106353,0,0.0
-1.7552923217383252,0.40838307048218886,-2.906547113106353,0,0.0
-0.7960732629616144,0.40838307048218886,-2.906547113106353,0,0.0
-0.9851112522133582,0.40838307048218886,-2.906547113106353,0,0.0
-1.3037481027925044,0.40838307048218886,-2.906547113106353,0,0.0
-0.06385169516483272,0.40838307048218886,-2.906547113106353,0,0.0
0.04640344582415673,0.40838307048218886,-2.906547113106353,0,0.0
0.5102947583961785,0.41276762764350144,-2.906547113106353,1,0.02938170627671334
1.4920344060513873,0.41479364905354565,-2.906547113106353,1,0.3243391251120231
-0.20864180361834034,0.41479364905354565,-2.906547113106353,1,0.0
-0.2743191036764074,0.41479364905354565,-2.906547113106353,1,0.0
0.6290640499285727,0.43552622189025697,-2.906547113106353,1,0.05790950964830101
0.5045717789476344,0.4674679498366296,-2.906547113106353,1,0.010996936415168522
1.9444753538344675,0.5029466411407673,-2.906547113106353,1,0.4227984611785912
1.1885844551315743,0.5051440768924887,-2.906547113106353,1,0.2003230480655893
1.0978093764705554,0.5203841458900167,-2.906547113106353,1,0.16849629798224977
1.1292652966971386,0.6129761749939666,-2.906547113106353,1,0.14669291248868016
0.6817522337923918,0.6310364106246523,-2.906547113106353,1,0.014336289963904713
1.5641925706022555,0.6515048799024565,-2.906547113106353,1,0.2565133091065371
-0.18608227356971377,0.6515048799024565,-2.906547113106353,1,0.0
0.4649778270383124,0.6515048799024565,-2.906547113106353,1,0.0
1.002088447348799,0.6765391216974502,-2.906547113106353,1,0.0908572399093193
1.2045443265655624,0.687893115257104,-2.906547113106353,1,0.14373620883485633
0.46109451426441644,0.687893115257104,-2.906547113106353,1,0.0
-0.13864338878005858,0.687893115257104,-2.906547113106353,1,0.0
-0.9722639485258774,0.6765391216974502,-2.906547113106353,1,0.0
-1.143608808607354,0.6515048799024565,-2.906547113106353,1,0.0
-0.9097462738389562,0.6515048799024565,-2.906547113106353,1,0.0
-1.300694005856022,0.6515048799024565,-2.906547113106353,1,0.0
-0.23039429178253698,0.6310364106246523,-2.906547113106353,1,0.0
0.41533318514248585,0.6129761749939666,-2.906547113106353,1,0.0
-0.5028084297580566,0.6129761749939666,-2.906547113106353,1,0.0
-0.09336006553134737,0.5203841458900167,-2.906547113106353,0,0.0
-0.7994158710182208,0.5203841458900167,-2.906547113106353,0,0.0
0.32335958798998454,0.5203841458900167,-2.906547113106353,0,0.0
0.18090634117633256,0.5203841458900167,-2.906547113106353,0,0.0
0.3386166415176904,0.5203841458900167,-2.906547113106353,0,0.0
0.9924422158893887,0.6129761749939666,-2.906547113106353,1,0.10781745419284917
0.8341546182236019,0.6337536336377386,-2.906547113106353,1,0.05660563859445164
0.8695851058324298,0.6765391216974502,-2.906547113106353,1,0.05387701313461411
0.2976746428443844,0.6765391216974502,-2.906547113106353,1,0.0
0.2341546771771403,0.6765391216974502,-2.906547113106353,1,0.0
-0.03688306789072659,0.6765391216974502,-2.906547113106353,1,0.0
-0.11716989488438874,0.6765391216974502,-2.906547113106353,1,0.0
0.09855912959517597,0.6765391216974502,-2.906547113106353,1,0.0
0.1215075459942657,0.6765391216974502,-2.906547113106353,1,0.0
-0.27217315482491594,0.6765391216974502,-2.906547113106353,1,0.0
0.2006145459963274,0.6765391216974502,-2.8869294651401045,1,0.0
0.08827049787625077,0.6765391216974502,-2.8869294651401045,1,0.0
0.734707566263431,0.6870477670394954,-2.8869294651401045,1,0.013335227430889404
0.42598707990053253,0.6870477670394954,-2.8869294651401045,1,0.0
-0.3659872277123976,0.6870477670394954,-2.8869294651401045,1,0.0
0.6233780032999772,0.6870477670394954,-2.8869294651401045,1,0.0
-1.0528863878251926,0.6870477670394954,-2.8869294651401045,1,0.0
-0.049887570482913944,0.6870477670394954,-2.8869294651401045,1,0.0
-0.5170534651259071,0.6870477670394954,-2.8869294651401045,1,0.0
-0.21948235384073703,0.6870477670394954,-2.7263962395065366,1,0.0
0.0007939066421740644,0.6870477670394954,-2.6699091390169896,1,0.0
-0.3533807406547973,0.6870477670394954,-2.6301592601573494,1,0.0
-0.17577688556040463,0.6870477670394954,-2.6096181256819677,0,0.0
-0.6770878846875109,0.6870477670394954,-2.557137081969155,0,0.0
-0.258714203879244,0.6870477670394954,-2.5505304555632144,0,0.0
-0.4511303819625545,0.6870477670394954,-2.4363423015658574,0,0.0
-0.8525956308621256,0.6870477670394954,-2.3274970792652794,0,0.0
-0.37295935528537677,0.6870477670394954,-2.3031763481081335,0,0.0
-1.8541979278032021,0.6870477670394954,-2.3031763481081335,0,0.0
-1.7041497703682797,0.6870477670394954,-2.280853508382785,0,0.0
-2.1786519749120132,0.6870477670394954,-2.264470468865792,0,0.0
-1.1414362523144692,0.6870477670394954,-2.187077479198148,0,0.0
-0.7715996451052044,0.6870477670394954,-2.172147611536929,0,0.0
-1.4805671809327106,0.6870477670394954,-2.1561627929153007,0,0.0
-1.4373126019400675,0.6870477670394954,-2.1171777682570148,0,0.0
-1.9217525815531102,0.6870477670394954,-2.1171777682570148,0,0.0
-2.010446000889913,0.6870477670394954,-2.1171777682570148,0,0.0
-1.6373613282147177,0.6870477670394954,-2.1171777682570148,0,0.0
-1.2245419895240417,0.6870477670394954,-2.1171777682570148,0,0.0
-1.3584333671220317,0.6870477670394954,-2.1171777682570148,0,0.0
-0.6707664837961381,0.6870477670394954,-2.1171777682570148,0,0.0
0.06712384759177059,0.6870477670394954,-2.1171777682570148,0,0.0
0.040297785938006356,0.6870477670394954,-2.1171777682570148,0,0.0
0.7937561921659787,0.7355529144810395,-2.1171777682570148,1,0.020402654213777932
0.26073344723241026,0.7355529144810395,-2.051668819856451,1,0.0
-0.24318643818228816,0.7355529144810395,-2.01390737735525,1,0.0
-0.6115854149611125,0.7355529144810395,-1.9732641669696918,1,0.0
-0.9532647545080225,0.7355529144810395,-1.9613887870014055,1,0.0
-1.8183564299200736,0.7355529144810395,-1.9348939515892283,1,0.0
-2.240581096911958,0.7355529144810395,-1.9348939515892283,-1,0.11447040913140051
-2.8113968287997486,0.7355529144810395,-1.9348939515892283,-1,0.3282232978858516
-2.2409801459392806,0.7355529144810395,-1.9348939515892283,-1,0.1146198406862435
-4.096387531359285,0.7355529144810395,-1.9348939515892283,-1,0.8094126894016173
-2.352260462456992,0.7355529144810395,-1.9348939515892283,-1,0.15629088755543938
-0.9079038376666461,0.7355529144810395,-1.9227818920707698,-1,0.0
-0.406073681116126,0.7355529144810395,-1.917831328934584,-1,0.0
-0.25063717679702957,0.7355529144810395,-1.917831328934584,-1,0.0
0.4931588746337893,0.7355529144810395,-1.917831328934584,-1,0.0
-0.11974330592154456,0.7355529144810395,-1.917831328934584,-1,0.0
-0.4379053257326684,0.7355529144810395,-1.9141042781437023,-1,0.0
0.014896193761170627,0.7355529144810395,-1.906911421390164,-1,0.0
-0.40799251941990233,0.7355529144810395,-1.8897787777748523,-1,0.0
-0.4535448878840356,0.7355529144810395,-1.8575740786744255,-1,0.0
-0.30002146721453016,0.7355529144810395,-1.8219405797083863,0,0.0
-0.6826865568225573,0.7355529144810395,-1.8219405797083863,0,0.0
-0.909979911079954,0.7355529144810395,-1.8062417574420053,0,0.0
-0.9342932269643832,0.7355529144810395,-1.8001431112463389,0,0.0
-0.7705888433817571,0.7355529144810395,-1.7725263426071003,0,0.0
-0.7018480730533816,0.7355529144810395,-1.7725263426071003,0,0.0
-0.6138330373159433,0.7355529144810395,-1.7567147382125146,0,0.0
-0.6409016371714173,0.7355529144810395,-1.735086009782018,0,0.0
-0.2650361077221145,0.7355529144810395,-1.7226594604800807,0,0.0
-0.40861159581598666,0.7355529144810395,-1.7058876126735818,0,0.0
0.7680471717044394,0.7456496607660085,-1.6546162725506186,1,0.009331262268711442
0.5665163180216063,0.7456496607660085,-1.6546162725506186,1,0.0
0.6268733209498455,0.7456496607660085,-1.6546162725506186,1,0.0
-0.03980222412105929,0.7456496607660085,-1.6546162725506186,1,0.0
0.25327497679632777,0.7456496607660085,-1.6546162725506186,1,0.0
0.7672702276246389,0.7673479220326189,-1.6546162725506186,1,0.0
0.3359568938041208,0.7673479220326189,-1.6546162725506186,1,0.0
0.4383047374350928,0.7673479220326189,-1.6546162725506186,1,0.0
0.15267429710182354,0.7673479220326189,-1.6385364504503337,1,0.0
0.8846645622031344,0.7706180737505931,-1.5960442339107872,1,0.04818874584825599
0.33482501931846226,0.7706180737505931,-1.5960442339107872,1,0.0
0.09642846537473346,0.7706180737505931,-1.568687510977109,1,0.0
-0.050291793423088135,0.7706180737505931,-1.568687510977109,1,0.0
0.0392006317218541,0.7706180737505931,-1.5293532180088796,1,0.0
-0.19766706004380377,0.7706180737505931,-1.5293532180088796,1,0.0
-0.30393518065753866,0.7706180737505931,-1.5293532180088796,1,0.0
-0.2948844306388855,0.7706180737505931,-1.5293532180088796,1,0.0
-0.2529358722247428,0.7706180737505931,-1.5293532180088796,1,0.0
0.3372163389788412,0.7706180737505931,-1.5293532180088796,1,0.0
0.18693088924614887,0.7706180737505931,-1.5293532180088796,0,0.0
0.6260051172017513,0.7706180737505931,-1.5293532180088796,0,0.0
-0.29986040978023776,0.7706180737505931,-1.5293532180088796,0,0.0
-0.14507127515821508,0.7706180737505931,-1.5293532180088796,0,0.0
0.20230708720474547,0.7706180737505931,-1.5293532180088796,0,0.0
-0.06948169594885838,0.7706180737505931,-1.5293532180088796,0,0.0
-0.3008060949113193,0.7706180737505931,-1.5293532180088796,0,0.0
-0.6197832582666832,0.7673479220326189,-1.5293532180088796,0,0.0
-0.726501473948082,0.7455719663580284,-1.5293532180088796,0,0.0
-0.3918988041804866,0.7355529144810395,-1.5293532180088796,0,0.0
-0.3794884997541652,0.6870477670394954,-1.5293532180088796,0,0.0
0.25066964228790933,0.6343328683149543,-1.5293532180088796,0,0.0
-0.44860411775469644,0.6343328683149543,-1.5293532180088796,0,0.0
-0.4460940809742004,0.6343328683149543,-1.5293532180088796,0,0.0
-0.45350394048849885,0.6343328683149543,-1.5293532180088796,0,0.0
-0.5028189613839016,0.6343328683149543,-1.5293532180088796,0,0.0
-0.5982541174595317,0.6343328683149543,-1.5293532180088796,0,0.0
-0.8050079998986948,0.6343328683149543,-1.5293532180088796,0,0.0
-0.9157056469771253,0.6343328683149543,-1.5293532180088796,0,0.0
-1.1358753342309893,0.6343328683149543,-1.5293532180088796,0,0.0
-0.7789522532316985,0.6343328683149543,-1.5293532180088796,0,0.0
-1.1171477661565987,0.6343328683149543,-1.5293532180088796,0,0.0
-1.239999481641104,0.6343328683149543,-1.5293532180088796,0,0.0
-1.104506005529724,0.6343328683149543,-1.5293532180088796,0,0.0
-1.4736939302054024,0.6343328683149543,-1.5293532180088796,0,0.0
-1.1810815818339602,0.6343328683149543,-1.5293532180088796,0,0.0
-0.8765640720022022,0.6343328683149543,-1.5293532180088796,0,0.0
-0.8170774257198584,0.6343328683149543,-1.5293532180088796,0,0.0
-1.4987259416299281,0.6343328683149543,-1.5293532180088796,0,0.0
-0.5082177288331613,0.6343328683149543,-1.5293532180088796,0,0.0
-1.139481601314375,0.6343328683149543,-1.5293532180088796,0,0.0
-1.5590225233947654,0.6343328683149543,-1.5622656156207684,0,0.0
-0.9681425299421565,0.6343328683149543,-1.5622656156207684,0,0.0
-1.1047829689829805,0.6343328683149543,-1.5622656156207684,0,0.0
-1.5296017938518771,0.6343328683149543,-1.5622656156207684,0,0.0
-1.7020022924984683,0.6343328683149543,-1.5960442339107872,-1,0.04750679088390179
-1.7975955060157172,0.6343328683149543,-1.5960442339107872,-1,0.09036645502852302
-1.6345640465459625,0.6343328683149543,-1.5957645057439118,-1,0.01739813752232442
-1.925043694949531,0.6343328683149543,-1.6348437747128381,-1,0.12788776102043573
-1.6733520053448832,0.6343328683149543,-1.6385364504503337,-1,0.015317886781745393
-0.7747678689587892,0.6343328683149543,-1.6385364504503337,-1,0.0
-1.572999909264822,0.6343328683149543,-1.6385364504503337,-1,0.0
-1.2906948818010282,0.6343328683149543,-1.6348437747128381,-1,0.0
-1.2578186889441278,0.6343328683149543,-1.6348437747128381,-1,0.0
-1.1205684183972209,0.6343328683149543,-1.5791563229929357,-1,0.0
-1.7578566411785217,0.6343328683149543,-1.5791563229929357,-1,0.08073241057029822
-1.5858834802177846,0.6343328683149543,-1.574288266360118,-1,0.00524997867475915
-0.16448251422602225,0.6343328683149543,-1.574288266360118,-1,0.0
-0.5835653278918163,0.6343328683149543,-1.574288266360118,-1,0.0
-0.37306102171412014,0.6343328683149543,-1.574288266360118,-1,0.0
0.14986978133186427,0.6343328683149543,-1.574288266360118,-1,0.0
0.21620717972907824,0.6343328683149543,-1.574288266360118,-1,0.0
0.37126517722317454,0.6343328683149543,-1.574288266360118,-1,0.0
0.683236109652774,0.68190062137843,-1.574288266360118,1,0.0005919221930406043
0.41448022127118017,0.68190062137843,-1.574288266360118,1,0.0
0.5514495575347879,0.68190062137843,-1.574288266360118,1,0.0
-0.1827089799335824,0.68190062137843,-1.574288266360118,1,0.0
-1.2211161742787437,0.68190062137843,-1.574288266360118,1,0.0
-0.4727241991859371,0.68190062137843,-1.574288266360118,1,0.0
-0.3476050941622225,0.68190062137843,-1.574288266360118,1,0.0
-0.09972434232001626,0.68190062137843,-1.574288266360118,1,0.0
-0.19187738207547644,0.68190062137843,-1.574288266360118,1,0.0
-0.22979357731892777,0.68190062137843,-1.574288266360118,1,0.0
-0.7719775732696534,0.68190062137843,-1.574288266360118,0,0.0
-0.9184617716588876,0.68190062137843,-1.574288266360118,0,0.0
-1.4104156177292866,0.68190062137843,-1.574288266360118,0,0.0
-1.166858577850861,0.68190062137843,-1.574288266360118,0,0.0
-1.4751277256867172,0.68190062137843,-1.574288266360118,0,0.0
-1.3773357168000895,0.68190062137843,-1.574288266360118,0,0.0
-2.8162882995726997,0.68190062137843,-1.5907515368506022,-1,0.5392539981468606
-1.4350687354742326,0.68190062137843,-1.5907515368506022,-1,0.0
-2.6401396991107755,0.68190062137843,-1.6348437747128381,-1,0.4339261275840521
-1.8622549148191434,0.68190062137843,-1.6385364504503337,-1,0.0964122091845803
-1.4236238512670127,0.68190062137843,-1.6385364504503337,-1,0.0
-1.4500743999310015,0.68190062137843,-1.6385364504503337,-1,0.0
-1.8352033080961234,0.68190062137843,-1.651536496048279,-1,0.0787108470488334
-1.452567283695322,0.68190062137843,-1.651536496048279,-1,0.0
-1.8299313177132925,0.68190062137843,-1.6762170340602416,-1,0.06518516296187778
-2.1532246264113097,0.68190062137843,-1.7022170402854495,-1,0.18917169793167898
-2.209032306223829,0.68190062137843,-1.7058876126735818,-1,0.21071579396152076
-2.578975665646825,0.68190062137843,-1.7249046062530036,-1,0.3548567410393749
-1.8809298325910195,0.68190062137843,-1.7555487536823449,-1,0.051439459703875264
-1.7098929611786866,0.68190062137843,-1.7555487536823449,-1,0.0
-1.7446374304779648,0.68190062137843,-1.7555487536823449,-1,0.0
-0.4516986672084537,0.68190062137843,-1.7457029196040008,-1,0.0
-0.9929638807863179,0.68190062137843,-1.7457029196040008,-1,0.0
-0.5157092536938492,0.68190062137843,-1.7457029196040008,-1,0.0
-0.23246351145935296,0.68190062137843,-1.7457029196040008,-1,0.0
-1.1236497176769837,0.68190062137843,-1.7457029196040008,-1,0.0
-1.5214778971705816,0.68190062137843,-1.7457029196040008,-1,0.0
-2.072808616631177,0.68190062137843,-1.7555487536823449,-1,0.13016059582403497
-1.585585675532902,0.68190062137843,-1.7555487536823449,-1,0.0
-0.9257834626055782,0.68190062137843,-1.7555487536823449,-1,0.0
-1.5285692223047123,0.68190062137843,-1.7555487536823449,-1,0.0
-2.4917996006926675,0.68190062137843,-1.7618305276622412,-1,0.29871087632409493
-3.2114763804323543,0.68190062137843,-1.7996715984061527,-1,0.5689154523775077
-1.9926086839748975,0.68190062137843,-1.8195139186993954,-1,0.06919875234678884
-2.3792240553095456,0.68190062137843,-1.8304585167515757,-1,0.21842639064987582
-1.7826327232419328,0.68190062137843,-1.8304585167515757,-1,0.0
-1.8947876794368248,0.68190062137843,-1.8371027700668312,-1,0.022899893491964404
-2.0591739522385115,0.6343328683149543,-1.8550036265047962,-1,0.08201796991229947
-1.4031258519947074,0.6270923938477182,-1.8550036265047962,-1,0.0
-1.1081292363851991,0.6260919375765608,-1.8550036265047962,-1,0.0
-0.745574638688955,0.6260919375765608,-1.8550036265047962,-1,0.0
0.3417027179323221,0.6236407146901546,-1.8550036265047962,-1,0.0
1.4555282240196639,0.6236407146901546,-1.8550036265047962,1,0.3356219750867757
1.2268260857142723,0.6236407146901546,-1.8550036265047962,1,0.24335293329470697
0.7729238840506888,0.6236407146901546,-1.8550036265047962,1,0.06022774904791908
0.4919787593816849,0.5722024865494431,-1.8550036265047962,1,0.0
0.8391405667155817,0.6236407146901546,-1.8550036265047962,1,0.08694262764682688
-1.5856729232308162,0.6236407146901546,-1.8550036265047962,1,0.0
-2.666368346427622,0.6236407146901546,-1.8641224065963309,-1,0.3224768198253656
-2.159984849571339,0.6236407146901546,-1.8823156172756,-1,0.1108036994714614
-2.1269384256630492,0.6236407146901546,-1.8959241964041014,-1,0.09168814355277617
-1.97098228372153,0.6236407146901546,-1.906911421390164,-1,0.02531892602323866
-2.117858891923385,0.6236407146901546,-1.9145399728790942,-1,0.08010419433102067
-2.3092822277597835,0.6236407146901546,-1.9220816928927522,-1,0.15209849028066952
-1.5881346273570451,0.6236407146901546,-1.9220816928927522,-1,0.0
-1.1730572453679384,0.6236407146901546,-1.9220816928927522,-1,0.0
-2.3828969106110267,0.6236407146901546,-1.929637553826731,-1,0.17752054774961093
-3.091509251893912,0.6236407146901546,-1.9731449237468668,-1,0.4306725636468696
-2.84310164032848,0.6236407146901546,-1.994392415666399,-1,0.32417818354594086
-3.502990175185274,0.6236407146901546,-2.015318796024773,-1,0.5637340675823677
-2.9164983112428904,0.6236407146901546,-2.060537418677778,-1,0.3188912397148204
-3.0339680608718815,0.6236407146901546,-2.0773136441603977,-1,0.35419125598205525
-2.483284644449706,0.6236407146901546,-2.118766845297351,-1,0.1329189010673583
-3.118266967255034,0.6236407146901546,-2.129567045737875,-1,0.3591083592483591
-1.9069906366652574,0.6236407146901546,-2.129567045737875,-1,0.0
-1.79305888752213,0.6236407146901546,-2.129567045737875,-1,0.0
-1.3368423600321129,0.5722024865494431,-2.129567045737875,-1,0.0
-1.591624770826499,0.5722024865494431,-2.129567045737875,-1,0.0
-0.9657952160304459,0.5722024865494431,-2.129567045737875,-1,0.0
-1.846015073317038,0.5529562335834696,-2.129567045737875,-1,0.0
-0.5387857602502316,0.5529562335834696,-2.129567045737875,-1,0.0
-1.4145597667398357,0.49898794292388887,-2.129567045737875,-1,0.0
-1.7256043453612617,0.49209677090689535,-2.129567045737875,-1,0.0
-1.1972074403278214,0.46767792027264954,-2.129567045737875,0,0.0
-0.5374202747136448,0.461482845541806,-2.129567045737875,0,0.0
-0.810829115293556,0.440583715118025,-2.129567045737875,0,0.0
-0.9211284244797096,0.4272188456539885,-2.129567045737875,0,0.0
-1.1036770375496676,0.4272188456539885,-2.129567045737875,0,0.0
-0.9798603242380053,0.41639857461829044,-2.129567045737875,0,0.0
-1.2322845406897214,0.41456551765831073,-2.129567045737875,0,0.0
-0.9446626636255306,0.37558668162797487,-2.129567045737875,0,0.0
-1.104879260865549,0.34465896386140715,-2.129567045737875,0,0.0
-1.18992651560467,0.34465896386140715,-2.129567045737875,0,0.0
-0.8258617941225695,0.34465896386140715,-2.129567045737875,0,0.0
-1.1038314887618874,0.34465896386140715,-2.129567045737875,0,0.0
-1.1513341485213753,0.34465896386140715,-2.129567045737875,0,0.0
-1.7867064406930162,0.34465896386140715,-2.129567045737875,0,0.0
-1.9896598417748004,0.34465896386140715,-2.129567045737875,0,0.0
-1.753672200798581,0.33892524915915356,-2.129567045737875,0,0.0
-0.8606168819202606,0.33892524915915356,-2.129567045737875,0,0.0
-1.6115488349034814,0.33892524915915356,-2.129567045737875,0,0.0
-1.647858282492309,0.33892524915915356,-2.129567045737875,0,0.0
-2.0958856869587272,0.33892524915915356,-2.129567045737875,0,0.0
-1.3854039154635787,0.33892524915915356,-2.129567045737875,0,0.0
-1.4620500496666082,0.3376649768741892,-2.129567045737875,0,0.0
-0.9754099433482427,0.33608283832159286,-2.129567045737875,0,0.0
-1.4893296580247295,0.3349382067670281,-2.129567045737875,0,0.0
-1.11819202062578,0.30138968049179193,-2.129567045737875,0,0.0
-1.4966176288960846,0.26814260444101506,-2.129567045737875,0,0.0
-1.91279305793036,0.26814260444101506,-2.129567045737875,0,0.0
-0.8988701904673438,0.26814260444101506,-2.129567045737875,0,0.0
-1.2209733924767656,0.26814260444101506,-2.129567045737875,0,0.0
-2.074699904635827,0.26814260444101506,-2.129567045737875,0,0.0
-1.132931039057526,0.26814260444101506,-2.129567045737875,0,0.0
-1.039952441792625,0.26814260444101506,-2.129567045737875,0,0.0
-0.003703586129998693,0.26814260444101506,-2.129567045737875,0,0.0
0.728560961468817,0.3349382067670281,-2.129567045737875,1,0.15971674408148
1.0620827234877779,0.3349382067670281,-2.129567045737875,1,0.2950468520940201
1.1259351112599405,0.3349382067670281,-2.129567045737875,1,0.3209556578095947
1.4897834690284963,0.33608283832159286,-2.129567045737875,1,0.4679093484300539
1.6878950125999341,0.33608283832159286,-2.129567045737875,1,0.5482579595010082
1.1088879098101394,0.3376649768741892,-2.129567045737875,1,0.31258630151835276
1.3431846256758881,0.34465896386140715,-2.129567045737875,1,0.40357091791149635
1.7550466142137433,0.37558668162797487,-2.129567045737875,1,0.550648815486569
1.3513975224956736,0.4168626728875713,-2.129567045737875,1,0.36699809257353505
1.4843217532957778,0.4436721396297517,-2.129567045737875,1,0.4044123140917246
1.0213049684538895,0.49209677090689535,-2.129567045737875,1,0.2018596717806022
1.2868323530441,0.49898794292388887,-2.129567045737875,1,0.2997252914694831
0.3034799148199876,0.49898794292388887,-2.129567045737875,1,0.0
0.15481842001384608,0.49898794292388887,-2.129567045737875,1,0.0
-0.2140561301231802,0.49898794292388887,-2.129567045737875,1,0.0
-0.605349836803167,0.49898794292388887,-2.129567045737875,1,0.0
-1.0803310684677747,0.49898794292388887,-2.129567045737875,1,0.0
-1.122808222455712,0.49898794292388887,-2.129567045737875,1,0.0
-2.59650441806868,0.49898794292388887,-2.1539006487273125,-1,0.16683843065791307
-1.5852658300588245,0.49898794292388887,-2.129567045737875,-1,0.0
-1.354647942896632,0.49898794292388887,-2.129567045737875,-1,0.0
-2.7911616399110972,0.49898794292388887,-2.1539006487273125,-1,0.24021400415731106
-1.4170883899066935,0.49898794292388887,-2.1539006487273125,-1,0.0
-1.524637016285489,0.49898794292388887,-2.1539006487273125,-1,0.0
-0.24184372755001818,0.49898794292388887,-2.1539006487273125,-1,0.0
-0.360657887313367,0.49898794292388887,-2.1539006487273125,-1,0.0
-0.35791861404727077,0.49898794292388887,-2.1539006487273125,-1,0.0
-0.32098833133865545,0.49898794292388887,-2.1539006487273125,-1,0.0
0.29811464531177156,0.49898794292388887,-2.1539006487273125,-1,0.0
-0.15604022343293864,0.49898794292388887,-2.1539006487273125,-1,0.0
-0.033482825286138676,0.49898794292388887,-2.1539006487273125,-1,0.0
-0.47598693097552114,0.49898794292388887,-2.1539006487273125,0,0.0
-0.5159201079561483,0.49209677090689535,-2.1539006487273125,0,0.0
-0.26028317426194475,0.49209677090689535,-2.1539006487273125,0,0.0
-0.21635731902775837,0.49209677090689535,-2.1539006487273125,0,0.0
-0.7437486876991137,0.49209677090689535,-2.1539006487273125,0,0.0
-0.6322482857262325,0.49209677090689535,-2.1539006487273125,0,0.0
-1.4941004385662342,0.49209677090689535,-2.1539006487273125,0,0.0
-1.3342355575788902,0.49209677090689535,-2.129567045737875,0,0.0
-0.9604656979385725,0.49209677090689535,-2.118766845297351,0,0.0
-1.026535251613818,0.49209677090689535,-2.098083007455193,0,0.0
-0.3890790380990922,0.49209677090689535,-2.076818482868117,0,0.0
-1.5083746041527102,0.49209677090689535,-2.072997745431642,0,0.0
-1.6738549636513962,0.49209677090689535,-2.072997745431642,0,0.0
-1.8362462265549258,0.49209677090689535,-2.072997745431642,0,0.0
-1.3512556263447162,0.49209677090689535,-2.072997745431642,0,0.0
-0.6236328315634921,0.4436721396297517,-2.072997745431642,0,0.0
0.8112295868287697,0.49792583919699485,-2.072997745431642,1,0.12186427846591585
0.5338725123958399,0.5356302169097346,-2.072997745431642,1,0.0
0.4105635078655051,0.5356302169097346,-2.072997745431642,1,0.0
0.2934889071439708,0.5356302169097346,-2.072997745431642,1,0.0
-0.48673125926953326,0.5356302169097346,-2.072997745431642,1,0.0
-0.2111287480802558,0.5356302169097346,-2.072997745431642,1,0.0
0.21568047289179684,0.5356302169097346,-2.072997745431642,1,0.0
0.24407006156991634,0.5356302169097346,-2.072997745431642,1,0.0
-0.334779758268477,0.5356302169097346,-2.072997745431642,1,0.0
0.20926668505014764,0.5356302169097346,-2.072997745431642,1,0.0
0.050501273498894675,0.5356302169097346,-2.072997745431642,0,0.0
-0.3934828200274704,0.5356302169097346,-2.072997745431642,0,0.0
-2.0887301225849955,0.5356302169097346,-2.076102926430744,-1,0.004834795693598752
-1.1650203569795121,0.5356302169097346,-2.076102926430744,-1,0.0
-1.6024905279944575,0.5356302169097346,-2.076102926430744,-1,0.0
-2.064521570957607,0.49616813468310017,-2.076102926430744,-1,0.0
-1.5241947075765248,0.4436721396297517,-2.076102926430744,-1,0.0
-1.6089857162877197,0.4168626728875713,-2.076102926430744,-1,0.0
-1.3200458443733887,0.4168626728875713,-2.076102926430744,-1,0.0
-1.12647963986839,0.4168626728875713,-2.076102926430744,-1,0.0
-0.9734047381037515,0.4109551792060726,-2.076102926430744,-1,0.0
1.0726607557200027,0.4168626728875713,-2.076102926430744,1,0.2630594192762849
-0.40224306922920083,0.4109551792060726,-2.076102926430744,1,0.0
-0.34881432632859416,0.4109551792060726,-2.076102926430744,1,0.0
0.73577902443502,0.4109551792060726,-2.076102926430744,1,0.13060565191168927
1.2380957744349468,0.4222300750822302,-2.076102926430744,1,0.32656403244028465
0.142381404811789,0.4222300750822302,-2.076102926430744,1,0.0
0.7916521934744644,0.49616813468310017,-2.076102926430744,1,0.11487283096184031
0.7542883457124473,0.5356302169097346,-2.076102926430744,1,0.08372146647533944
1.027361535403712,0.5589051135014838,-2.076102926430744,1,0.17778178085341895
0.798710223306563,0.6317282164468533,-2.076102926430744,1,0.06166632926832318
0.48211867595219454,0.6317282164468533,-2.076102926430744,1,0.0
0.5574174177231056,0.6317282164468533,-2.076102926430744,1,0.0
0.5682137250787765,0.6317282164468533,-2.076102926430744,1,0.0
0.9569255868778698,0.687768594834378,-2.076102926430744,1,0.09738404624549592
1.510980378785339,0.7292827677654372,-2.076102926430744,1,0.27864176132254764
1.0698588700661282,0.7376299565627626,-2.076102926430744,1,0.11807407714903984
0.9140623958741393,0.7561518995462714,-2.076102926430744,1,0.05575433922101098
0.8900362274349265,0.7747967149930662,-2.076102926430744,1,0.0404221568403954
-0.6815348992484875,0.7747967149930662,-2.076102926430744,1,0.0
-2.1740708488281504,0.7747967149930662,-2.0894456790223686,-1,0.029545393917287922
-1.5307478052481966,0.7747967149930662,-2.0894456790223686,-1,0.0
-0.3638887545527088,0.7747967149930662,-2.0894456790223686,-1,0.0
-1.2002732755385448,0.7747967149930662,-2.0894456790223686,-1,0.0
-0.0313845861272034,0.7747967149930662,-2.0894456790223686,-1,0.0
0.16356192634245792,0.7747967149930662,-2.0894456790223686,-1,0.0
-0.2511224228755336,0.7747967149930662,-2.0894456790223686,-1,0.0
0.014240659048012843,0.7747967149930662,-2.0894456790223686,-1,0.0
0.21458098400478806,0.7747967149930662,-2.0894456790223686,-1,0.0
-0.234576161167938,0.7747967149930662,-2.0894456790223686,-1,0.0
-0.793297296608251,0.7747967149930662,-2.0894456790223686,0,0.0
-0.266727493804503,0.7747967149930662,-2.0894456790223686,0,0.0
-0.31729198002146547,0.7747967149930662,-2.0894456790223686,0,0.0
-0.1470568888481559,0.7747967149930662,-2.0894456790223686,0,0.0
-1.5306922625639023,0.7747967149930662,-2.0894456790223686,0,0.0
