指标名称,大豆港口库存:合计,豆油港口库存:全国
2025-11-03,817.41 ,
2025-10-31,840.22 ,
2025-10-30,834.96 ,
2025-10-29,830.19 ,
2025-10-28,824.29 ,123.40 
2025-10-27,814.02 ,
2025-10-24,811.27 ,
2025-10-23,773.35 ,
2025-10-22,751.42 ,
2025-10-21,729.97 ,120.50 
2025-10-20,696.25 ,
2025-10-17,718.82 ,123.60 
2025-10-16,703.98 ,
2025-10-15,650.25 ,
2025-10-14,654.71 ,123.60 
2025-10-13,664.90 ,
2025-10-11,657.97 ,
2025-10-10,654.55 ,
2025-10-09,660.94 ,
2025-09-30,654.36 ,122.00 
2025-09-29,661.98 ,
2025-09-28,664.70 ,
2025-09-26,671.85 ,
2025-09-25,664.36 ,
2025-09-24,656.88 ,
2025-09-23,650.24 ,122.70 
2025-09-22,656.10 ,
2025-09-19,662.70 ,
2025-09-18,662.23 ,
2025-09-17,660.40 ,
2025-09-16,665.84 ,120.30 
2025-09-15,670.44 ,
2025-09-12,663.56 ,
2025-09-11,670.52 ,
2025-09-10,676.92 ,
2025-09-09,670.73 ,120.10 
2025-09-08,663.57 ,
2025-09-05,677.85 ,
2025-09-04,679.03 ,
2025-09-03,684.20 ,
2025-09-02,681.04 ,118.10 
2025-09-01,674.30 ,
2025-08-29,685.46 ,
2025-08-28,683.88 ,
2025-08-27,680.61 ,
2025-08-26,678.48 ,114.00 
2025-08-25,671.02 ,
2025-08-22,682.44 ,
2025-08-21,688.32 ,
2025-08-20,687.21 ,
2025-08-19,683.49 ,109.90 
2025-08-18,675.87 ,
2025-08-15,683.27 ,
2025-08-14,673.55 ,
2025-08-13,685.13 ,
2025-08-12,682.83 ,106.80 
2025-08-11,684.11 ,
2025-08-08,684.35 ,
2025-08-07,673.20 ,
2025-08-06,676.62 ,
2025-08-05,677.39 ,105.50 
2025-08-04,691.17 ,
2025-08-01,685.61 ,
2025-07-31,683.93 ,
2025-07-30,684.43 ,
2025-07-29,679.89 ,101.20 
2025-07-28,675.19 ,
2025-07-25,677.93 ,
2025-07-24,675.67 ,
2025-07-23,684.18 ,
2025-07-22,674.53 ,98.40 
2025-07-21,665.97 ,
2025-07-18,667.62 ,
2025-07-17,663.16 ,
2025-07-16,673.83 ,
2025-07-15,654.25 ,93.20 
2025-07-14,646.28 ,
2025-07-11,652.15 ,
2025-07-10,647.54 ,
2025-07-09,645.33 ,
2025-07-08,642.24 ,90.80 
2025-07-07,636.37 ,
2025-07-04,643.88 ,
2025-07-03,628.00 ,
2025-07-02,626.86 ,
2025-07-01,617.44 ,85.70 
2025-06-30,609.93 ,
2025-06-27,611.19 ,
2025-06-26,600.47 ,
2025-06-25,596.32 ,
2025-06-24,594.86 ,80.50 
2025-06-23,588.75 ,
2025-06-20,597.69 ,
2025-06-19,600.60 ,
2025-06-18,592.77 ,
2025-06-17,594.33 ,78.00 
2025-06-16,590.59 ,
2025-06-13,598.81 ,
2025-06-12,595.04 ,
2025-06-11,593.71 ,
2025-06-10,599.39 ,76.50 
2025-06-09,595.68 ,
2025-06-06,591.08 ,
2025-06-05,589.50 ,
2025-06-04,584.20 ,
2025-06-03,574.08 ,71.40 
2025-05-30,569.53 ,
2025-05-29,553.47 ,
2025-05-28,558.05 ,
2025-05-27,563.68 ,66.70 
2025-05-26,567.07 ,
2025-05-23,586.27 ,
2025-05-22,573.14 ,
2025-05-21,559.08 ,
2025-05-20,565.73 ,61.60 
2025-05-19,549.40 ,
2025-05-16,551.26 ,
2025-05-15,554.26 ,
2025-05-14,545.29 ,
2025-05-13,535.66 ,62.50 
2025-05-12,521.90 ,
2025-05-09,534.40 ,
2025-05-08,520.73 ,
2025-05-07,525.83 ,
2025-05-06,511.78 ,61.90 
2025-04-30,531.61 ,
2025-04-29,536.44 ,60.50 
2025-04-28,534.44 ,
2025-04-27,539.93 ,
2025-04-25,563.05 ,
2025-04-24,556.77 ,
2025-04-23,551.04 ,
2025-04-22,552.12 ,65.20 
2025-04-21,560.67 ,
2025-04-18,580.08 ,
2025-04-17,580.68 ,
2025-04-16,586.67 ,
2025-04-15,593.59 ,68.70 
2025-04-14,602.52 ,
2025-04-11,627.36 ,
2025-04-10,642.29 ,
2025-04-09,645.36 ,
2025-04-08,652.14 ,74.10 
2025-04-07,648.26 ,
2025-04-03,658.82 ,
2025-04-02,654.66 ,
2025-04-01,650.71 ,78.70 
2025-03-31,654.71 ,
2025-03-28,667.53 ,
2025-03-27,676.43 ,
2025-03-26,685.00 ,
2025-03-25,682.33 ,81.80 
2025-03-24,689.20 ,
2025-03-21,712.07 ,
2025-03-20,725.24 ,
2025-03-19,731.21 ,
2025-03-18,745.05 ,83.10 
2025-03-17,751.14 ,
2025-03-14,749.23 ,
2025-03-13,753.34 ,
2025-03-12,758.53 ,
2025-03-11,756.98 ,84.60 
2025-03-10,759.44 ,
2025-03-07,762.73 ,
2025-03-06,765.62 ,
2025-03-05,763.33 ,
2025-03-04,759.81 ,87.60 
2025-03-03,755.13 ,
2025-02-28,761.70 ,
2025-02-27,765.60 ,
2025-02-26,761.08 ,
2025-02-25,761.65 ,87.40 
2025-02-24,759.87 ,
2025-02-21,760.91 ,
2025-02-20,764.77 ,
2025-02-19,763.33 ,
2025-02-18,756.01 ,86.10 
2025-02-17,750.06 ,
2025-02-14,754.42 ,
2025-02-13,759.54 ,
2025-02-12,761.56 ,
2025-02-11,753.31 ,85.00 
2025-02-10,755.10 ,
2025-02-08,762.64 ,
2025-02-07,765.07 ,
2025-02-06,765.55 ,
2025-02-05,755.12 ,
2025-02-04,,85.30 
2025-01-28,,85.30 
2025-01-27,764.45 ,
2025-01-26,754.78 ,
2025-01-24,761.85 ,
2025-01-23,762.73 ,
2025-01-22,758.62 ,
2025-01-21,760.45 ,84.40 
2025-01-20,758.87 ,
2025-01-17,762.60 ,
2025-01-16,762.00 ,
2025-01-15,759.56 ,
2025-01-14,752.51 ,84.70 
2025-01-13,751.55 ,
2025-01-10,755.46 ,
2025-01-09,747.17 ,
2025-01-08,738.72 ,
2025-01-07,740.29 ,89.00 
2025-01-06,730.57 ,
2025-01-03,741.60 ,
2025-01-02,737.48 ,
2024-12-31,741.50 ,92.80 
2024-12-30,752.36 ,
2024-12-27,759.21 ,
2024-12-26,759.32 ,
2024-12-25,761.32 ,
2024-12-24,755.32 ,93.00 
2024-12-23,753.35 ,
2024-12-20,761.31 ,
2024-12-19,753.19 ,
2024-12-18,747.29 ,
2024-12-17,762.09 ,93.30 
2024-12-16,764.45 ,
2024-12-13,774.69 ,
2024-12-12,783.48 ,
2024-12-11,784.66 ,
2024-12-10,780.06 ,96.80 
2024-12-09,787.81 ,
2024-12-06,781.79 ,
2024-12-05,782.94 ,
2024-12-04,784.40 ,
2024-12-03,780.26 ,102.00 
2024-12-02,776.17 ,
2024-11-29,777.59 ,
2024-11-28,779.49 ,
2024-11-27,773.65 ,
2024-11-26,783.10 ,103.00 
2024-11-25,778.05 ,
2024-11-22,784.44 ,
2024-11-21,777.45 ,
2024-11-20,774.05 ,
2024-11-19,772.27 ,105.00 
2024-11-18,766.20 ,
2024-11-15,773.53 ,
2024-11-14,766.86 ,
2024-11-13,770.38 ,
2024-11-12,771.27 ,106.80 
2024-11-11,764.88 ,
2024-11-08,771.63 ,
2024-11-07,775.56 ,
2024-11-06,763.51 ,
2024-11-05,767.96 ,108.10 
2024-11-04,760.72 ,
2024-11-01,776.03 ,
2024-10-31,782.35 ,
2024-10-30,776.20 ,
2024-10-29,772.76 ,108.80 
2024-10-28,779.54 ,
2024-10-25,785.00 ,
2024-10-24,778.69 ,
2024-10-23,786.73 ,
2024-10-22,779.56 ,107.10 
2024-10-21,782.71 ,
2024-10-18,780.34 ,
2024-10-17,768.45 ,
2024-10-16,777.31 ,
2024-10-15,786.23 ,107.30 
2024-10-14,774.54 ,
2024-10-12,784.39 ,
2024-10-11,778.30 ,
2024-10-10,773.09 ,
2024-10-09,773.19 ,
2024-10-08,771.23 ,108.70 
2024-10-01,,107.50 
2024-09-30,782.15 ,
2024-09-29,772.71 ,
2024-09-27,779.97 ,
2024-09-26,772.80 ,
2024-09-25,770.28 ,
2024-09-24,773.02 ,106.70 
2024-09-23,773.34 ,
2024-09-20,785.37 ,
2024-09-19,777.75 ,
2024-09-18,785.09 ,
2024-09-17,,104.00 
2024-09-14,786.68 ,
2024-09-13,792.55 ,
2024-09-12,795.29 ,
2024-09-11,789.82 ,
2024-09-10,794.21 ,103.50 
2024-09-09,792.02 ,
2024-09-06,786.03 ,
2024-09-05,791.13 ,
2024-09-04,789.91 ,
2024-09-03,788.03 ,103.10 
2024-09-02,784.30 ,
2024-08-30,779.37 ,
2024-08-29,783.71 ,
2024-08-28,781.29 ,103.90 
2024-08-27,778.14 ,103.90 
2024-08-26,782.82 ,
2024-08-23,778.03 ,
2024-08-22,772.33 ,
2024-08-21,770.82 ,
2024-08-20,768.87 ,103.70 
2024-08-19,770.01 ,
2024-08-16,774.14 ,
2024-08-15,778.20 ,
2024-08-14,776.54 ,
2024-08-13,773.64 ,102.40 
2024-08-12,764.60 ,
2024-08-09,770.15 ,
2024-08-08,774.45 ,
2024-08-07,771.26 ,
2024-08-06,747.21 ,102.60 
2024-08-05,751.23 ,
2024-08-02,764.80 ,
2024-08-01,773.16 ,
2024-07-31,769.86 ,
2024-07-30,772.53 ,99.40 
2024-07-29,775.61 ,
2024-07-26,783.12 ,
2024-07-25,779.02 ,
2024-07-24,781.17 ,
2024-07-23,778.20 ,96.50 
2024-07-22,778.59 ,
2024-07-19,773.86 ,
2024-07-18,767.91 ,
2024-07-17,774.74 ,
2024-07-16,775.63 ,95.90 
2024-07-15,770.60 ,95.90 
2024-07-12,777.97 ,
2024-07-11,772.02 ,
2024-07-10,772.91 ,
2024-07-09,770.17 ,92.30 
2024-07-08,768.90 ,
2024-07-05,767.60 ,
2024-07-04,761.96 ,
2024-07-03,762.99 ,
2024-07-02,759.89 ,89.30 
2024-07-01,764.55 ,
2024-06-28,767.20 ,
2024-06-27,771.50 ,
2024-06-26,764.15 ,
2024-06-25,762.75 ,84.70 
2024-06-24,761.73 ,
2024-06-21,758.98 ,
2024-06-20,757.19 ,
2024-06-19,755.74 ,
2024-06-18,749.69 ,83.40 
2024-06-17,748.15 ,
2024-06-14,752.60 ,
2024-06-13,750.99 ,
2024-06-12,750.04 ,
2024-06-11,748.28 ,81.80 
2024-06-07,748.22 ,
2024-06-06,746.39 ,
2024-06-05,750.78 ,
2024-06-04,742.93 ,81.70 
2024-06-03,742.39 ,
2024-05-31,748.51 ,
2024-05-30,753.48 ,
2024-05-29,754.37 ,
2024-05-28,741.98 ,79.40 
2024-05-27,741.37 ,
2024-05-24,751.49 ,
2024-05-23,745.57 ,
2024-05-22,736.50 ,
2024-05-21,740.08 ,75.80 
2024-05-20,738.61 ,
2024-05-17,736.83 ,
2024-05-16,738.92 ,
2024-05-15,727.99 ,
2024-05-14,729.93 ,75.00 
2024-05-13,724.54 ,
2024-05-11,720.18 ,
2024-05-10,726.44 ,
2024-05-09,722.95 ,
2024-05-08,723.51 ,
2024-05-07,718.22 ,74.30 
2024-05-06,719.35 ,
2024-04-30,730.30 ,72.30 
2024-04-29,731.55 ,
2024-04-28,739.45 ,
2024-04-26,745.32 ,
2024-04-25,752.18 ,
2024-04-24,749.06 ,
2024-04-23,758.39 ,72.00 
2024-04-22,761.13 ,
2024-04-19,753.06 ,
2024-04-18,754.25 ,
2024-04-17,756.84 ,
2024-04-16,751.50 ,72.50 
2024-04-15,754.06 ,
2024-04-12,757.62 ,
2024-04-11,761.14 ,
2024-04-10,755.34 ,
2024-04-09,753.77 ,71.80 
2024-04-08,758.01 ,
2024-04-07,762.25 ,
2024-04-03,762.96 ,
2024-04-02,763.32 ,70.70 
2024-04-01,770.59 ,
2024-03-29,774.16 ,
2024-03-28,760.86 ,
2024-03-27,758.87 ,
2024-03-26,756.17 ,72.00 
2024-03-25,749.73 ,
2024-03-22,761.01 ,
2024-03-21,758.37 ,
2024-03-20,749.18 ,
2024-03-19,740.40 ,73.90 
2024-03-18,738.56 ,
2024-03-15,742.30 ,
2024-03-14,746.40 ,
2024-03-13,749.90 ,
2024-03-12,747.65 ,76.30 
2024-03-11,752.75 ,
2024-03-08,757.42 ,
2024-03-07,762.49 ,
2024-03-06,768.42 ,
2024-03-05,768.58 ,75.60 
2024-03-04,766.11 ,
2024-03-01,768.81 ,
2024-02-29,767.75 ,
2024-02-28,760.73 ,
2024-02-27,760.16 ,76.20 
2024-02-26,762.68 ,
2024-02-23,764.60 ,
2024-02-22,769.17 ,
2024-02-21,773.10 ,
2024-02-20,769.91 ,76.50 
2024-02-19,761.78 ,
2024-02-18,762.48 ,
2024-02-13,,74.90 
2024-02-08,745.89 ,
2024-02-07,748.96 ,
2024-02-06,740.23 ,74.90 
2024-02-05,744.74 ,
2024-02-04,749.68 ,
2024-02-02,753.93 ,
2024-02-01,756.04 ,
2024-01-31,753.46 ,
2024-01-30,750.66 ,77.00 
2024-01-29,748.55 ,
2024-01-26,750.76 ,
2024-01-25,755.56 ,
2024-01-24,747.43 ,
2024-01-23,753.26 ,80.30 
2024-01-22,752.30 ,
2024-01-19,754.79 ,
2024-01-18,749.50 ,
2024-01-17,754.30 ,
2024-01-16,753.26 ,82.70 
2024-01-15,759.70 ,
2024-01-12,760.29 ,
2024-01-11,759.87 ,
2024-01-10,747.46 ,
2024-01-09,746.97 ,83.90 
2024-01-08,740.53 ,
2024-01-05,742.66 ,
2024-01-04,736.27 ,
2024-01-03,735.99 ,
2024-01-02,730.57 ,85.90 
2023-12-29,742.23 ,
2023-12-28,736.87 ,
2023-12-27,742.78 ,
2023-12-26,737.17 ,85.10 
2023-12-25,738.26 ,
2023-12-22,732.62 ,
2023-12-21,733.75 ,
2023-12-20,725.02 ,
2023-12-19,718.37 ,86.00 
2023-12-18,719.28 ,
2023-12-15,731.13 ,
2023-12-14,732.27 ,
2023-12-13,737.90 ,
2023-12-12,726.05 ,
2023-12-11,719.96 ,
2023-12-08,725.99 ,
2023-12-07,719.29 ,
2023-12-06,714.30 ,
2023-12-05,707.82 ,84.80 
2023-12-04,708.38 ,
2023-12-01,719.04 ,
2023-11-30,709.03 ,
2023-11-29,703.32 ,
2023-11-28,700.81 ,83.15 
2023-11-27,698.77 ,
2023-11-24,698.25 ,
2023-11-23,700.23 ,
2023-11-22,700.82 ,
2023-11-21,702.39 ,79.95 
2023-11-20,695.22 ,
2023-11-17,691.91 ,
2023-11-16,693.72 ,
2023-11-15,694.96 ,
2023-11-14,690.70 ,78.40 
2023-11-13,685.69 ,
2023-11-10,691.41 ,
2023-11-09,693.09 ,
2023-11-08,688.34 ,
2023-11-07,690.56 ,78.80 
2023-11-06,683.67 ,
2023-11-03,686.64 ,
2023-11-02,693.32 ,
2023-11-01,688.04 ,
2023-10-31,685.14 ,80.20 
2023-10-30,686.36 ,
2023-10-27,694.99 ,
2023-10-26,689.40 ,
2023-10-25,691.63 ,
2023-10-24,686.35 ,82.50 
2023-10-23,688.53 ,
2023-10-20,688.01 ,
2023-10-19,678.50 ,
2023-10-18,686.05 ,
2023-10-17,680.35 ,81.70 
2023-10-16,675.50 ,
2023-10-13,679.72 ,
2023-10-12,681.29 ,
2023-10-11,679.97 ,
2023-10-10,682.64 ,86.60 
2023-10-09,683.43 ,
2023-10-08,681.11 ,
2023-10-07,676.15 ,
2023-10-03,,86.30 
2023-09-28,677.79 ,
2023-09-27,685.63 ,
2023-09-26,682.39 ,86.30 
2023-09-25,681.72 ,
2023-09-22,682.60 ,
2023-09-21,686.33 ,
2023-09-20,684.58 ,
2023-09-19,678.74 ,83.50 
2023-09-18,683.96 ,
2023-09-15,687.19 ,
2023-09-14,690.17 ,
2023-09-13,684.58 ,
2023-09-12,682.00 ,83.00 
2023-09-11,676.09 ,
2023-09-08,682.11 ,
2023-09-07,679.70 ,
2023-09-06,683.14 ,
2023-09-05,680.93 ,86.60 
2023-09-04,683.30 ,
2023-09-01,686.99 ,
2023-08-31,681.65 ,
2023-08-30,685.77 ,
2023-08-29,682.86 ,87.95 
2023-08-28,687.41 ,
2023-08-25,692.87 ,
2023-08-24,686.51 ,
2023-08-23,680.05 ,
2023-08-22,678.53 ,89.35 
2023-08-21,682.63 ,
2023-08-18,692.55 ,
2023-08-17,678.07 ,
2023-08-16,683.43 ,
2023-08-15,686.24 ,90.65 
2023-08-14,680.24 ,
2023-08-11,688.17 ,
2023-08-10,692.81 ,
2023-08-09,698.63 ,
2023-08-08,697.00 ,92.10 
2023-08-07,686.65 ,
2023-08-04,689.12 ,
2023-08-03,693.07 ,
2023-08-02,691.71 ,
2023-08-01,689.73 ,91.60 
2023-07-31,695.89 ,
2023-07-28,697.54 ,
2023-07-27,699.70 ,
2023-07-26,701.15 ,
2023-07-25,702.70 ,85.65 
2023-07-24,699.80 ,
2023-07-21,697.33 ,
2023-07-20,697.00 ,
2023-07-19,703.48 ,
2023-07-18,697.71 ,82.10 
2023-07-17,698.50 ,
2023-07-14,702.66 ,
2023-07-13,698.64 ,
2023-07-12,694.73 ,
2023-07-11,690.04 ,78.00 
2023-07-10,696.29 ,
2023-07-07,690.65 ,
2023-07-06,695.42 ,
2023-07-05,694.86 ,
2023-07-04,687.20 ,76.10 
2023-07-03,687.62 ,
2023-06-30,702.01 ,
2023-06-29,689.23 ,
2023-06-28,682.08 ,
2023-06-27,687.98 ,74.35 
2023-06-26,684.67 ,
2023-06-25,678.66 ,
2023-06-21,683.68 ,
2023-06-20,681.03 ,70.10 
2023-06-19,680.06 ,
2023-06-16,686.20 ,
2023-06-15,687.28 ,
2023-06-14,685.33 ,
2023-06-13,684.65 ,65.05 
2023-06-12,682.24 ,
2023-06-09,679.84 ,
2023-06-08,678.68 ,
2023-06-07,670.01 ,
2023-06-06,667.87 ,62.30 
2023-06-05,661.07 ,
2023-06-02,665.65 ,
2023-06-01,671.03 ,
2023-05-31,669.23 ,
2023-05-30,667.59 ,57.10 
2023-05-29,663.12 ,
2023-05-26,659.55 ,
2023-05-25,669.65 ,
2023-05-24,667.41 ,
2023-05-23,657.84 ,53.15 
2023-05-22,667.22 ,
2023-05-19,677.22 ,
2023-05-18,672.62 ,
2023-05-17,668.17 ,
2023-05-16,669.29 ,52.15 
2023-05-15,668.97 ,
2023-05-12,671.26 ,
2023-05-11,652.64 ,
2023-05-10,653.95 ,
2023-05-09,649.80 ,54.73 
2023-05-08,650.74 ,
2023-05-06,652.09 ,
2023-05-05,660.10 ,
2023-05-04,662.49 ,
2023-05-02,,54.73 
2023-04-28,656.87 ,
2023-04-27,666.23 ,
2023-04-26,657.28 ,
2023-04-25,662.61 ,48.95 
2023-04-24,653.50 ,
2023-04-23,658.70 ,
2023-04-21,659.96 ,
2023-04-20,657.41 ,
2023-04-19,660.56 ,
2023-04-18,656.30 ,47.40 
2023-04-17,658.03 ,
2023-04-14,668.02 ,
2023-04-13,661.49 ,
2023-04-12,655.35 ,
2023-04-11,664.06 ,45.60 
2023-04-10,657.75 ,
2023-04-07,660.58 ,
2023-04-06,656.62 ,
2023-04-04,659.78 ,44.00 
2023-04-03,655.34 ,
2023-03-31,660.20 ,
2023-03-30,649.05 ,
2023-03-29,645.80 ,
2023-03-28,657.09 ,43.60 
2023-03-27,651.11 ,
2023-03-24,663.41 ,
2023-03-23,658.18 ,
2023-03-22,665.28 ,
2023-03-21,665.20 ,44.85 
2023-03-20,651.62 ,
2023-03-17,661.88 ,
2023-03-16,662.78 ,
2023-03-15,662.19 ,
2023-03-14,657.28 ,47.00 
2023-03-13,657.03 ,
2023-03-10,660.52 ,
2023-03-09,656.77 ,
2023-03-08,663.50 ,
2023-03-07,658.13 ,46.20 
2023-03-06,656.95 ,
2023-03-03,658.85 ,
2023-03-02,653.15 ,
2023-03-01,647.72 ,
2023-02-28,654.34 ,48.85 
2023-02-27,656.30 ,
2023-02-24,658.68 ,
2023-02-23,653.55 ,
2023-02-22,652.21 ,
2023-02-21,647.42 ,51.95 
2023-02-20,654.09 ,
2023-02-17,656.74 ,
2023-02-16,651.24 ,
2023-02-15,651.67 ,
2023-02-14,652.51 ,52.45 
2023-02-13,646.85 ,
2023-02-10,647.91 ,
2023-02-09,650.03 ,
2023-02-08,643.36 ,
2023-02-07,639.52 ,54.70 
2023-02-06,641.29 ,
2023-02-03,652.87 ,
2023-02-02,647.82 ,
2023-02-01,653.92 ,
2023-01-31,647.71 ,57.90 
2023-01-30,646.67 ,
2023-01-29,649.75 ,
2023-01-28,649.28 ,
2023-01-24,,55.95 
2023-01-20,645.11 ,
2023-01-19,627.88 ,
2023-01-18,632.77 ,
2023-01-17,632.02 ,55.95 
2023-01-16,626.69 ,
2023-01-13,630.14 ,
2023-01-12,626.28 ,
2023-01-11,627.41 ,
2023-01-10,618.67 ,56.05 
2023-01-09,612.44 ,
2023-01-06,621.05 ,
2023-01-05,615.87 ,
2023-01-04,607.22 ,
2023-01-03,600.11 ,52.60 
2022-12-30,618.19 ,
2022-12-29,618.55 ,
2022-12-28,611.17 ,
2022-12-27,605.88 ,50.70 
2022-12-26,599.60 ,
2022-12-23,599.41 ,
2022-12-22,604.78 ,
2022-12-21,604.73 ,
2022-12-20,592.44 ,50.25 
2022-12-19,591.98 ,
2022-12-16,594.12 ,
2022-12-15,578.28 ,
2022-12-14,583.59 ,
2022-12-13,576.90 ,51.10 
2022-12-12,575.58 ,
2022-12-09,569.60 ,
2022-12-08,575.21 ,
2022-12-07,573.04 ,
2022-12-06,559.39 ,52.00 
2022-12-05,552.88 ,
2022-12-02,562.97 ,
2022-12-01,572.04 ,
2022-11-30,567.74 ,
2022-11-29,562.26 ,52.15 
2022-11-28,568.88 ,
2022-11-25,582.02 ,
2022-11-24,564.16 ,
2022-11-23,570.73 ,
2022-11-22,567.20 ,53.55 
2022-11-21,560.94 ,
2022-11-18,569.02 ,
2022-11-17,563.25 ,
2022-11-16,557.51 ,
2022-11-15,563.79 ,56.20 
2022-11-14,557.37 ,
2022-11-11,592.70 ,
2022-11-10,595.93 ,
2022-11-09,592.97 ,
2022-11-08,584.18 ,57.00 
2022-11-07,579.10 ,
2022-11-04,591.28 ,
2022-11-03,587.39 ,
2022-11-02,589.06 ,
2022-11-01,590.82 ,57.70 
2022-10-31,578.80 ,
2022-10-28,616.60 ,
2022-10-27,620.58 ,
2022-10-26,611.76 ,
2022-10-25,608.03 ,58.20 
2022-10-24,604.87 ,
2022-10-21,608.72 ,
2022-10-20,611.66 ,
2022-10-19,607.95 ,
2022-10-18,603.76 ,62.20 
2022-10-17,600.59 ,
2022-10-14,625.32 ,
2022-10-13,628.52 ,
2022-10-12,630.15 ,
2022-10-11,638.74 ,65.75 
2022-10-10,633.95 ,
2022-10-09,640.55 ,
2022-10-08,654.83 ,
2022-10-04,,61.80 
2022-09-30,667.77 ,
2022-09-29,665.32 ,
2022-09-28,667.72 ,
2022-09-27,665.47 ,61.80 
2022-09-26,667.73 ,
2022-09-23,668.39 ,
2022-09-22,671.72 ,
2022-09-21,675.69 ,
2022-09-20,677.94 ,62.25 
2022-09-19,679.32 ,
2022-09-16,678.55 ,
2022-09-15,674.82 ,
2022-09-14,670.92 ,
2022-09-13,667.58 ,59.40 
2022-09-09,678.84 ,
2022-09-08,682.34 ,
2022-09-07,673.66 ,
2022-09-06,677.15 ,61.70 
2022-09-05,673.63 ,
2022-09-02,679.80 ,
2022-09-01,683.49 ,
2022-08-31,682.21 ,
2022-08-30,673.20 ,63.60 
2022-08-29,674.22 ,
2022-08-26,681.05 ,
2022-08-25,690.50 ,
2022-08-24,693.56 ,
2022-08-23,690.42 ,61.20 
2022-08-22,681.57 ,
2022-08-19,687.24 ,
2022-08-18,680.51 ,
2022-08-17,680.76 ,
2022-08-16,691.36 ,63.20 
2022-08-15,685.05 ,
2022-08-12,691.17 ,
2022-08-11,691.38 ,
2022-08-10,690.80 ,
2022-08-09,691.29 ,67.95 
2022-08-08,685.93 ,
2022-08-05,692.85 ,
2022-08-04,687.13 ,
2022-08-03,693.03 ,
2022-08-02,685.38 ,71.35 
2022-08-01,691.34 ,
2022-07-29,688.72 ,
2022-07-28,694.40 ,
2022-07-27,687.33 ,
2022-07-26,695.18 ,72.40 
2022-07-25,688.93 ,
2022-07-22,686.89 ,
2022-07-21,692.47 ,
2022-07-20,693.83 ,
2022-07-19,693.03 ,76.40 
2022-07-18,698.99 ,
2022-07-15,700.40 ,
2022-07-14,699.10 ,
2022-07-13,698.57 ,
2022-07-12,699.51 ,79.95 
2022-07-11,700.37 ,
2022-07-08,691.73 ,
2022-07-07,697.65 ,
2022-07-06,695.96 ,
2022-07-05,695.89 ,82.30 
2022-07-04,697.83 ,
2022-07-01,701.84 ,
2022-06-30,704.65 ,
2022-06-29,698.43 ,
2022-06-28,693.01 ,82.60 
2022-06-27,700.26 ,
2022-06-24,701.68 ,
2022-06-23,691.29 ,
2022-06-22,703.64 ,
2022-06-21,698.25 ,81.60 
2022-06-20,700.35 ,
2022-06-17,702.16 ,
2022-06-16,700.77 ,
2022-06-15,694.53 ,
2022-06-14,697.88 ,79.80 
2022-06-13,689.88 ,
2022-06-10,695.02 ,
2022-06-09,686.88 ,
2022-06-08,692.11 ,
2022-06-07,697.79 ,80.40 
2022-06-06,702.51 ,
2022-06-02,699.37 ,
2022-06-01,704.97 ,
2022-05-31,703.71 ,79.35 
2022-05-30,702.09 ,
2022-05-27,702.55 ,
2022-05-26,701.15 ,
2022-05-25,693.62 ,
2022-05-24,698.42 ,77.55 
2022-05-23,692.79 ,
2022-05-20,693.44 ,
2022-05-19,693.38 ,
2022-05-18,691.71 ,
2022-05-17,688.35 ,76.10 
2022-05-16,693.03 ,
2022-05-13,691.00 ,
2022-05-12,696.78 ,
2022-05-11,695.26 ,
2022-05-10,692.26 ,77.45 
2022-05-09,686.97 ,
2022-05-07,688.66 ,
2022-05-06,693.83 ,
2022-05-05,688.53 ,
2022-04-29,705.59 ,
2022-04-28,702.84 ,
2022-04-27,699.29 ,
2022-04-26,706.72 ,73.40 
2022-04-25,703.01 ,
2022-04-24,702.66 ,
2022-04-22,701.86 ,
2022-04-21,702.99 ,
2022-04-20,703.30 ,
2022-04-19,703.00 ,69.75 
2022-04-18,695.24 ,
2022-04-15,699.81 ,
2022-04-14,699.21 ,
2022-04-13,692.93 ,
2022-04-12,697.53 ,68.65 
2022-04-11,703.71 ,
2022-04-08,697.32 ,
2022-04-07,695.93 ,
2022-04-06,687.82 ,
2022-04-05,,64.40 
2022-04-02,691.93 ,
2022-04-01,690.01 ,
2022-03-31,693.75 ,
2022-03-30,684.02 ,
2022-03-29,681.02 ,65.70 
2022-03-28,673.26 ,
2022-03-25,681.67 ,
2022-03-24,680.39 ,
2022-03-23,672.48 ,
2022-03-22,677.01 ,65.55 
2022-03-21,669.54 ,
2022-03-18,682.37 ,
2022-03-17,673.25 ,
2022-03-16,667.13 ,
2022-03-15,661.33 ,64.20 
2022-03-14,655.30 ,
2022-03-11,670.67 ,
2022-03-10,677.01 ,
2022-03-09,671.93 ,
2022-03-08,673.40 ,66.25 
2022-03-07,684.23 ,
2022-03-04,694.37 ,
2022-03-03,702.64 ,
2022-03-02,703.81 ,
2022-03-01,711.61 ,68.05 
2022-02-28,702.89 ,
2022-02-25,715.73 ,
2022-02-24,711.68 ,
2022-02-23,715.85 ,
2022-02-22,725.94 ,70.00 
2022-02-21,723.49 ,
2022-02-18,737.48 ,
2022-02-17,747.72 ,
2022-02-16,744.42 ,
2022-02-15,740.15 ,71.60 
2022-02-14,732.07 ,
2022-02-11,740.55 ,
2022-02-10,736.33 ,
2022-02-09,745.73 ,
2022-02-08,741.09 ,71.10 
2022-02-07,729.69 ,
2022-01-30,736.99 ,
2022-01-29,740.59 ,
2022-01-28,743.09 ,
2022-01-27,750.99 ,
2022-01-26,745.44 ,
2022-01-25,753.42 ,68.30 
2022-01-24,747.25 ,
2022-01-21,748.25 ,
2022-01-20,739.47 ,
2022-01-19,751.37 ,
2022-01-18,750.27 ,66.90 
2022-01-17,743.93 ,
2022-01-14,747.54 ,
2022-01-13,742.72 ,
2022-01-12,742.08 ,
2022-01-11,756.19 ,67.55 
2022-01-10,752.22 ,
2022-01-07,769.34 ,
2022-01-06,772.86 ,
2022-01-05,766.53 ,
2022-01-04,770.10 ,68.35 
2021-12-31,775.28 ,
2021-12-30,769.71 ,
2021-12-29,774.05 ,
2021-12-28,779.05 ,68.45 
2021-12-27,785.04 ,
2021-12-24,778.44 ,
2021-12-23,768.99 ,
2021-12-22,773.84 ,
2021-12-21,768.12 ,68.75 
2021-12-20,772.99 ,
2021-12-17,768.34 ,
2021-12-16,766.16 ,
2021-12-15,768.81 ,
2021-12-14,769.34 ,69.40 
2021-12-13,767.27 ,
2021-12-10,779.68 ,
2021-12-09,779.13 ,
2021-12-08,769.73 ,
2021-12-07,762.39 ,70.45 
2021-12-06,747.53 ,
2021-12-03,770.85 ,
2021-12-02,771.96 ,
2021-12-01,773.48 ,
2021-11-30,759.35 ,71.55 
2021-11-29,772.45 ,
2021-11-26,765.00 ,
2021-11-25,770.40 ,
2021-11-24,768.32 ,
2021-11-23,771.02 ,72.70 
2021-11-22,766.12 ,
2021-11-19,762.93 ,
2021-11-18,768.43 ,
2021-11-17,756.75 ,
2021-11-16,755.15 ,73.15 
2021-11-15,745.65 ,
2021-11-12,757.47 ,
2021-11-11,755.30 ,
2021-11-10,762.18 ,
2021-11-09,768.23 ,74.60 
2021-11-08,763.34 ,
2021-11-05,764.17 ,
2021-11-04,763.74 ,
2021-11-03,765.55 ,
2021-11-02,778.40 ,76.10 
2021-11-01,773.39 ,
2021-10-29,764.26 ,
2021-10-28,756.46 ,
2021-10-27,754.87 ,
2021-10-26,758.63 ,77.85 
2021-10-25,750.08 ,
2021-10-22,759.18 ,
2021-10-21,757.03 ,
2021-10-20,769.13 ,
2021-10-19,762.58 ,82.53 
2021-10-18,756.36 ,
2021-10-15,761.56 ,
2021-10-14,767.86 ,
2021-10-13,766.57 ,
2021-10-12,767.17 ,83.98 
2021-10-11,761.49 ,
2021-10-09,760.54 ,
2021-10-08,767.09 ,
2021-09-30,809.89 ,
2021-09-29,813.34 ,
2021-09-28,807.49 ,77.78 
2021-09-27,813.19 ,
2021-09-26,800.54 ,
2021-09-24,806.22 ,
2021-09-23,811.12 ,
2021-09-22,813.07 ,
2021-09-21,,76.68 
2021-09-18,822.46 ,
2021-09-17,818.91 ,
2021-09-16,812.19 ,
2021-09-15,803.79 ,
2021-09-14,807.89 ,76.58 
2021-09-13,803.09 ,
2021-09-10,824.18 ,
2021-09-09,821.87 ,
2021-09-08,829.17 ,
2021-09-07,822.67 ,76.53 
2021-09-06,825.81 ,
2021-09-03,840.26 ,
2021-09-02,837.76 ,
2021-09-01,848.16 ,
2021-08-31,845.25 ,79.93 
2021-08-30,851.00 ,
2021-08-27,852.57 ,
2021-08-26,850.67 ,
2021-08-25,853.18 ,
2021-08-24,849.53 ,80.88 
2021-08-23,845.12 ,
2021-08-20,855.15 ,
2021-08-19,849.75 ,
2021-08-18,843.55 ,
2021-08-17,848.15 ,80.31 
2021-08-16,831.80 ,
2021-08-13,846.93 ,
2021-08-12,849.23 ,
2021-08-11,859.08 ,
2021-08-10,855.44 ,81.86 
2021-08-09,854.61 ,
2021-08-06,853.73 ,
2021-08-05,851.49 ,
2021-08-04,848.32 ,
2021-08-03,849.07 ,83.46 
2021-08-02,832.69 ,
2021-07-30,844.79 ,
2021-07-29,846.49 ,
2021-07-28,836.59 ,
2021-07-27,845.36 ,81.61 
2021-07-26,840.96 ,
2021-07-23,848.55 ,
2021-07-22,845.15 ,
2021-07-21,847.21 ,
2021-07-20,853.95 ,79.36 
2021-07-19,849.05 ,
2021-07-17,,79.36 
2021-07-16,854.63 ,79.36 
2021-07-15,840.08 ,76.71 
2021-07-14,842.08 ,76.71 
2021-07-13,851.88 ,79.36 
2021-07-12,843.58 ,
2021-07-09,849.36 ,
2021-07-08,839.77 ,
2021-07-07,840.22 ,
2021-07-06,841.32 ,77.76 
2021-07-05,848.77 ,
2021-07-02,851.62 ,
2021-07-01,852.67 ,
2021-06-30,851.77 ,
2021-06-29,839.25 ,74.51 
2021-06-28,838.11 ,
2021-06-25,841.11 ,
2021-06-24,847.06 ,
2021-06-23,844.98 ,
2021-06-22,836.34 ,71.93 
2021-06-21,822.97 ,
2021-06-18,839.78 ,
2021-06-17,841.08 ,
2021-06-16,827.98 ,
2021-06-15,834.60 ,68.65 
2021-06-11,840.83 ,
2021-06-10,842.33 ,
2021-06-09,836.30 ,
2021-06-08,829.55 ,65.46 
2021-06-07,835.30 ,
2021-06-04,823.33 ,
2021-06-03,816.16 ,
2021-06-02,821.21 ,
2021-06-01,806.36 ,64.15 
2021-05-31,811.92 ,
2021-05-28,821.36 ,
2021-05-27,803.81 ,
2021-05-26,801.78 ,
2021-05-25,807.18 ,63.06 
2021-05-24,804.30 ,
2021-05-21,819.24 ,
2021-05-20,819.59 ,
2021-05-19,801.50 ,
2021-05-18,802.93 ,61.56 
2021-05-17,796.10 ,
2021-05-14,805.99 ,
2021-05-13,808.04 ,
2021-05-12,805.99 ,
2021-05-11,799.71 ,59.42 
2021-05-10,802.68 ,
2021-05-08,794.53 ,
2021-05-07,795.98 ,
2021-05-06,791.65 ,
2021-05-04,,54.58 
2021-04-30,805.53 ,
2021-04-29,790.83 ,
2021-04-28,798.08 ,
2021-04-27,792.78 ,54.30 
2021-04-26,791.13 ,
2021-04-25,799.05 ,
2021-04-23,794.99 ,
2021-04-22,799.34 ,
2021-04-21,794.23 ,
2021-04-20,787.66 ,52.68 
2021-04-19,791.11 ,
2021-04-16,796.56 ,
2021-04-15,801.33 ,
2021-04-14,797.23 ,
2021-04-13,790.16 ,54.80 
2021-04-12,783.82 ,
2021-04-09,797.28 ,
2021-04-08,790.33 ,
2021-04-07,784.21 ,
2021-04-06,784.61 ,57.34 
2021-04-02,798.61 ,
2021-04-01,794.81 ,
2021-03-31,791.81 ,
2021-03-30,788.06 ,61.67 
2021-03-29,798.86 ,
2021-03-26,811.82 ,
2021-03-25,802.46 ,
2021-03-24,808.60 ,
2021-03-23,794.20 ,65.99 
2021-03-22,788.11 ,
2021-03-19,802.26 ,
2021-03-18,803.66 ,
2021-03-17,797.71 ,
2021-03-16,788.00 ,68.52 
2021-03-15,781.04 ,
2021-03-12,794.60 ,
2021-03-11,780.47 ,
2021-03-10,775.34 ,
2021-03-09,781.54 ,73.43 
2021-03-08,788.40 ,
2021-03-05,805.45 ,
2021-03-04,791.82 ,
2021-03-03,785.17 ,75.41 
2021-03-02,791.52 ,75.41 
2021-03-01,798.37 ,
2021-02-26,784.95 ,
2021-02-25,793.85 ,
2021-02-24,802.94 ,78.11 
2021-02-23,795.70 ,
2021-02-22,801.18 ,
2021-02-20,806.30 ,
2021-02-19,801.53 ,
2021-02-18,803.49 ,
2021-02-17,,72.81 
2021-02-16,,72.81 
2021-02-10,799.27 ,72.81 
2021-02-09,813.72 ,70.02 
2021-02-08,808.94 ,
2021-02-07,813.89 ,
2021-02-05,818.69 ,
2021-02-04,821.70 ,
2021-02-03,809.84 ,
2021-02-02,,70.02 
2021-02-01,815.20 ,
2021-01-29,839.88 ,
2021-01-28,838.04 ,
2021-01-27,821.20 ,
2021-01-26,825.50 ,70.64 
2021-01-25,831.55 ,
2021-01-22,842.01 ,
2021-01-21,835.95 ,
2021-01-20,841.12 ,
2021-01-19,833.57 ,72.43 
2021-01-18,829.54 ,
2021-01-15,833.48 ,
2021-01-14,818.03 ,
2021-01-13,814.73 ,
2021-01-12,810.39 ,75.11 
2021-01-11,792.56 ,
2021-01-08,811.53 ,
2021-01-07,812.65 ,
2021-01-06,800.46 ,
2021-01-05,802.49 ,81.23 
2021-01-04,810.90 ,
2020-12-31,816.27 ,
2020-12-30,811.93 ,
2020-12-29,808.62 ,85.44 
2020-12-28,804.61 ,
2020-12-25,805.67 ,
2020-12-24,797.82 ,
2020-12-23,798.26 ,
2020-12-22,792.54 ,88.10 
2020-12-21,788.48 ,
2020-12-18,793.49 ,
2020-12-17,792.85 ,
2020-12-16,791.25 ,89.00 
2020-12-15,789.61 ,
2020-12-14,787.74 ,
2020-12-11,794.28 ,
2020-12-10,793.85 ,
2020-12-09,786.54 ,
2020-12-08,779.09 ,95.20 
2020-12-07,785.12 ,
2020-12-04,790.42 ,
2020-12-03,791.59 ,
2020-12-02,792.90 ,
2020-12-01,793.40 ,100.80 
2020-11-30,781.46 ,
2020-11-27,791.41 ,
2020-11-26,785.78 ,
2020-11-25,793.43 ,
2020-11-24,780.13 ,103.70 
2020-11-23,784.03 ,
2020-11-20,800.26 ,
2020-11-19,790.04 ,
2020-11-18,792.95 ,
2020-11-17,790.42 ,103.60 
2020-11-16,789.67 ,
2020-11-13,793.27 ,
2020-11-12,786.88 ,
2020-11-11,793.23 ,
2020-11-10,797.83 ,106.80 
2020-11-09,789.72 ,
2020-11-06,804.05 ,
2020-11-05,791.73 ,
2020-11-04,802.98 ,
2020-11-03,796.32 ,109.90 
2020-11-02,782.67 ,
2020-10-30,799.78 ,
2020-10-29,792.76 ,
2020-10-28,798.72 ,
2020-10-27,794.33 ,112.40 
2020-10-26,797.92 ,
2020-10-23,806.87 ,
2020-10-22,794.77 ,
2020-10-21,790.26 ,
2020-10-20,797.77 ,116.00 
2020-10-19,795.97 ,
2020-10-16,796.50 ,
2020-10-15,799.31 ,
2020-10-14,789.30 ,
2020-10-13,783.30 ,118.80 
2020-10-12,775.30 ,
2020-10-09,788.41 ,
2020-10-06,,119.30 
2020-09-30,770.73 ,
2020-09-29,778.33 ,119.30 
2020-09-28,788.53 ,
2020-09-27,782.38 ,
2020-09-25,785.98 ,
2020-09-24,776.68 ,
2020-09-23,788.33 ,
2020-09-22,786.23 ,118.50 
2020-09-21,785.77 ,
2020-09-18,780.21 ,
2020-09-17,788.71 ,
2020-09-16,784.01 ,
2020-09-15,783.16 ,112.70 
2020-09-14,771.06 ,
2020-09-11,769.03 ,
2020-09-10,772.63 ,
2020-09-09,778.78 ,
2020-09-08,772.18 ,114.40 
2020-09-07,768.85 ,
2020-09-04,766.44 ,
2020-09-03,765.12 ,
2020-09-02,755.99 ,
2020-09-01,766.01 ,116.90 
2020-08-31,759.23 ,
2020-08-28,761.49 ,
2020-08-27,762.71 ,
2020-08-26,769.12 ,
2020-08-25,770.79 ,110.20 
2020-08-24,762.26 ,110.20 
2020-08-21,762.76 ,
2020-08-20,757.28 ,
2020-08-19,767.04 ,
2020-08-17,751.59 ,
2020-08-14,758.11 ,
2020-08-13,756.71 ,
2020-08-12,761.82 ,
2020-08-11,756.41 ,
2020-08-10,755.82 ,108.00 
2020-08-07,761.17 ,
2020-08-06,754.83 ,
2020-08-05,751.64 ,
2020-08-04,755.54 ,
2020-08-03,744.37 ,109.10 
2020-07-31,752.56 ,
2020-07-30,747.19 ,
2020-07-29,749.37 ,
2020-07-28,746.19 ,
2020-07-27,739.66 ,101.60 
2020-07-24,748.65 ,
2020-07-23,751.66 ,
2020-07-22,742.36 ,
2020-07-21,744.56 ,
2020-07-20,732.33 ,
2020-07-17,739.74 ,
2020-07-16,737.83 ,
2020-07-15,731.79 ,
2020-07-14,736.54 ,
2020-07-13,738.39 ,101.20 
2020-07-10,732.02 ,
2020-07-09,744.83 ,
2020-07-08,732.22 ,
2020-07-07,725.66 ,
2020-07-06,733.31 ,99.90 
2020-07-03,724.10 ,
2020-07-02,727.81 ,
2020-07-01,708.56 ,
2020-06-30,722.08 ,
2020-06-29,684.27 ,94.60 
2020-06-28,681.12 ,
2020-06-24,686.37 ,
2020-06-23,683.67 ,
2020-06-22,673.91 ,85.40 
2020-06-19,671.54 ,
2020-06-18,676.04 ,
2020-06-17,668.79 ,
2020-06-16,658.69 ,
2020-06-15,669.84 ,
2020-06-12,666.24 ,
2020-06-11,657.69 ,
2020-06-10,658.79 ,
2020-06-09,657.69 ,
2020-06-08,649.39 ,77.10 
2020-06-05,644.90 ,
2020-06-04,641.55 ,
2020-06-03,635.85 ,
2020-06-02,636.65 ,
2020-06-01,634.14 ,72.50 
2020-05-29,626.19 ,
2020-05-28,630.36 ,
2020-05-27,626.81 ,
2020-05-26,630.66 ,
2020-05-25,620.78 ,72.50 
2020-05-22,628.88 ,
2020-05-21,624.87 ,
2020-05-20,628.27 ,
2020-05-19,622.91 ,
2020-05-18,614.66 ,
2020-05-15,613.71 ,
2020-05-14,616.91 ,
2020-05-13,618.26 ,
2020-05-12,611.71 ,
2020-05-11,593.17 ,70.40 
2020-05-09,600.43 ,
2020-05-08,582.68 ,
2020-05-07,588.78 ,
2020-05-06,581.34 ,
2020-04-30,589.65 ,
2020-04-29,595.95 ,
2020-04-28,594.40 ,
2020-04-27,596.20 ,84.00 
2020-04-26,590.10 ,
2020-04-24,592.02 ,
2020-04-23,580.93 ,
2020-04-21,570.51 ,
2020-04-20,571.32 ,80.20 
2020-04-17,598.45 ,
2020-04-16,592.86 ,
2020-04-15,595.77 ,
2020-04-14,591.57 ,
2020-04-13,583.87 ,92.50 
2020-04-10,582.82 ,
2020-04-09,586.97 ,
2020-04-08,584.82 ,
2020-04-07,588.57 ,
2020-04-03,593.37 ,
2020-04-02,579.22 ,
2020-04-01,589.82 ,
2020-03-31,587.82 ,
2020-03-30,597.67 ,106.80 
2020-03-27,608.87 ,
2020-03-26,605.87 ,
2020-03-25,615.67 ,
2020-03-24,606.88 ,
2020-03-23,617.93 ,112.80 
2020-03-20,612.63 ,
2020-03-19,612.23 ,
2020-03-18,618.33 ,
2020-03-17,612.83 ,
2020-03-16,613.13 ,118.80 
2020-03-13,620.79 ,
2020-03-12,621.39 ,
2020-03-11,633.74 ,
2020-03-10,629.29 ,
2020-03-09,619.54 ,121.80 
2020-03-06,637.56 ,
2020-03-04,634.36 ,
2020-03-03,627.56 ,
2020-03-02,629.01 ,104.60 
2020-02-28,635.13 ,
2020-02-26,641.53 ,
2020-02-25,648.00 ,
2020-02-24,647.40 ,87.00 
2020-02-21,644.55 ,
2020-02-20,638.45 ,
2020-02-19,631.20 ,
2020-02-18,629.65 ,
2020-02-17,627.90 ,80.10 
2020-02-14,646.24 ,
2020-02-13,656.64 ,
2020-02-12,661.24 ,
2020-02-11,671.64 ,
2020-02-10,668.24 ,71.90 
2020-02-07,647.28 ,
2020-02-06,650.38 ,
2020-02-05,644.18 ,
2020-02-04,647.43 ,
2020-02-03,610.83 ,72.95 
2020-01-21,575.83 ,
2020-01-20,576.03 ,
2020-01-19,569.93 ,
2020-01-17,575.63 ,
2020-01-16,573.78 ,
2020-01-15,574.09 ,
2020-01-14,566.68 ,
2020-01-13,548.03 ,
2020-01-10,555.98 ,
2020-01-09,550.28 ,
2020-01-08,543.88 ,
2020-01-07,551.53 ,78.20 
2020-01-06,554.18 ,78.20 
2020-01-03,547.98 ,
2020-01-02,530.27 ,
2019-12-31,519.12 ,76.30 
2019-12-30,507.37 ,76.30 
2019-12-27,512.87 ,
2019-12-26,519.92 ,
2019-12-25,522.37 ,
2019-12-24,518.12 ,
2019-12-23,500.87 ,76.30 
2019-12-20,508.58 ,
2019-12-19,515.98 ,
2019-12-18,515.69 ,
2019-12-17,514.74 ,
2019-12-16,509.69 ,80.50 
2019-12-13,499.57 ,
2019-12-12,514.37 ,
2019-12-11,496.57 ,
2019-12-10,484.82 ,
2019-12-09,474.87 ,90.00 
2019-12-07,,91.50 
2019-12-06,481.67 ,91.50 
2019-12-05,483.37 ,91.50 
2019-12-04,492.22 ,
2019-12-03,482.98 ,
2019-12-02,481.85 ,91.50 
2019-11-29,490.18 ,
2019-11-28,499.08 ,
2019-11-27,505.28 ,
2019-11-26,505.61 ,
2019-11-25,505.86 ,98.00 
2019-11-22,531.31 ,
2019-11-21,534.41 ,
2019-11-20,549.11 ,
2019-11-19,545.96 ,
2019-11-18,555.36 ,102.40 
2019-11-15,563.86 ,
2019-11-14,555.36 ,
2019-11-13,566.16 ,
2019-11-12,574.86 ,
2019-11-11,570.51 ,108.80 
2019-11-08,596.46 ,
2019-11-07,591.96 ,
2019-11-06,586.30 ,
2019-11-05,588.05 ,
2019-11-04,590.30 ,105.40 
2019-11-01,609.90 ,
2019-10-31,613.65 ,
2019-10-30,616.15 ,
2019-10-29,632.86 ,
2019-10-28,635.77 ,116.20 
2019-10-25,638.22 ,
2019-10-24,647.02 ,
2019-10-23,643.72 ,
2019-10-22,647.22 ,
2019-10-21,644.83 ,116.30 
2019-10-18,642.08 ,
2019-10-17,643.68 ,
2019-10-16,646.33 ,
2019-10-15,647.68 ,
2019-10-14,648.02 ,116.60 
2019-10-12,644.42 ,
2019-10-11,646.47 ,
2019-10-10,641.92 ,
2019-10-09,643.62 ,
2019-10-08,630.02 ,
2019-10-07,,110.30 
2019-09-30,646.67 ,
2019-09-29,641.12 ,
2019-09-27,642.37 ,
2019-09-26,643.62 ,
2019-09-25,645.72 ,
2019-09-24,632.62 ,
2019-09-23,640.27 ,111.00 
2019-09-20,632.57 ,
2019-09-19,640.08 ,
2019-09-18,634.43 ,
2019-09-17,626.23 ,
2019-09-16,621.48 ,114.10 
2019-09-12,634.23 ,
2019-09-11,622.89 ,
2019-09-10,628.74 ,
2019-09-09,620.99 ,112.70 
2019-09-06,628.59 ,
2019-09-05,635.15 ,
2019-09-04,623.75 ,
2019-09-03,622.60 ,
2019-09-02,635.90 ,115.20 
2019-09-01,,117.00 
2019-08-30,629.00 ,
2019-08-29,615.45 ,117.00 
2019-08-28,621.70 ,117.00 
2019-08-27,629.80 ,117.00 
2019-08-26,624.90 ,114.10 
2019-08-25,,117.00 
2019-08-23,631.15 ,
2019-08-22,624.65 ,117.00 
2019-08-21,624.80 ,117.00 
2019-08-20,623.25 ,117.00 
2019-08-19,610.15 ,114.50 
2019-08-18,,117.00 
2019-08-16,623.92 ,
2019-08-15,620.17 ,117.00 
2019-08-14,621.22 ,117.00 
2019-08-13,615.48 ,117.00 
2019-08-12,621.13 ,117.00 
2019-08-11,,117.00 
2019-08-09,624.48 ,
2019-08-08,624.63 ,117.00 
2019-08-07,619.73 ,117.00 
2019-08-06,620.29 ,117.00 
2019-08-05,615.24 ,117.00 
2019-08-04,,117.00 
2019-08-03,,117.00 
2019-08-02,618.09 ,128.00 
2019-08-01,625.49 ,124.10 
2019-07-31,626.89 ,124.10 
2019-07-30,622.42 ,124.10 
2019-07-29,622.27 ,124.10 
2019-07-28,,128.00 
2019-07-27,,128.00 
2019-07-26,624.17 ,115.50 
2019-07-25,614.77 ,115.50 
2019-07-24,621.07 ,115.50 
2019-07-23,616.42 ,115.50 
2019-07-22,617.72 ,115.50 
2019-07-21,,115.50 
2019-07-20,,115.50 
2019-07-19,612.92 ,125.80 
2019-07-18,610.62 ,125.80 
2019-07-17,621.32 ,125.80 
2019-07-16,597.52 ,125.80 
2019-07-15,590.82 ,125.80 
2019-07-14,,125.80 
2019-07-13,,125.80 
2019-07-12,591.72 ,130.40 
2019-07-11,592.32 ,130.40 
2019-07-10,591.72 ,130.40 
2019-07-09,590.56 ,130.40 
2019-07-08,589.36 ,130.40 
2019-07-07,,130.40 
2019-07-06,,130.40 
2019-07-05,584.36 ,129.90 
2019-07-04,591.41 ,129.90 
2019-07-03,591.21 ,129.90 
2019-07-02,583.31 ,129.90 
2019-07-01,588.31 ,129.90 
2019-06-30,,129.90 
2019-06-29,,129.90 
2019-06-28,582.76 ,128.80 
2019-06-27,587.86 ,128.80 
2019-06-26,577.26 ,128.80 
2019-06-25,582.61 ,128.80 
2019-06-24,588.16 ,128.80 
2019-06-23,,128.80 
2019-06-22,,128.80 
2019-06-21,589.98 ,126.30 
2019-06-20,586.98 ,126.30 
2019-06-19,580.09 ,126.30 
2019-06-18,582.04 ,126.30 
2019-06-17,576.64 ,126.30 
2019-06-16,,126.30 
2019-06-15,,126.30 
2019-06-14,578.94 ,124.80 
2019-06-13,577.49 ,124.80 
2019-06-12,582.29 ,124.80 
2019-06-11,588.34 ,124.80 
2019-06-10,580.69 ,124.80 
2019-06-09,,124.80 
2019-06-08,,124.80 
2019-06-07,,126.90 
2019-06-06,572.84 ,126.90 
2019-06-05,567.09 ,126.90 
2019-06-04,572.79 ,126.90 
2019-06-03,564.30 ,126.90 
2019-06-02,,126.90 
2019-06-01,,126.90 
2019-05-31,575.65 ,128.10 
2019-05-30,568.55 ,128.10 
2019-05-29,576.10 ,128.10 
2019-05-28,573.85 ,128.10 
2019-05-27,572.70 ,128.10 
2019-05-26,,128.10 
2019-05-25,,128.10 
2019-05-24,570.75 ,122.80 
2019-05-23,575.40 ,122.80 
2019-05-22,573.40 ,122.80 
2019-05-21,576.75 ,122.80 
2019-05-20,575.10 ,122.80 
2019-05-19,,122.80 
2019-05-18,,122.80 
2019-05-17,570.24 ,122.80 
2019-05-16,575.39 ,122.80 
2019-05-15,575.64 ,122.80 
2019-05-14,574.34 ,122.80 
2019-05-13,571.74 ,122.80 
2019-05-12,,122.80 
2019-05-11,,122.80 
2019-05-10,574.99 ,120.10 
2019-05-09,577.85 ,120.10 
2019-05-08,574.51 ,120.10 
2019-05-07,567.41 ,120.10 
2019-05-06,564.26 ,120.10 
2019-05-05,553.61 ,120.10 
2019-05-04,,120.10 
2019-05-03,,120.10 
2019-05-02,,120.10 
2019-05-01,,120.10 
2019-04-30,565.01 ,120.10 
2019-04-29,563.86 ,120.10 
2019-04-28,554.83 ,120.10 
2019-04-27,,120.10 
2019-04-26,558.52 ,120.00 
2019-04-25,561.92 ,120.00 
2019-04-24,556.39 ,120.00 
2019-04-23,560.44 ,120.00 
2019-04-22,557.86 ,120.00 
2019-04-21,,120.00 
2019-04-20,,120.00 
2019-04-19,554.84 ,116.70 
2019-04-18,550.61 ,116.70 
2019-04-17,,116.70 
2019-04-16,546.01 ,116.70 
2019-04-15,543.51 ,116.70 
2019-04-14,,116.70 
2019-04-13,,116.70 
2019-04-12,542.96 ,117.60 
2019-04-11,532.46 ,117.60 
2019-04-10,534.21 ,117.60 
2019-04-09,538.06 ,117.60 
2019-04-08,525.56 ,117.60 
2019-04-07,,117.60 
2019-04-06,,117.60 
2019-04-05,,120.00 
2019-04-04,528.11 ,120.00 
2019-04-03,532.32 ,120.00 
2019-04-02,531.87 ,120.00 
2019-04-01,520.78 ,120.00 
2019-03-31,,120.00 
2019-03-30,,120.00 
2019-03-29,537.68 ,120.10 
2019-03-28,549.63 ,120.10 
2019-03-27,556.73 ,120.10 
2019-03-26,567.28 ,120.10 
2019-03-25,567.33 ,120.10 
2019-03-24,,120.10 
2019-03-23,,120.10 
2019-03-22,583.73 ,120.20 
2019-03-21,582.68 ,120.20 
2019-03-20,589.08 ,120.20 
2019-03-19,592.98 ,120.20 
2019-03-18,604.13 ,120.20 
2019-03-17,,120.20 
2019-03-16,,120.20 
2019-03-15,613.18 ,121.10 
2019-03-14,612.33 ,121.10 
2019-03-13,622.93 ,121.10 
2019-03-12,634.18 ,121.10 
2019-03-11,626.43 ,121.10 
2019-03-10,,121.10 
2019-03-09,,121.10 
2019-03-08,628.88 ,118.50 
2019-03-07,629.18 ,118.50 
2019-03-06,626.43 ,118.50 
2019-03-05,631.88 ,118.50 
2019-03-04,625.23 ,118.50 
2019-03-03,,118.50 
2019-03-02,,118.50 
2019-03-01,635.38 ,116.30 
2019-02-28,635.43 ,116.30 
2019-02-27,646.08 ,116.30 
2019-02-26,646.48 ,116.30 
2019-02-25,641.53 ,116.30 
2019-02-24,,116.30 
2019-02-23,,116.30 
2019-02-22,645.53 ,121.00 
2019-02-21,653.48 ,121.00 
2019-02-20,650.33 ,121.00 
2019-02-19,652.48 ,121.00 
2019-02-18,654.03 ,121.00 
2019-02-17,,121.00 
2019-02-16,,121.00 
2019-02-15,660.13 ,120.90 
2019-02-14,656.33 ,120.90 
2019-02-13,648.98 ,120.90 
2019-02-12,640.92 ,120.90 
2019-02-11,634.57 ,120.90 
2019-02-10,,120.90 
2019-02-09,,120.90 
2019-02-02,639.57 ,
2019-02-01,641.17 ,128.30 
2019-01-31,650.68 ,128.30 
2019-01-30,655.28 ,128.30 
2019-01-29,648.08 ,128.30 
2019-01-28,646.38 ,128.30 
2019-01-27,,128.30 
2019-01-26,,128.30 
2019-01-25,655.98 ,136.20 
2019-01-24,652.93 ,136.20 
2019-01-23,658.98 ,136.20 
2019-01-22,650.88 ,136.20 
2019-01-21,653.68 ,128.30 
2019-01-20,,136.20 
2019-01-19,,136.20 
2019-01-18,663.33 ,140.00 
2019-01-17,664.58 ,136.20 
2019-01-16,665.83 ,136.20 
2019-01-15,671.98 ,136.20 
2019-01-14,665.98 ,136.20 
2019-01-13,,140.00 
2019-01-11,677.83 ,
2019-01-10,679.66 ,140.00 
2019-01-09,673.81 ,140.00 
2019-01-08,672.96 ,140.00 
2019-01-07,676.46 ,140.00 
2019-01-06,,145.30 
2019-01-04,681.61 ,
2019-01-03,681.91 ,145.30 
2019-01-02,677.64 ,145.30 
2019-01-01,,145.30 
2018-12-29,697.39 ,
2018-12-28,690.59 ,147.25 
2018-12-27,689.94 ,147.25 
2018-12-26,686.04 ,147.25 
2018-12-25,699.09 ,147.25 
2018-12-24,691.29 ,147.25 
2018-12-23,,151.80 
2018-12-21,695.34 ,
2018-12-20,696.14 ,151.80 
2018-12-19,684.39 ,151.80 
2018-12-18,691.09 ,151.80 
2018-12-17,691.64 ,151.80 
2018-12-16,,157.50 
2018-12-14,687.29 ,
2018-12-13,687.31 ,157.50 
2018-12-12,689.26 ,157.50 
2018-12-11,683.96 ,157.50 
2018-12-10,685.80 ,157.50 
2018-12-09,,160.50 
2018-12-07,694.85 ,
2018-12-06,689.25 ,160.50 
2018-12-05,691.15 ,160.50 
2018-12-04,693.55 ,160.50 
2018-12-03,695.85 ,160.50 
2018-12-02,,160.50 
2018-11-30,688.65 ,
2018-11-29,684.05 ,160.50 
2018-11-28,683.75 ,160.50 
2018-11-27,698.75 ,160.50 
2018-11-26,681.30 ,160.50 
2018-11-25,,164.75 
2018-11-23,707.85 ,
2018-11-22,704.85 ,164.75 
2018-11-21,697.56 ,164.75 
2018-11-20,688.26 ,164.75 
2018-11-19,699.11 ,164.75 
2018-11-18,,164.10 
2018-11-16,705.31 ,
2018-11-15,698.66 ,164.10 
2018-11-14,710.66 ,164.10 
2018-11-13,696.31 ,164.10 
2018-11-12,701.11 ,161.40 
2018-11-11,,164.10 
2018-11-09,713.26 ,
2018-11-08,705.91 ,164.10 
2018-11-07,711.56 ,164.10 
2018-11-06,701.51 ,164.10 
2018-11-05,699.66 ,164.10 
2018-11-04,,164.50 
2018-11-02,711.81 ,
2018-11-01,702.81 ,164.50 
2018-10-31,708.11 ,164.50 
2018-10-30,706.11 ,164.50 
2018-10-29,698.06 ,164.50 
2018-10-28,,163.70 
2018-10-26,702.35 ,
2018-10-25,699.75 ,163.70 
2018-10-24,703.60 ,163.70 
2018-10-23,700.74 ,163.70 
2018-10-22,699.49 ,162.30 
2018-10-21,,162.30 
2018-10-19,719.09 ,
2018-10-18,709.47 ,162.30 
2018-10-17,699.72 ,162.30 
2018-10-16,695.37 ,162.30 
2018-10-15,691.82 ,162.30 
2018-10-14,,150.70 
2018-10-12,695.77 ,
2018-10-11,697.17 ,150.70 
2018-10-10,693.17 ,150.70 
2018-10-09,695.52 ,150.70 
2018-10-08,693.67 ,150.70 
2018-10-07,,142.10 
2018-09-30,680.75 ,
2018-09-29,690.10 ,142.10 
2018-09-28,694.35 ,142.10 
2018-09-27,687.65 ,142.10 
2018-09-26,689.00 ,142.10 
2018-09-25,694.15 ,142.10 
2018-09-24,,142.10 
2018-09-21,686.30 ,
2018-09-20,691.55 ,141.00 
2018-09-19,685.55 ,141.00 
2018-09-18,684.50 ,141.00 
2018-09-17,695.75 ,141.00 
2018-09-16,,138.90 
2018-09-14,693.39 ,
2018-09-13,690.80 ,138.90 
2018-09-12,689.85 ,138.90 
2018-09-11,688.45 ,138.90 
2018-09-10,680.55 ,138.90 
2018-09-09,,141.70 
2018-09-07,692.50 ,
2018-09-06,684.70 ,141.70 
2018-09-05,691.45 ,141.70 
2018-09-04,685.40 ,141.70 
2018-09-03,683.60 ,142.28 
2018-09-02,,142.28 
2018-08-31,698.60 ,
2018-08-30,695.65 ,142.28 
2018-08-29,694.75 ,142.28 
2018-08-28,695.60 ,142.28 
2018-08-27,696.15 ,140.70 
2018-08-26,,140.70 
2018-08-24,694.50 ,
2018-08-23,693.05 ,140.70 
2018-08-22,698.10 ,140.70 
2018-08-21,691.40 ,140.70 
2018-08-20,695.15 ,140.70 
2018-08-19,,138.10 
2018-08-17,698.10 ,
2018-08-16,691.15 ,138.10 
2018-08-15,683.45 ,138.10 
2018-08-14,676.00 ,138.10 
2018-08-13,675.90 ,138.10 
2018-08-12,,140.10 
2018-08-10,688.99 ,
2018-08-09,689.94 ,140.10 
2018-08-08,684.84 ,140.10 
2018-08-07,685.59 ,140.10 
2018-08-06,683.69 ,137.80 
2018-08-05,,140.10 
2018-08-03,697.59 ,
2018-08-02,697.94 ,140.10 
2018-08-01,693.39 ,140.10 
2018-07-31,693.14 ,140.10 
2018-07-30,693.04 ,140.10 
2018-07-29,,135.50 
2018-07-27,697.29 ,
2018-07-26,686.94 ,135.50 
2018-07-25,698.34 ,135.50 
2018-07-24,692.54 ,135.50 
2018-07-23,693.84 ,135.50 
2018-07-22,,130.70 
2018-07-20,695.89 ,
2018-07-19,697.19 ,130.70 
2018-07-18,699.09 ,130.70 
2018-07-17,698.64 ,130.70 
2018-07-16,694.49 ,130.70 
2018-07-15,,123.30 
2018-07-13,694.90 ,
2018-07-12,696.00 ,123.30 
2018-07-11,698.00 ,123.30 
2018-07-10,691.80 ,123.30 
2018-07-09,697.80 ,123.30 
2018-07-08,,123.30 
2018-07-06,698.90 ,
2018-07-05,698.63 ,123.30 
2018-07-04,693.33 ,123.30 
2018-07-03,699.93 ,123.30 
2018-07-02,695.53 ,124.30 
2018-07-01,,123.30 
2018-06-29,696.41 ,
2018-06-28,696.61 ,123.30 
2018-06-27,691.71 ,123.30 
2018-06-26,693.56 ,123.30 
2018-06-25,692.86 ,123.30 
2018-06-24,,109.00 
2018-06-22,693.06 ,
2018-06-21,696.81 ,112.60 
2018-06-20,695.41 ,112.60 
2018-06-19,695.71 ,112.60 
2018-06-18,,112.60 
2018-06-17,,112.60 
2018-06-15,697.11 ,
2018-06-14,696.01 ,112.60 
2018-06-13,690.16 ,112.60 
2018-06-12,694.96 ,112.60 
2018-06-11,685.56 ,110.30 
2018-06-10,,110.30 
2018-06-08,692.71 ,
2018-06-07,698.46 ,110.30 
2018-06-06,690.51 ,110.30 
2018-06-05,691.41 ,110.30 
2018-06-04,688.86 ,108.70 
2018-06-03,,108.70 
2018-06-01,693.09 ,
2018-05-31,691.19 ,108.70 
2018-05-30,695.49 ,108.70 
2018-05-29,689.09 ,108.70 
2018-05-28,695.69 ,109.60 
2018-05-27,,108.70 
2018-05-25,694.93 ,
2018-05-24,693.78 ,108.70 
2018-05-23,694.23 ,108.70 
2018-05-22,696.53 ,108.70 
2018-05-21,695.48 ,108.70 
2018-05-20,,106.65 
2018-05-18,694.93 ,
2018-05-17,698.48 ,106.65 
2018-05-16,695.23 ,106.65 
2018-05-15,694.48 ,106.65 
2018-05-14,694.63 ,106.65 
2018-05-13,,107.50 
2018-05-11,698.88 ,
2018-05-10,691.53 ,107.50 
2018-05-09,688.23 ,107.50 
2018-05-08,696.68 ,107.50 
2018-05-07,685.28 ,107.50 
2018-05-06,,106.98 
2018-05-04,690.04 ,
2018-05-03,692.89 ,106.98 
2018-05-02,688.74 ,106.98 
2018-05-01,,106.98 
2018-04-28,695.33 ,
2018-04-27,698.48 ,108.58 
2018-04-26,689.73 ,108.58 
2018-04-25,690.48 ,108.58 
2018-04-24,699.83 ,108.58 
2018-04-23,697.18 ,109.90 
2018-04-22,,109.90 
2018-04-20,694.69 ,
2018-04-19,698.39 ,109.90 
2018-04-18,688.54 ,109.90 
2018-04-17,696.04 ,109.90 
2018-04-16,690.64 ,113.60 
2018-04-15,,113.60 
2018-04-13,692.49 ,
2018-04-12,688.19 ,113.60 
2018-04-11,690.44 ,113.60 
2018-04-10,693.29 ,113.60 
2018-04-09,684.84 ,113.40 
2018-04-08,674.74 ,113.40 
2018-04-07,,113.40 
2018-04-04,676.44 ,
2018-04-03,671.24 ,113.40 
2018-04-02,662.79 ,
2018-03-30,667.84 ,
2018-03-29,663.79 ,
2018-03-28,664.54 ,
2018-03-27,668.14 ,
2018-03-26,673.74 ,116.00 
2018-03-23,683.79 ,
2018-03-22,690.14 ,
2018-03-21,690.44 ,
2018-03-20,685.64 ,
2018-03-19,673.29 ,116.52 
2018-03-16,691.54 ,
2018-03-15,685.64 ,
2018-03-14,681.19 ,
2018-03-13,693.99 ,115.58 
2018-03-12,693.30 ,
2018-03-09,689.85 ,
2018-03-08,687.50 ,
2018-03-07,694.50 ,
2018-03-06,688.55 ,
2018-03-05,681.65 ,116.60 
2018-03-02,690.37 ,
2018-03-01,691.72 ,
2018-02-28,682.37 ,
2018-02-27,688.62 ,
2018-02-26,699.17 ,120.90 
2018-02-22,,126.38 
2018-02-13,687.77 ,
2018-02-12,685.32 ,
2018-02-11,675.42 ,122.30 
2018-02-09,686.02 ,
2018-02-08,686.68 ,
2018-02-07,680.43 ,
2018-02-06,672.94 ,
2018-02-05,679.19 ,125.58 
2018-02-02,681.79 ,
2018-02-01,681.41 ,
2018-01-31,693.21 ,
2018-01-30,695.01 ,
2018-01-29,679.70 ,126.38 
2018-01-26,686.91 ,
2018-01-25,684.46 ,
2018-01-24,688.21 ,
2018-01-23,680.16 ,
2018-01-22,678.41 ,128.00 
2018-01-21,,131.00 
2018-01-19,684.92 ,
2018-01-18,681.97 ,131.00 
2018-01-17,691.48 ,131.00 
2018-01-16,682.48 ,131.00 
2018-01-15,687.19 ,131.00 
2018-01-14,,136.80 
2018-01-12,686.04 ,
2018-01-11,684.99 ,136.80 
2018-01-10,676.44 ,136.80 
2018-01-09,680.29 ,
2018-01-08,679.65 ,136.80 
2018-01-05,686.20 ,
2018-01-04,676.90 ,
2018-01-03,674.10 ,139.15 
2018-01-02,665.65 ,
2017-12-29,684.35 ,
2017-12-28,688.74 ,
2017-12-27,682.44 ,
2017-12-26,682.19 ,
2017-12-25,676.29 ,138.90 
2017-12-22,684.19 ,
2017-12-21,684.59 ,
2017-12-20,685.14 ,
2017-12-19,685.85 ,
2017-12-18,673.95 ,143.50 
2017-12-15,685.91 ,
2017-12-14,679.32 ,
2017-12-13,685.47 ,
2017-12-12,685.72 ,
2017-12-11,679.47 ,142.70 
2017-12-08,686.42 ,
2017-12-07,679.32 ,
2017-12-06,685.42 ,
2017-12-05,679.37 ,
2017-12-04,685.42 ,141.60 
2017-12-01,678.97 ,
2017-11-30,685.32 ,
2017-11-29,685.67 ,
2017-11-28,686.27 ,
2017-11-27,678.87 ,141.90 
2017-11-24,688.72 ,
2017-11-23,687.12 ,
2017-11-22,686.02 ,
2017-11-21,684.87 ,
2017-11-20,676.77 ,139.90 
2017-11-17,683.62 ,
2017-11-16,680.82 ,
2017-11-15,684.87 ,
2017-11-14,683.42 ,
2017-11-13,672.92 ,137.80 
2017-11-10,684.32 ,
2017-11-09,693.97 ,
2017-11-08,685.22 ,
2017-11-07,685.72 ,
2017-11-06,671.17 ,136.20 
2017-11-03,686.62 ,
2017-11-02,683.87 ,
2017-11-01,683.47 ,
2017-10-31,681.02 ,
2017-10-30,679.07 ,133.60 
2017-10-27,680.32 ,
2017-10-26,684.97 ,
2017-10-25,676.12 ,
2017-10-24,680.37 ,
2017-10-23,674.77 ,134.30 
2017-10-20,684.82 ,
2017-10-19,674.62 ,
2017-10-18,674.27 ,133.60 
2017-10-17,678.77 ,133.60 
2017-10-16,669.82 ,133.60 
2017-10-15,,122.40 
2017-10-13,674.12 ,
2017-10-12,665.07 ,122.40 
2017-10-11,669.22 ,122.40 
2017-10-10,666.67 ,122.40 
2017-10-09,669.32 ,120.70 
2017-10-08,,120.70 
2017-09-30,680.27 ,
2017-09-29,677.52 ,120.70 
2017-09-28,655.17 ,120.70 
2017-09-27,665.02 ,120.70 
2017-09-26,662.97 ,120.70 
2017-09-25,666.12 ,120.70 
2017-09-24,,115.00 
2017-09-22,676.32 ,
2017-09-21,673.42 ,115.00 
2017-09-20,676.47 ,115.00 
2017-09-19,661.02 ,115.00 
2017-09-18,664.97 ,115.00 
2017-09-17,,115.20 
2017-09-15,679.17 ,
2017-09-14,674.52 ,115.20 
2017-09-13,674.82 ,115.20 
2017-09-12,663.67 ,115.20 
2017-09-11,670.92 ,115.20 
2017-09-10,,116.20 
2017-09-08,679.77 ,
2017-09-07,675.12 ,116.20 
2017-09-06,675.87 ,116.20 
2017-09-05,664.02 ,116.20 
2017-09-04,657.87 ,116.20 
2017-09-03,,120.00 
2017-09-01,666.22 ,
2017-08-31,659.97 ,120.00 
2017-08-30,662.22 ,120.00 
2017-08-29,679.47 ,120.00 
2017-08-28,671.37 ,120.00 
2017-08-27,,121.20 
2017-08-25,679.53 ,
2017-08-24,684.23 ,121.20 
2017-08-23,670.13 ,121.20 
2017-08-22,681.08 ,121.20 
2017-08-21,679.63 ,121.20 
2017-08-20,,122.00 
2017-08-18,686.36 ,
2017-08-17,690.31 ,122.00 
2017-08-16,687.86 ,122.00 
2017-08-15,686.61 ,122.00 
2017-08-14,691.56 ,122.00 
2017-08-13,,120.30 
2017-08-11,689.41 ,
2017-08-10,686.21 ,120.30 
2017-08-09,678.21 ,120.30 
2017-08-08,687.51 ,120.30 
2017-08-07,683.16 ,120.30 
2017-08-06,,119.90 
2017-08-04,676.86 ,
2017-08-03,683.17 ,119.90 
2017-08-02,689.38 ,119.90 
2017-08-01,689.49 ,118.20 
2017-07-31,678.30 ,
2017-07-30,,118.20 
2017-07-28,687.28 ,
2017-07-27,687.69 ,118.20 
2017-07-26,681.70 ,118.20 
2017-07-25,680.61 ,118.20 
2017-07-24,673.67 ,114.00 
2017-07-23,,114.00 
2017-07-21,688.52 ,
2017-07-20,682.72 ,114.00 
2017-07-19,682.07 ,114.00 
2017-07-18,688.37 ,114.00 
2017-07-17,677.22 ,114.00 
2017-07-16,,105.20 
2017-07-14,685.12 ,
2017-07-13,684.67 ,105.20 
2017-07-12,689.47 ,105.20 
2017-07-11,673.72 ,105.20 
2017-07-10,672.42 ,109.20 
2017-07-09,,105.20 
2017-07-07,683.42 ,
2017-07-06,674.92 ,105.20 
2017-07-05,685.26 ,105.20 
2017-07-04,682.76 ,105.20 
2017-07-03,679.76 ,105.20 
2017-07-02,,110.90 
2017-06-30,682.36 ,
2017-06-29,678.66 ,110.90 
2017-06-28,681.76 ,110.90 
2017-06-27,672.21 ,110.90 
2017-06-26,668.46 ,110.90 
2017-06-25,,108.25 
2017-06-23,681.24 ,
2017-06-22,661.69 ,108.25 
2017-06-21,661.24 ,108.25 
2017-06-20,658.49 ,108.25 
2017-06-19,654.94 ,108.25 
2017-06-18,,105.90 
2017-06-16,648.09 ,
2017-06-15,649.04 ,105.90 
2017-06-14,646.59 ,105.90 
2017-06-13,637.99 ,105.90 
2017-06-12,636.14 ,105.90 
2017-06-11,,106.50 
2017-06-09,641.69 ,
2017-06-08,634.04 ,106.50 
2017-06-07,626.69 ,106.50 
2017-06-06,632.69 ,106.50 
2017-06-05,626.29 ,106.50 
2017-06-04,,106.50 
2017-06-02,633.09 ,
2017-06-01,622.79 ,106.50 
2017-05-31,607.64 ,106.50 
2017-05-30,,106.50 
2017-05-27,648.84 ,
2017-05-26,659.54 ,104.60 
2017-05-25,664.84 ,104.60 
2017-05-24,670.04 ,104.60 
2017-05-23,674.34 ,104.60 
2017-05-22,666.59 ,104.60 
2017-05-21,,107.40 
2017-05-19,669.02 ,
2017-05-18,673.23 ,107.40 
2017-05-17,676.93 ,107.40 
2017-05-16,670.28 ,107.40 
2017-05-15,668.23 ,107.40 
2017-05-14,,106.10 
2017-05-12,670.28 ,
2017-05-11,652.98 ,106.10 
2017-05-10,668.63 ,106.10 
2017-05-09,671.03 ,106.10 
2017-05-08,654.53 ,106.10 
2017-05-07,,106.10 
2017-05-05,667.99 ,
2017-05-04,670.46 ,106.10 
2017-05-03,653.48 ,106.10 
2017-05-02,662.04 ,106.10 
2017-05-01,,110.50 
2017-04-28,674.49 ,
2017-04-27,669.84 ,106.10 
2017-04-26,666.79 ,106.10 
2017-04-25,661.99 ,106.10 
2017-04-24,657.14 ,106.10 
2017-04-23,,103.70 
2017-04-21,663.94 ,
2017-04-20,670.05 ,103.70 
2017-04-19,663.30 ,103.70 
2017-04-18,664.45 ,103.70 
2017-04-17,656.85 ,103.70 
2017-04-16,,104.80 
2017-04-14,662.80 ,
2017-04-13,652.25 ,104.80 
2017-04-12,654.75 ,104.80 
2017-04-11,643.15 ,104.80 
2017-04-10,645.70 ,104.80 
2017-04-09,,101.50 
2017-04-07,624.70 ,
2017-04-06,626.10 ,101.50 
2017-04-05,615.90 ,101.50 
2017-04-04,,101.50 
2017-04-01,606.75 ,
2017-03-31,590.00 ,101.90 
2017-03-30,606.15 ,101.90 
2017-03-29,613.00 ,101.90 
2017-03-28,630.05 ,101.90 
2017-03-27,640.95 ,100.60 
2017-03-26,,100.60 
2017-03-24,642.15 ,
2017-03-23,634.45 ,100.60 
2017-03-22,638.60 ,100.60 
2017-03-21,642.95 ,100.60 
2017-03-20,635.10 ,100.60 
2017-03-19,,99.00 
2017-03-17,623.00 ,
2017-03-16,621.15 ,99.00 
2017-03-15,632.00 ,99.00 
2017-03-14,624.40 ,99.00 
2017-03-13,615.70 ,99.00 
2017-03-12,,104.10 
2017-03-10,625.85 ,
2017-03-09,630.05 ,104.10 
2017-03-08,628.25 ,104.10 
2017-03-07,632.35 ,104.10 
2017-03-06,629.95 ,104.10 
2017-03-05,,100.90 
2017-03-03,644.45 ,
2017-03-02,635.60 ,100.90 
2017-03-01,632.90 ,100.90 
2017-02-28,636.65 ,100.90 
2017-02-27,640.10 ,100.90 
2017-02-26,,92.60 
2017-02-24,641.50 ,
2017-02-23,652.50 ,92.60 
2017-02-22,662.85 ,92.60 
2017-02-21,660.15 ,92.60 
2017-02-20,663.30 ,92.60 
2017-02-19,,89.30 
2017-02-17,658.30 ,
2017-02-16,680.75 ,89.30 
2017-02-15,684.35 ,89.30 
2017-02-14,673.65 ,89.30 
2017-02-13,676.60 ,89.30 
2017-02-12,,90.60 
2017-02-10,688.30 ,
2017-02-09,681.85 ,
2017-02-08,682.90 ,90.60 
2017-02-07,677.40 ,90.60 
2017-02-06,684.40 ,
2017-02-05,,82.80 
2017-02-04,689.75 ,
2017-02-03,,82.80 
2017-02-02,,82.80 
2017-01-25,674.35 ,82.80 
2017-01-24,664.35 ,82.80 
2017-01-23,655.40 ,82.80 
2017-01-22,665.30 ,82.80 
2017-01-21,,82.40 
2017-01-20,679.05 ,
2017-01-19,662.80 ,82.40 
2017-01-18,672.60 ,82.40 
2017-01-17,669.85 ,
2017-01-16,654.74 ,82.90 
2017-01-15,,82.90 
2017-01-13,667.74 ,
2017-01-12,658.39 ,82.90 
2017-01-11,662.99 ,82.90 
2017-01-10,661.49 ,82.90 
2017-01-09,651.59 ,82.90 
2017-01-08,,82.90 
2017-01-06,662.14 ,
2017-01-05,652.84 ,82.30 
2017-01-04,663.43 ,82.30 
2017-01-03,660.13 ,82.30 
2017-01-02,,82.30 
2016-12-30,670.43 ,
2016-12-29,660.78 ,79.90 
2016-12-28,657.58 ,79.90 
2016-12-27,660.23 ,79.90 
2016-12-26,655.63 ,82.60 
2016-12-25,,82.60 
2016-12-23,661.83 ,
2016-12-22,664.38 ,82.60 
2016-12-21,672.58 ,82.60 
2016-12-20,661.93 ,82.60 
2016-12-19,651.28 ,82.60 
2016-12-18,,82.70 
2016-12-16,668.53 ,
2016-12-15,664.38 ,82.70 
2016-12-14,654.93 ,82.70 
2016-12-13,644.88 ,82.70 
2016-12-12,651.48 ,82.70 
2016-12-11,,86.50 
2016-12-09,661.33 ,
2016-12-08,652.03 ,
2016-12-07,647.58 ,86.50 
2016-12-06,649.23 ,86.50 
2016-12-05,630.08 ,
2016-12-04,,93.70 
2016-12-02,643.43 ,
2016-12-01,650.13 ,93.70 
2016-11-30,643.43 ,93.70 
2016-11-29,643.38 ,93.70 
2016-11-28,648.98 ,
2016-11-27,,101.00 
2016-11-25,655.43 ,
2016-11-24,648.58 ,101.00 
2016-11-23,655.98 ,101.00 
2016-11-22,650.18 ,101.00 
2016-11-21,642.38 ,101.00 
2016-11-20,,113.30 
2016-11-18,655.83 ,
2016-11-17,650.78 ,113.30 
2016-11-16,646.68 ,113.30 
2016-11-15,635.98 ,113.30 
2016-11-14,642.53 ,120.40 
2016-11-13,,120.40 
2016-11-11,650.82 ,
2016-11-10,639.67 ,120.40 
2016-11-09,647.42 ,120.40 
2016-11-08,656.57 ,120.40 
2016-11-07,646.12 ,126.50 
2016-11-06,,126.50 
2016-11-04,652.88 ,
2016-11-03,640.23 ,123.30 
2016-11-02,638.98 ,123.30 
2016-11-01,637.23 ,123.30 
2016-10-31,647.88 ,123.30 
2016-10-30,,124.30 
2016-10-28,654.08 ,
2016-10-27,645.13 ,124.30 
2016-10-26,648.48 ,124.30 
2016-10-25,652.43 ,124.30 
2016-10-24,650.23 ,124.30 
2016-10-23,,130.40 
2016-10-21,635.68 ,
2016-10-20,626.33 ,130.40 
2016-10-19,630.08 ,130.40 
2016-10-18,621.54 ,130.40 
2016-10-17,619.64 ,130.40 
2016-10-16,,134.45 
2016-10-14,632.95 ,
2016-10-13,636.27 ,134.45 
2016-10-12,635.02 ,134.45 
2016-10-11,625.77 ,
2016-10-10,618.32 ,139.45 
2016-10-09,,139.45 
2016-10-07,,139.45 
2016-09-29,655.82 ,139.45 
2016-09-28,646.73 ,139.45 
2016-09-27,650.18 ,139.45 
2016-09-26,647.03 ,137.40 
2016-09-25,,137.40 
2016-09-23,657.78 ,
2016-09-22,654.83 ,
2016-09-21,649.63 ,137.40 
2016-09-20,640.13 ,137.40 
2016-09-19,656.58 ,137.40 
2016-09-18,648.73 ,137.70 
2016-09-17,,137.70 
2016-09-14,663.78 ,
2016-09-13,658.23 ,137.70 
2016-09-12,658.73 ,127.50 
2016-09-11,,127.50 
2016-09-09,669.33 ,
2016-09-08,653.27 ,127.50 
2016-09-07,641.28 ,127.50 
2016-09-06,654.63 ,127.50 
2016-09-05,645.33 ,127.50 
2016-09-04,,121.40 
2016-09-02,661.68 ,
2016-09-01,654.33 ,121.40 
2016-08-31,647.28 ,121.40 
2016-08-30,654.33 ,121.40 
2016-08-29,663.28 ,120.40 
2016-08-28,,120.40 
2016-08-26,675.88 ,
2016-08-25,680.08 ,120.40 
2016-08-24,684.28 ,120.40 
2016-08-23,687.49 ,120.40 
2016-08-22,678.69 ,120.40 
2016-08-21,,120.40 
2016-08-19,684.54 ,
2016-08-18,694.04 ,120.40 
2016-08-17,684.59 ,120.40 
2016-08-16,694.39 ,120.40 
2016-08-15,685.69 ,122.78 
2016-08-14,,122.78 
2016-08-12,691.08 ,
2016-08-11,686.38 ,122.78 
2016-08-10,681.18 ,122.78 
2016-08-09,679.88 ,122.78 
2016-08-08,685.63 ,124.20 
2016-08-07,,124.20 
2016-08-05,690.57 ,
2016-08-04,688.22 ,124.20 
2016-08-03,687.12 ,124.20 
2016-08-02,682.94 ,124.20 
2016-08-01,685.79 ,118.70 
2016-07-31,,118.70 
2016-07-29,691.98 ,
2016-07-28,693.63 ,118.70 
2016-07-27,688.93 ,118.70 
2016-07-26,684.23 ,
2016-07-25,671.83 ,116.90 
2016-07-24,,116.90 
2016-07-22,690.18 ,
2016-07-21,695.73 ,116.90 
2016-07-20,686.08 ,116.90 
2016-07-19,687.28 ,116.90 
2016-07-18,656.33 ,113.35 
2016-07-17,,113.35 
2016-07-15,663.43 ,
2016-07-14,670.58 ,113.35 
2016-07-13,684.23 ,113.35 
2016-07-12,673.28 ,108.60 
2016-07-11,669.03 ,108.60 
2016-07-10,,108.60 
2016-07-08,674.18 ,
2016-07-07,675.63 ,108.60 
2016-07-06,664.08 ,108.60 
2016-07-05,652.13 ,108.60 
2016-07-04,648.68 ,108.60 
2016-07-03,,90.70 
2016-07-01,650.53 ,
2016-06-30,666.28 ,90.70 
2016-06-29,684.03 ,90.70 
2016-06-28,688.38 ,90.70 
2016-06-27,692.68 ,90.70 
2016-06-26,,84.20 
2016-06-24,685.97 ,
2016-06-23,693.57 ,84.20 
2016-06-22,694.42 ,84.20 
2016-06-21,689.32 ,84.20 
2016-06-20,691.17 ,84.20 
2016-06-19,,78.10 
2016-06-17,683.27 ,
2016-06-16,698.02 ,78.10 
2016-06-15,687.38 ,78.10 
2016-06-14,695.38 ,78.10 
2016-06-13,685.73 ,
2016-06-12,693.12 ,75.70 
2016-06-11,,75.70 
2016-06-08,696.96 ,
2016-06-07,687.31 ,75.70 
2016-06-06,682.46 ,75.70 
2016-06-05,,71.40 
2016-06-03,690.46 ,
2016-06-02,686.31 ,71.40 
2016-06-01,689.01 ,71.40 
2016-05-31,690.41 ,71.40 
2016-05-30,684.41 ,71.40 
2016-05-29,,68.76 
2016-05-27,695.86 ,
2016-05-26,697.21 ,68.76 
2016-05-25,694.31 ,68.76 
2016-05-24,687.36 ,68.76 
2016-05-23,693.67 ,68.76 
2016-05-22,,67.15 
2016-05-20,691.32 ,
2016-05-19,692.62 ,67.15 
2016-05-18,687.27 ,67.15 
2016-05-17,689.02 ,
2016-05-16,677.42 ,
2016-05-15,,67.15 
2016-05-13,694.32 ,
2016-05-12,682.87 ,67.15 
2016-05-11,677.52 ,77.55 
2016-05-10,684.97 ,77.55 
2016-05-09,672.57 ,77.55 
2016-05-08,,63.65 
2016-05-06,685.67 ,
2016-05-05,680.17 ,63.65 
2016-05-04,675.07 ,63.65 
2016-05-03,663.42 ,63.65 
2016-05-02,,64.25 
2016-04-29,675.46 ,
2016-04-28,682.06 ,64.25 
2016-04-27,670.61 ,64.25 
2016-04-26,683.61 ,
2016-04-25,678.16 ,63.47 
2016-04-24,,63.47 
2016-04-22,683.31 ,
2016-04-21,682.06 ,63.47 
2016-04-20,673.61 ,63.47 
2016-04-19,683.40 ,63.47 
2016-04-18,660.15 ,63.47 
2016-04-17,,60.67 
2016-04-15,670.12 ,
2016-04-14,663.27 ,60.67 
2016-04-13,675.92 ,60.67 
2016-04-12,680.82 ,60.67 
2016-04-11,695.42 ,64.11 
2016-04-10,,64.11 
2016-04-08,688.62 ,
2016-04-07,681.96 ,64.11 
2016-04-06,670.21 ,64.11 
2016-04-05,664.86 ,
2016-04-04,,64.11 
2016-04-01,671.31 ,
2016-03-31,651.21 ,64.11 
2016-03-30,658.76 ,64.11 
2016-03-29,653.21 ,64.11 
2016-03-28,656.21 ,64.11 
2016-03-25,678.21 ,
2016-03-24,681.16 ,67.07 
2016-03-23,684.31 ,
2016-03-22,675.31 ,
2016-03-21,666.01 ,
2016-03-20,,67.07 
2016-03-18,676.45 ,
2016-03-17,688.60 ,67.07 
2016-03-16,676.45 ,67.07 
2016-03-15,664.85 ,67.07 
2016-03-14,671.80 ,64.52 
2016-03-13,,64.52 
2016-03-11,680.80 ,
2016-03-10,675.45 ,64.52 
2016-03-09,667.55 ,64.52 
2016-03-08,672.50 ,
2016-03-07,665.05 ,67.47 
2016-03-04,677.65 ,
2016-03-03,670.20 ,67.47 
2016-03-02,668.00 ,67.47 
2016-03-01,673.25 ,67.47 
2016-02-29,665.24 ,67.47 
2016-02-26,678.29 ,
2016-02-25,682.44 ,
2016-02-24,679.29 ,
2016-02-23,669.69 ,
2016-02-22,671.14 ,
2016-02-19,683.39 ,
2016-02-18,684.94 ,
2016-02-17,679.79 ,73.21 
2016-02-16,664.14 ,
2016-02-13,,73.21 
2016-02-05,,73.21 
2016-02-04,,73.21 
2016-02-03,631.69 ,
2016-02-02,633.74 ,
2016-02-01,642.69 ,73.21 
2016-01-31,,73.21 
2016-01-29,661.99 ,
2016-01-28,657.99 ,75.51 
2016-01-27,653.99 ,75.51 
2016-01-26,662.39 ,75.51 
2016-01-25,657.69 ,75.51 
2016-01-24,,75.51 
2016-01-22,673.14 ,
2016-01-21,668.84 ,75.51 
2016-01-20,671.54 ,75.51 
2016-01-19,674.14 ,83.01 
2016-01-18,686.39 ,83.01 
2016-01-17,,83.01 
2016-01-15,695.39 ,
2016-01-14,705.79 ,83.01 
2016-01-13,691.99 ,83.01 
2016-01-12,703.54 ,83.01 
2016-01-11,695.74 ,83.01 
2016-01-10,,83.01 
2016-01-08,701.79 ,
2016-01-07,699.64 ,83.01 
2016-01-06,717.29 ,83.01 
2016-01-05,721.44 ,83.01 
2016-01-04,712.84 ,83.01 
2016-01-03,,83.01 
2015-12-31,731.09 ,
2015-12-30,728.94 ,
2015-12-29,719.74 ,
2015-12-28,724.04 ,
2015-12-25,732.49 ,
2015-12-24,729.19 ,
2015-12-23,732.59 ,
2015-12-22,735.99 ,82.77 
2015-12-21,725.94 ,82.77 
2015-12-18,732.79 ,
2015-12-17,721.84 ,93.99 
2015-12-16,723.85 ,
2015-12-15,712.30 ,93.99 
2015-12-14,721.55 ,93.99 
2015-12-11,731.80 ,
2015-12-10,710.85 ,92.31 
2015-12-09,700.50 ,92.31 
2015-12-08,690.85 ,91.53 
2015-12-07,713.00 ,
2015-12-04,708.85 ,
2015-12-03,699.70 ,92.31 
2015-12-02,703.50 ,92.31 
2015-12-01,693.85 ,92.31 
2015-11-30,691.35 ,
2015-11-29,,95.37 
2015-11-27,716.24 ,
2015-11-26,713.59 ,95.37 
2015-11-25,717.34 ,95.37 
2015-11-24,709.69 ,95.37 
2015-11-23,706.94 ,95.37 
2015-11-20,704.24 ,
2015-11-19,696.19 ,95.91 
2015-11-18,707.04 ,95.91 
2015-11-17,711.23 ,95.91 
2015-11-16,708.43 ,
2015-11-13,701.67 ,
2015-11-12,706.06 ,95.91 
2015-11-11,691.71 ,95.91 
2015-11-10,683.81 ,95.91 
2015-11-09,693.86 ,
2015-11-06,689.70 ,
2015-11-05,673.14 ,93.05 
2015-11-04,657.14 ,93.05 
2015-11-03,622.49 ,
2015-11-02,625.89 ,
2015-10-30,641.18 ,
2015-10-29,639.83 ,90.27 
2015-10-28,631.03 ,90.27 
2015-10-27,622.78 ,90.27 
2015-10-26,625.33 ,
2015-10-23,633.88 ,
2015-10-22,643.03 ,88.26 
2015-10-21,639.93 ,88.26 
2015-10-20,648.48 ,88.26 
2015-10-19,631.63 ,
2015-10-16,627.48 ,
2015-10-15,618.38 ,
2015-10-14,636.68 ,
2015-10-13,627.83 ,
2015-10-12,633.13 ,
2015-10-10,640.77 ,
2015-10-09,633.82 ,
2015-10-08,639.02 ,
2015-09-30,623.22 ,
2015-09-29,612.27 ,92.99 
2015-09-28,613.47 ,92.99 
2015-09-27,,92.99 
2015-09-25,625.52 ,
2015-09-24,635.72 ,92.99 
2015-09-23,646.02 ,91.91 
2015-09-22,630.62 ,
2015-09-21,627.92 ,
2015-09-20,,92.99 
2015-09-18,635.98 ,
2015-09-17,640.58 ,92.99 
2015-09-16,638.38 ,
2015-09-15,645.08 ,94.04 
2015-09-14,631.02 ,94.04 
2015-09-11,643.42 ,
2015-09-10,651.27 ,
2015-09-09,642.67 ,94.04 
2015-09-08,632.82 ,94.04 
2015-09-07,642.42 ,94.04 
2015-09-06,639.67 ,92.87 
2015-09-02,647.17 ,
2015-09-01,631.62 ,92.87 
2015-08-31,628.52 ,92.87 
2015-08-30,,92.87 
2015-08-28,639.12 ,
2015-08-27,636.27 ,92.87 
2015-08-26,632.77 ,92.87 
2015-08-25,622.67 ,
2015-08-24,579.37 ,
2015-08-23,,90.62 
2015-08-21,570.57 ,
2015-08-20,568.57 ,90.62 
2015-08-19,572.77 ,90.62 
2015-08-18,576.27 ,89.62 
2015-08-17,572.52 ,89.62 
2015-08-16,,89.62 
2015-08-14,568.52 ,
2015-08-13,567.57 ,89.62 
2015-08-12,571.77 ,89.62 
2015-08-11,570.47 ,
2015-08-10,554.52 ,
2015-08-09,,87.19 
2015-08-07,564.47 ,
2015-08-06,568.47 ,
2015-08-05,563.57 ,87.19 
2015-08-04,565.62 ,
2015-08-03,550.27 ,84.47 
2015-07-31,549.97 ,
2015-07-30,553.82 ,84.47 
2015-07-29,545.47 ,
2015-07-28,561.32 ,85.48 
2015-07-27,559.07 ,
2015-07-24,565.53 ,
2015-07-23,561.48 ,
2015-07-22,549.28 ,85.48 
2015-07-21,548.68 ,
2015-07-20,536.68 ,88.50 
2015-07-17,555.68 ,
2015-07-16,549.68 ,88.50 
2015-07-15,556.23 ,
2015-07-14,568.23 ,
2015-07-13,555.98 ,
2015-07-10,543.28 ,
2015-07-09,525.48 ,
2015-07-08,530.73 ,81.97 
2015-07-07,542.53 ,
2015-07-06,530.18 ,79.04 
2015-07-03,545.93 ,
2015-07-02,539.93 ,79.04 
2015-07-01,533.93 ,
2015-06-30,545.73 ,79.04 
2015-06-29,533.43 ,
2015-06-28,,68.65 
2015-06-26,546.63 ,
2015-06-25,541.53 ,
2015-06-24,534.98 ,68.65 
2015-06-23,521.48 ,
2015-06-22,,68.65 
2015-06-19,544.53 ,
2015-06-18,538.44 ,68.65 
2015-06-17,543.69 ,
2015-06-16,533.89 ,68.65 
2015-06-15,532.09 ,
2015-06-12,540.19 ,
2015-06-11,530.79 ,
2015-06-10,538.94 ,62.67 
2015-06-09,534.99 ,
2015-06-08,524.69 ,62.67 
2015-06-05,533.50 ,
2015-06-04,527.90 ,62.22 
2015-06-03,533.70 ,
2015-06-02,527.35 ,62.22 
2015-06-01,521.30 ,
2015-05-29,530.95 ,
2015-05-28,530.15 ,
2015-05-27,529.20 ,58.65 
2015-05-26,527.50 ,
2015-05-25,500.90 ,58.65 
2015-05-22,514.10 ,
2015-05-21,534.80 ,57.89 
2015-05-20,531.40 ,
2015-05-19,521.90 ,
2015-05-18,515.70 ,
2015-05-17,,57.68 
2015-05-15,525.10 ,
2015-05-14,523.85 ,
2015-05-13,528.30 ,57.89 
2015-05-12,521.20 ,
2015-05-11,519.65 ,58.29 
2015-05-08,510.70 ,
2015-05-07,503.30 ,56.24 
2015-05-06,483.75 ,
2015-05-05,488.35 ,56.24 
2015-05-04,493.30 ,
2015-05-03,,51.87 
2015-04-30,510.90 ,
2015-04-29,512.25 ,51.87 
2015-04-28,502.30 ,
2015-04-27,497.15 ,
2015-04-24,531.10 ,
2015-04-23,527.75 ,51.87 
2015-04-22,524.60 ,
2015-04-21,520.55 ,
2015-04-20,510.65 ,
2015-04-17,517.20 ,
2015-04-16,507.55 ,
2015-04-15,514.45 ,52.85 
2015-04-14,500.35 ,
2015-04-13,515.00 ,54.18 
2015-04-12,,54.18 
2015-04-10,510.00 ,
2015-04-09,501.00 ,54.18 
2015-04-08,490.45 ,
2015-04-07,484.45 ,59.57 
2015-04-03,494.10 ,
2015-04-02,505.55 ,
2015-04-01,494.00 ,59.57 
2015-03-31,482.55 ,
2015-03-30,476.30 ,
2015-03-27,487.15 ,
2015-03-26,499.60 ,60.83 
2015-03-25,488.55 ,
2015-03-24,495.25 ,60.83 
2015-03-23,491.95 ,
2015-03-22,,60.83 
2015-03-20,503.15 ,
2015-03-19,496.95 ,
2015-03-18,503.45 ,65.40 
2015-03-17,498.75 ,
2015-03-16,512.35 ,65.40 
2015-03-13,521.95 ,
2015-03-12,516.70 ,68.98 
2015-03-11,524.25 ,
2015-03-10,525.65 ,68.98 
2015-03-09,520.55 ,
2015-03-08,,72.71 
2015-03-06,537.00 ,
2015-03-05,544.80 ,
2015-03-04,546.20 ,74.00 
2015-03-03,535.60 ,
2015-03-02,554.30 ,
2015-02-28,563.90 ,
2015-02-27,559.95 ,
2015-02-26,564.50 ,78.78 
2015-02-25,557.60 ,
2015-02-17,542.70 ,
2015-02-16,527.70 ,
2015-02-15,536.30 ,84.70 
2015-02-13,529.70 ,
2015-02-12,538.85 ,84.70 
2015-02-11,531.50 ,
2015-02-10,529.55 ,84.70 
2015-02-09,504.35 ,
2015-02-06,518.50 ,
2015-02-05,536.80 ,
2015-02-04,537.30 ,89.77 
2015-02-03,543.75 ,
2015-02-02,535.85 ,89.77 
2015-01-30,523.63 ,
2015-01-29,524.63 ,
2015-01-28,530.08 ,
2015-01-27,524.78 ,88.72 
2015-01-26,531.18 ,
2015-01-25,,88.70 
2015-01-23,543.03 ,
2015-01-22,542.73 ,
2015-01-21,535.93 ,89.60 
2015-01-20,529.03 ,
2015-01-19,511.33 ,97.54 
2015-01-16,527.98 ,
2015-01-15,516.77 ,97.54 
2015-01-14,504.57 ,
2015-01-13,515.72 ,97.54 
2015-01-12,491.12 ,
2015-01-11,,98.64 
2015-01-09,506.06 ,
2015-01-08,486.89 ,
2015-01-07,498.19 ,98.64 
2015-01-06,502.54 ,
2015-01-05,520.04 ,
2015-01-04,518.34 ,
2015-01-03,,98.36 
2014-12-31,475.34 ,
2014-12-30,491.64 ,
2014-12-29,491.14 ,98.36 
2014-12-26,482.74 ,
2014-12-25,471.54 ,108.30 
2014-12-24,460.09 ,
2014-12-23,440.09 ,108.30 
2014-12-22,468.44 ,
2014-12-21,,103.20 
2014-12-19,470.64 ,
2014-12-18,461.64 ,
2014-12-17,475.14 ,108.30 
2014-12-16,490.89 ,
2014-12-15,479.94 ,108.30 
2014-12-12,492.24 ,
2014-12-11,485.29 ,110.30 
2014-12-10,474.24 ,
2014-12-09,480.39 ,110.30 
2014-12-08,474.49 ,
2014-12-07,,110.30 
2014-12-05,493.22 ,
2014-12-04,484.67 ,
2014-12-03,495.11 ,109.55 
2014-12-02,505.55 ,
2014-12-01,515.40 ,109.55 
2014-11-28,507.70 ,
2014-11-27,481.30 ,113.94 
2014-11-26,508.00 ,
2014-11-25,529.25 ,113.94 
2014-11-24,531.70 ,
2014-11-23,,113.94 
2014-11-21,521.35 ,
2014-11-20,524.30 ,
2014-11-19,509.09 ,115.75 
2014-11-18,522.89 ,
2014-11-17,527.78 ,115.75 
2014-11-14,518.23 ,
2014-11-13,522.08 ,118.28 
2014-11-12,516.77 ,
2014-11-11,513.63 ,118.28 
2014-11-10,516.92 ,
2014-11-07,513.46 ,
2014-11-06,504.66 ,
2014-11-05,503.11 ,124.58 
2014-11-04,501.25 ,
2014-11-03,492.39 ,124.58 
2014-10-31,470.70 ,
2014-10-30,459.50 ,125.78 
2014-10-29,459.55 ,
2014-10-28,462.70 ,125.78 
2014-10-27,471.41 ,
2014-10-26,,128.08 
2014-10-24,534.01 ,
2014-10-23,568.06 ,
2014-10-22,584.16 ,127.96 
2014-10-21,592.75 ,
2014-10-20,602.05 ,127.96 
2014-10-17,652.21 ,
2014-10-16,647.01 ,126.20 
2014-10-15,655.96 ,
2014-10-14,664.16 ,126.20 
2014-10-13,666.90 ,
2014-10-12,,123.79 
2014-10-11,659.35 ,
2014-10-10,663.20 ,
2014-10-09,654.69 ,126.48 
2014-10-07,,126.48 
2014-09-28,651.54 ,127.88 
2014-09-26,655.34 ,
2014-09-25,664.59 ,127.88 
2014-09-24,666.99 ,
2014-09-23,671.34 ,127.88 
2014-09-22,670.34 ,
2014-09-21,,127.88 
2014-09-19,679.79 ,
2014-09-18,684.59 ,
2014-09-17,677.59 ,129.55 
2014-09-16,682.59 ,
2014-09-15,675.59 ,129.55 
2014-09-12,673.24 ,
2014-09-11,679.75 ,130.85 
2014-09-10,680.90 ,
2014-09-09,670.02 ,130.85 
2014-09-05,684.82 ,
2014-09-04,674.32 ,
2014-09-03,675.82 ,126.32 
2014-09-02,672.57 ,
2014-09-01,662.77 ,126.32 
2014-08-29,662.52 ,
2014-08-28,679.62 ,125.93 
2014-08-27,684.87 ,
2014-08-26,678.77 ,125.93 
2014-08-25,683.57 ,
2014-08-24,,125.93 
2014-08-22,680.82 ,
2014-08-21,674.47 ,
2014-08-20,674.62 ,129.31 
2014-08-19,668.82 ,
2014-08-18,675.17 ,129.31 
2014-08-15,679.37 ,
2014-08-14,673.52 ,129.43 
2014-08-13,667.47 ,
2014-08-12,655.12 ,129.43 
2014-08-11,654.77 ,
2014-08-10,,129.43 
2014-08-08,664.42 ,
2014-08-07,651.67 ,
2014-08-06,650.97 ,126.87 
2014-08-05,654.67 ,
2014-08-04,646.57 ,126.87 
2014-08-01,651.57 ,
2014-07-31,649.12 ,128.45 
2014-07-30,653.22 ,
2014-07-29,662.67 ,128.45 
2014-07-28,660.17 ,
2014-07-27,,128.45 
2014-07-25,709.07 ,
2014-07-24,731.27 ,
2014-07-23,733.37 ,123.55 
2014-07-22,728.92 ,
2014-07-21,725.17 ,123.55 
2014-07-18,725.29 ,
2014-07-17,721.09 ,120.72 
2014-07-16,716.89 ,
2014-07-15,725.14 ,120.72 
2014-07-14,715.36 ,
2014-07-11,720.66 ,
2014-07-10,711.47 ,
2014-07-09,701.37 ,
2014-07-08,710.07 ,
2014-07-07,700.97 ,120.55 
2014-07-04,691.07 ,
2014-07-03,711.77 ,122.43 
2014-07-02,714.07 ,
2014-07-01,704.37 ,122.43 
2014-06-30,718.67 ,
2014-06-29,,122.43 
2014-06-27,709.72 ,
2014-06-26,714.12 ,
2014-06-25,705.77 ,118.45 
2014-06-24,696.99 ,
2014-06-23,694.02 ,118.45 
2014-06-20,695.64 ,
2014-06-19,697.79 ,112.02 
2014-06-18,699.94 ,
2014-06-17,684.46 ,112.02 
2014-06-16,685.66 ,
2014-06-15,,112.02 
2014-06-13,690.31 ,
2014-06-12,697.86 ,
2014-06-11,687.11 ,110.30 
2014-06-10,694.56 ,
2014-06-09,678.51 ,110.30 
2014-06-06,687.61 ,
2014-06-05,695.46 ,101.63 
2014-06-04,685.51 ,
2014-06-03,681.56 ,101.63 
2014-05-30,685.66 ,
2014-05-29,681.31 ,
2014-05-28,683.11 ,100.04 
2014-05-27,672.55 ,
2014-05-26,679.65 ,100.04 
2014-05-23,680.70 ,
2014-05-22,679.55 ,96.18 
2014-05-21,675.14 ,
2014-05-20,664.44 ,96.18 
2014-05-19,671.44 ,
2014-05-18,,96.18 
2014-05-16,666.04 ,
2014-05-15,672.64 ,
2014-05-14,672.94 ,
2014-05-13,667.59 ,
2014-05-12,669.24 ,94.15 
2014-05-09,675.04 ,
2014-05-08,665.39 ,94.58 
2014-05-07,643.64 ,
2014-05-06,663.14 ,94.58 
2014-05-05,670.44 ,
2014-05-04,652.28 ,94.58 
2014-04-30,665.83 ,
2014-04-29,655.49 ,93.16 
2014-04-28,656.19 ,
2014-04-27,,93.16 
2014-04-25,666.64 ,
2014-04-24,661.74 ,
2014-04-23,656.44 ,93.17 
2014-04-22,659.64 ,
2014-04-21,647.54 ,93.17 
2014-04-18,656.89 ,
2014-04-17,656.29 ,94.02 
2014-04-16,649.69 ,
2014-04-15,655.09 ,94.02 
2014-04-14,654.39 ,
2014-04-13,,94.02 
2014-04-11,648.44 ,
2014-04-10,649.00 ,
2014-04-09,643.10 ,90.60 
2014-04-08,636.55 ,
2014-04-07,,90.70 
2014-04-04,642.75 ,
2014-04-03,631.75 ,
2014-04-02,630.85 ,90.00 
2014-04-01,623.90 ,
2014-03-31,616.80 ,90.00 
2014-03-28,638.30 ,
2014-03-27,625.25 ,89.95 
2014-03-26,624.05 ,
2014-03-25,622.85 ,89.95 
2014-03-24,618.75 ,
2014-03-21,619.36 ,
2014-03-20,607.86 ,
2014-03-19,610.06 ,94.55 
2014-03-18,600.27 ,
2014-03-17,595.87 ,
2014-03-14,588.71 ,
2014-03-13,585.16 ,94.55 
2014-03-12,581.47 ,
2014-03-11,560.54 ,94.55 
2014-03-10,557.39 ,
2014-03-07,555.00 ,
2014-03-06,570.20 ,
2014-03-05,561.66 ,96.63 
2014-03-04,550.36 ,
2014-03-03,556.16 ,96.63 
2014-02-28,564.27 ,
2014-02-27,570.57 ,98.72 
2014-02-26,565.12 ,
2014-02-25,554.32 ,98.72 
2014-02-24,548.37 ,
2014-02-23,,98.72 
2014-02-21,544.62 ,
2014-02-20,545.22 ,
2014-02-19,546.36 ,101.73 
2014-02-18,535.06 ,
2014-02-17,524.72 ,98.00 
2014-02-14,536.68 ,
2014-02-13,531.78 ,101.73 
2014-02-12,527.32 ,
2014-02-11,522.58 ,101.73 
2014-02-10,526.28 ,
2014-02-09,,101.70 
2014-02-06,,95.40 
2014-01-28,531.48 ,95.40 
2014-01-27,522.08 ,
2014-01-26,510.78 ,95.40 
2014-01-24,511.98 ,
2014-01-23,515.38 ,95.40 
2014-01-22,518.78 ,
2014-01-21,504.63 ,95.40 
2014-01-20,490.34 ,
2014-01-19,,97.67 
2014-01-17,501.29 ,
2014-01-16,491.99 ,
2014-01-15,477.79 ,95.48 
2014-01-14,492.49 ,
2014-01-13,485.45 ,
2014-01-10,488.86 ,
2014-01-09,494.06 ,94.03 
2014-01-08,505.26 ,
2014-01-07,504.92 ,94.03 
2014-01-06,498.76 ,
2014-01-05,,94.03 
2014-01-03,491.96 ,
2014-01-02,484.96 ,
2014-01-01,,93.88 
2013-12-31,477.96 ,
2013-12-30,470.71 ,93.88 
2013-12-27,489.81 ,
2013-12-26,507.91 ,95.00 
2013-12-25,516.17 ,
2013-12-24,532.77 ,95.00 
2013-12-23,548.27 ,
2013-12-22,,95.00 
2013-12-20,530.27 ,
2013-12-19,521.12 ,
2013-12-18,525.22 ,97.60 
2013-12-17,516.44 ,
2013-12-16,505.38 ,97.60 
2013-12-13,529.29 ,
2013-12-12,525.86 ,92.80 
2013-12-11,529.26 ,
2013-12-10,521.55 ,92.80 
2013-12-09,530.25 ,
2013-12-08,,92.80 
2013-12-06,527.14 ,
2013-12-05,511.41 ,
2013-12-04,519.21 ,92.60 
2013-12-03,520.92 ,
2013-12-02,516.64 ,92.60 
2013-11-29,511.19 ,
2013-11-28,535.14 ,96.60 
2013-11-27,523.05 ,
2013-11-26,522.20 ,96.60 
2013-11-25,514.35 ,
2013-11-24,,96.60 
2013-11-22,510.25 ,
2013-11-21,520.75 ,
2013-11-20,512.50 ,91.40 
2013-11-19,509.90 ,
2013-11-18,519.30 ,
2013-11-15,524.75 ,
2013-11-14,519.30 ,94.80 
2013-11-13,519.52 ,
2013-11-12,499.87 ,94.80 
2013-11-11,495.90 ,
2013-11-08,507.99 ,
2013-11-07,497.89 ,
2013-11-06,493.04 ,92.40 
2013-11-05,487.71 ,
2013-11-04,475.37 ,92.40 
2013-11-01,482.17 ,
2013-10-31,488.17 ,94.70 
2013-10-30,494.59 ,
2013-10-29,495.14 ,94.70 
2013-10-28,489.69 ,
2013-10-27,,94.70 
2013-10-25,496.14 ,
2013-10-24,485.30 ,
2013-10-23,478.67 ,88.90 
2013-10-22,472.62 ,
2013-10-21,489.32 ,88.90 
2013-10-18,498.28 ,
2013-10-17,495.93 ,84.50 
2013-10-16,498.63 ,
2013-10-15,495.78 ,84.50 
2013-10-14,485.98 ,
2013-10-13,,85.00 
2013-10-11,478.76 ,
2013-10-10,462.71 ,90.75 
2013-10-09,451.76 ,90.75 
2013-10-08,448.21 ,90.75 
2013-09-30,524.10 ,84.29 
2013-09-29,534.21 ,84.29 
2013-09-27,585.61 ,84.29 
2013-09-26,579.59 ,84.29 
2013-09-25,594.29 ,84.29 
2013-09-24,596.54 ,84.29 
2013-09-23,599.68 ,80.20 
2013-09-22,601.38 ,80.20 
2013-09-18,599.93 ,
2013-09-17,596.58 ,80.20 
2013-09-16,593.28 ,80.20 
2013-09-13,600.76 ,78.68 
2013-09-12,586.34 ,78.68 
2013-09-11,576.54 ,
2013-09-10,579.24 ,
2013-09-09,628.94 ,78.68 
2013-09-08,,78.68 
2013-09-06,625.04 ,
2013-09-05,627.74 ,82.75 
2013-09-04,630.44 ,82.75 
2013-09-03,633.14 ,82.75 
2013-09-02,629.84 ,82.75 
2013-08-30,631.94 ,89.70 
2013-08-29,634.64 ,89.70 
2013-08-28,631.34 ,89.70 
2013-08-27,627.44 ,89.70 
2013-08-26,624.14 ,89.70 
2013-08-25,,89.70 
2013-08-23,626.24 ,
2013-08-22,628.94 ,90.60 
2013-08-21,631.64 ,90.60 
2013-08-20,634.34 ,90.60 
2013-08-19,637.04 ,90.60 
2013-08-16,633.14 ,90.90 
2013-08-15,635.84 ,90.90 
2013-08-14,638.54 ,90.90 
2013-08-13,635.24 ,90.90 
2013-08-12,631.94 ,90.90 
2013-08-11,,90.90 
2013-08-09,622.04 ,94.90 
2013-08-08,618.74 ,94.90 
2013-08-07,615.44 ,94.90 
2013-08-06,612.14 ,94.90 
2013-08-05,602.84 ,92.40 
2013-08-04,,92.40 
2013-08-02,592.94 ,
2013-08-01,595.64 ,84.10 
2013-07-31,598.34 ,84.10 
2013-07-30,589.04 ,84.10 
2013-07-29,591.74 ,84.10 
2013-07-26,587.84 ,83.10 
2013-07-25,584.54 ,83.10 
2013-07-24,571.24 ,83.10 
2013-07-23,561.94 ,83.10 
2013-07-22,558.64 ,83.10 
2013-07-21,,83.10 
2013-07-19,545.29 ,
2013-07-18,546.79 ,
2013-07-17,543.49 ,
2013-07-16,546.19 ,79.30 
2013-07-15,536.29 ,79.30 
2013-07-12,532.39 ,82.10 
2013-07-11,522.49 ,82.10 
2013-07-10,513.19 ,82.10 
2013-07-09,527.89 ,82.10 
2013-07-08,530.59 ,82.10 
2013-07-07,,82.10 
2013-07-05,514.69 ,
2013-07-04,505.39 ,79.10 
2013-07-03,502.09 ,79.10 
2013-07-02,498.79 ,79.10 
2013-07-01,501.49 ,79.10 
2013-06-28,491.59 ,78.70 
2013-06-27,494.29 ,78.70 
2013-06-26,502.99 ,78.70 
2013-06-25,493.69 ,78.70 
2013-06-24,466.39 ,78.70 
2013-06-23,,78.70 
2013-06-21,437.29 ,
2013-06-20,427.99 ,76.80 
2013-06-19,424.69 ,76.80 
2013-06-18,421.39 ,76.80 
2013-06-17,424.09 ,76.80 
2013-06-14,414.19 ,80.80 
2013-06-13,410.89 ,80.80 
2013-06-09,412.99 ,80.80 
2013-06-08,403.69 ,80.80 
2013-06-07,406.39 ,80.80 
2013-06-06,403.09 ,80.80 
2013-06-05,405.79 ,80.80 
2013-06-04,405.49 ,80.80 
2013-06-03,396.19 ,80.80 
2013-06-02,,80.80 
2013-05-31,376.89 ,
2013-05-30,378.89 ,89.90 
2013-05-29,375.59 ,89.90 
2013-05-28,375.29 ,89.90 
2013-05-27,377.99 ,89.90 
2013-05-24,371.09 ,90.90 
2013-05-23,367.79 ,90.90 
2013-05-22,382.49 ,90.90 
2013-05-21,349.19 ,90.90 
2013-05-20,357.89 ,90.90 
2013-05-19,,90.90 
2013-05-17,359.99 ,
2013-05-16,374.69 ,81.50 
2013-05-15,389.39 ,81.50 
2013-05-14,380.09 ,81.50 
2013-05-13,394.79 ,81.50 
2013-05-10,360.39 ,86.00 
2013-05-09,375.09 ,86.00 
2013-05-08,359.79 ,86.00 
2013-05-07,374.49 ,86.00 
2013-05-06,389.19 ,86.00 
2013-05-05,,86.00 
2013-05-03,391.29 ,
2013-05-02,373.14 ,
2013-04-25,383.29 ,95.00 
2013-04-24,374.69 ,95.00 
2013-04-23,365.10 ,95.00 
2013-04-22,360.50 ,95.00 
2013-04-19,347.75 ,98.20 
2013-04-18,361.35 ,98.20 
2013-04-17,363.39 ,98.20 
2013-04-16,353.04 ,98.20 
2013-04-15,354.69 ,96.20 
2013-04-14,,96.20 
2013-04-12,358.79 ,
2013-04-11,354.49 ,93.00 
2013-04-10,350.24 ,93.00 
2013-04-09,346.30 ,93.00 
2013-04-08,359.90 ,93.00 
2013-04-07,360.95 ,89.70 
2013-04-06,,89.70 
2013-04-03,371.60 ,
2013-04-02,368.45 ,
2013-04-01,364.50 ,89.70 
2013-03-31,,89.70 
2013-03-29,394.10 ,
2013-03-28,396.85 ,94.90 
2013-03-27,399.37 ,94.90 
2013-03-26,413.37 ,94.90 
2013-03-25,421.37 ,94.90 
2013-03-22,421.95 ,92.80 
2013-03-21,436.30 ,92.80 
2013-03-20,432.40 ,92.80 
2013-03-19,430.95 ,92.80 
2013-03-18,428.49 ,92.80 
2013-03-17,,92.80 
2013-03-15,432.88 ,
2013-03-14,424.66 ,
2013-03-13,439.41 ,
2013-03-12,454.20 ,
2013-03-11,451.19 ,
2013-03-08,469.07 ,
2013-03-07,461.42 ,
2013-03-06,458.27 ,
2013-03-05,455.53 ,
2013-03-04,470.48 ,
2013-03-01,490.48 ,
2013-02-28,505.38 ,
2013-02-27,502.83 ,
2013-02-26,498.18 ,
2013-02-25,477.93 ,
2013-02-22,499.63 ,
2013-02-21,490.29 ,
2013-02-20,481.40 ,
2013-02-19,478.55 ,
2013-02-18,493.20 ,
2013-02-05,486.32 ,
2013-02-04,487.62 ,
2013-02-01,499.47 ,
2013-01-31,513.47 ,
2013-01-30,515.95 ,
2013-01-29,529.90 ,
2013-01-28,532.18 ,
2013-01-25,532.73 ,
2013-01-24,535.53 ,
2013-01-23,531.88 ,
2013-01-22,522.18 ,
2013-01-21,513.44 ,
2013-01-20,490.34 ,
2013-01-18,515.33 ,
2013-01-17,512.58 ,
2013-01-16,526.98 ,
2013-01-15,524.93 ,
2013-01-14,510.34 ,
2013-01-11,530.32 ,
2013-01-10,526.30 ,
2013-01-09,510.55 ,
2013-01-08,503.37 ,
2013-01-07,517.82 ,
2013-01-04,525.92 ,
2012-12-31,549.72 ,
2012-12-28,558.21 ,
2012-12-27,561.06 ,
2012-12-26,553.76 ,
2012-12-25,551.13 ,
2012-12-24,547.73 ,
2012-12-21,555.64 ,
2012-12-20,551.77 ,
2012-12-19,543.06 ,
2012-12-18,539.71 ,
2012-12-17,526.27 ,
2012-12-14,540.79 ,
2012-12-13,543.52 ,
2012-12-12,535.14 ,
2012-12-11,549.74 ,
2012-12-10,564.39 ,
2012-12-07,568.30 ,
2012-12-06,565.44 ,
2012-12-05,544.61 ,
2012-12-04,559.21 ,
2012-12-03,555.65 ,
2012-11-30,560.60 ,
2012-11-29,563.05 ,
2012-11-28,555.22 ,
2012-11-27,558.91 ,
2012-11-26,554.66 ,
2012-11-23,557.72 ,
2012-11-22,561.01 ,
2012-11-21,539.85 ,
2012-11-20,554.60 ,
2012-11-19,547.30 ,
2012-11-16,556.06 ,
2012-11-15,554.26 ,
2012-11-14,547.96 ,
2012-11-13,536.13 ,
2012-11-12,550.93 ,
2012-11-09,542.81 ,
2012-11-08,545.92 ,
2012-11-07,561.02 ,
2012-11-06,552.11 ,
2012-11-05,560.62 ,
2012-11-02,558.73 ,
2012-11-01,534.49 ,
2012-10-31,543.54 ,
2012-10-30,542.19 ,
2012-10-29,539.75 ,
2012-10-26,546.71 ,
2012-10-24,542.66 ,
2012-10-23,541.43 ,
2012-10-22,540.22 ,
2012-10-19,544.32 ,
2012-10-18,542.37 ,
2012-10-17,546.00 ,
2012-10-16,543.13 ,
2012-10-15,558.68 ,
2012-10-12,560.87 ,
2012-10-11,564.23 ,
2012-10-10,566.66 ,
2012-10-09,564.13 ,
2012-09-28,565.23 ,
2012-09-27,568.48 ,
2012-09-26,577.43 ,
2012-09-25,576.11 ,
2012-09-24,574.49 ,
2012-09-21,587.60 ,
2012-09-20,578.14 ,
2012-09-19,583.10 ,
2012-09-18,581.13 ,
2012-09-17,584.63 ,
2012-09-14,597.13 ,
2012-09-13,594.61 ,
2012-09-10,604.81 ,
2012-09-07,611.90 ,
2012-09-06,615.68 ,
2012-09-05,614.96 ,
2012-09-04,614.61 ,
2012-09-03,613.16 ,
2012-08-31,610.82 ,
2012-08-30,621.32 ,
2012-08-29,625.97 ,
2012-08-28,624.38 ,
2012-08-27,622.45 ,
2012-08-24,629.72 ,
2012-08-23,622.10 ,
2012-08-22,609.86 ,
2012-08-21,626.76 ,
2012-08-20,643.66 ,
2012-08-17,655.46 ,
2012-08-16,654.91 ,
2012-08-15,652.46 ,
2012-08-14,639.38 ,
2012-08-13,633.72 ,
2012-08-10,649.81 ,
2012-08-09,643.85 ,
2012-08-08,660.85 ,
2012-08-07,658.85 ,
2012-08-06,651.45 ,
2012-08-03,660.18 ,
2012-08-02,654.12 ,
2012-08-01,659.42 ,
2012-07-31,665.27 ,
2012-07-30,648.55 ,
2012-07-27,653.52 ,
2012-07-26,670.77 ,
2012-07-25,682.02 ,
2012-07-24,687.73 ,
2012-07-23,680.91 ,
2012-07-20,678.93 ,
2012-07-19,683.11 ,
2012-07-18,676.76 ,
2012-07-17,682.57 ,
2012-07-16,682.04 ,
2012-07-13,691.11 ,
2012-07-12,690.11 ,
2012-07-11,680.71 ,
2012-07-10,685.61 ,
2012-07-09,678.77 ,
2012-07-06,687.97 ,
2012-07-05,681.39 ,
2012-07-04,686.44 ,
2012-07-03,685.30 ,
2012-07-02,677.75 ,
2012-06-29,688.97 ,
2012-06-28,688.23 ,
2012-06-27,682.83 ,
2012-06-26,682.53 ,
2012-06-25,675.13 ,
2012-06-22,684.61 ,
2012-06-20,677.16 ,
2012-06-19,670.98 ,
2012-06-18,665.48 ,
2012-06-15,679.98 ,
2012-06-14,678.13 ,
2012-06-13,670.90 ,
2012-06-12,674.57 ,
2012-06-11,671.17 ,
2012-06-08,667.71 ,
2012-06-07,666.04 ,
2012-06-06,669.84 ,
2012-06-05,656.22 ,
2012-06-04,649.46 ,
2012-06-01,640.99 ,
2012-05-31,656.74 ,
2012-05-30,672.34 ,
2012-05-29,676.50 ,
2012-05-28,679.50 ,
2012-05-25,665.79 ,
2012-05-24,664.80 ,
2012-05-23,662.68 ,
2012-05-22,678.78 ,
2012-05-21,663.84 ,
2012-05-18,662.37 ,
2012-05-17,653.73 ,
2012-05-16,643.98 ,
2012-05-15,658.48 ,
2012-05-14,636.74 ,
2012-05-11,640.95 ,
2012-05-10,656.35 ,
2012-05-09,643.10 ,
2012-05-08,657.00 ,
2012-05-07,652.90 ,
2012-05-04,671.01 ,
2012-05-03,661.06 ,
2012-05-02,651.11 ,
2012-04-27,652.00 ,
2012-04-26,633.14 ,
2012-04-25,645.29 ,
2012-04-24,633.84 ,
2012-04-23,634.45 ,
2012-04-20,643.94 ,
2012-04-19,638.69 ,
2012-04-18,633.29 ,
2012-04-17,617.04 ,
2012-04-16,617.97 ,
2012-04-13,607.20 ,
2012-04-12,597.36 ,
2012-04-11,586.14 ,
2012-04-10,598.54 ,
2012-04-09,598.39 ,
2012-04-06,605.44 ,
2012-04-05,617.79 ,
2012-04-01,582.89 ,
2012-03-31,595.19 ,
2012-03-30,607.74 ,
2012-03-29,608.84 ,
2012-03-27,606.09 ,
2012-03-26,603.23 ,
2012-03-23,610.78 ,
2012-03-22,623.23 ,
2012-03-21,624.23 ,
2012-03-20,620.08 ,
2012-03-19,633.33 ,
2012-03-16,638.92 ,
2012-03-15,634.67 ,
2012-03-13,631.24 ,
2012-03-12,645.84 ,
2012-03-09,648.24 ,
2012-03-08,636.72 ,
2012-03-07,632.47 ,
2012-03-06,634.83 ,
2012-03-05,630.98 ,
2012-03-02,632.81 ,
2012-03-01,647.61 ,
2012-02-29,662.51 ,
2012-02-28,649.56 ,
2012-02-27,640.57 ,
2012-02-24,642.55 ,
