时间,棕榈油港口库存:合计（万吨）
2013.05.14,148.6
2013.05.15,148.6
2013.05.16,148.6
2013.05.19,141.9
2013.05.20,141.9
2013.05.21,141.9
2013.05.22,141.9
2013.05.23,141.9
2013.05.26,146.5
2013.05.27,146.5
2013.05.28,146.5
2013.05.29,146.5
2013.05.30,146.5
2013.05.31,146.5
2013.06.02,136
2013.06.03,136
2013.06.04,136
2013.06.05,136
2013.06.06,136
2013.06.07,136
2013.06.08,136
2013.06.09,136
2013.06.12,136
2013.06.13,136
2013.06.14,136
2013.06.16,125.3
2013.06.17,125.3
2013.06.18,125.3
2013.06.19,125.3
2013.06.20,125.3
2013.06.21,125.3
2013.06.23,128.39
2013.06.24,128.39
2013.06.25,128.39
2013.06.26,128.39
2013.06.27,128.39
2013.06.28,128.39
2013.07.01,124.37
2013.07.02,124.37
2013.07.03,124.37
2013.07.04,124.37
2013.07.05,124.37
2013.07.07,123.5
2013.07.08,123.5
2013.07.09,123.5
2013.07.10,123.5
2013.07.11,123.5
2013.07.12,123.5
2013.07.14,125.5
2013.07.15,125.5
2013.07.16,125.5
2013.07.17,125.5
2013.07.18,125.5
2013.07.19,125.5
2013.07.21,126.8
2013.07.22,126.8
2013.07.23,126.8
2013.07.24,126.8
2013.07.25,126.8
2013.07.26,126.8
2013.07.28,129.08
2013.07.29,129.08
2013.07.30,129.08
2013.07.31,129.08
2013.08.01,129.08
2013.08.02,129.08
2013.08.04,127.79
2013.08.05,127.79
2013.08.06,127.79
2013.08.07,127.79
2013.08.08,127.79
2013.08.09,127.79
2013.08.11,126.14
2013.08.12,126.14
2013.08.13,126.14
2013.08.14,126.14
2013.08.15,126.14
2013.08.16,126.14
2013.08.18,129.5
2013.08.19,129.5
2013.08.20,129.5
2013.08.21,129.5
2013.08.22,129.5
2013.08.23,129.5
2013.08.25,120.9
2013.08.26,120.9
2013.08.27,120.9
2013.08.28,120.9
2013.08.29,120.9
2013.08.30,120.9
2013.09.01,113.52
2013.09.02,113.52
2013.09.03,113.52
2013.09.04,113.52
2013.09.05,113.52
2013.09.06,113.52
2013.09.08,110.52
2013.09.09,110.52
2013.09.10,110.52
2013.09.12,110.52
2013.09.13,110.52
2013.09.15,103.81
2013.09.16,103.81
2013.09.17,103.81
2013.09.18,103.81
2013.09.21,103.81
2013.09.22,106.55
2013.09.23,106.55
2013.09.24,106.55
2013.09.25,106.55
2013.09.26,106.55
2013.09.27,106.55
2013.09.28,106.55
2013.09.29,106.55
2013.09.30,106.55
2013.10.07,100.15
2013.10.08,100.15
2013.10.09,100.15
2013.10.10,100.15
2013.10.11,100.15
2013.10.12,100.15
2013.10.13,90.35
2013.10.14,90.35
2013.10.15,90.35
2013.10.16,90.35
2013.10.17,90.35
2013.10.18,90.35
2013.10.20,89.72
2013.10.21,89.72
2013.10.22,89.72
2013.10.23,89.72
2013.10.24,89.72
2013.10.25,89.72
2013.10.27,97.57
2013.10.28,97.57
2013.10.29,97.57
2013.10.30,97.57
2013.10.31,97.57
2013.11.01,97.57
2013.11.03,92.86
2013.11.04,92.86
2013.11.05,92.86
2013.11.06,92.86
2013.11.07,92.86
2013.11.08,92.86
2013.11.11,94.54
2013.11.12,94.54
2013.11.13,94.54
2013.11.14,94.54
2013.11.15,94.54
2013.11.17,94.4
2013.11.18,94.4
2013.11.19,94.4
2013.11.20,94.4
2013.11.21,94.4
2013.11.22,94.4
2013.11.24,93.2
2013.11.25,93.2
2013.11.26,93.2
2013.11.27,93.2
2013.11.28,93.2
2013.11.29,93.2
2013.12.01,92.5
2013.12.02,92.5
2013.12.03,92.5
2013.12.04,92.5
2013.12.05,92.5
2013.12.06,92.5
2013.12.08,94.25
2013.12.09,94.25
2013.12.10,94.25
2013.12.11,94.25
2013.12.12,94.25
2013.12.13,94.25
2013.12.15,100.33
2013.12.16,100.33
2013.12.17,100.33
2013.12.18,100.33
2013.12.19,100.33
2013.12.20,100.33
2013.12.22,100.3
2013.12.23,100.3
2013.12.24,100.3
2013.12.25,100.3
2013.12.26,100.3
2013.12.27,100.3
2013.12.29,97.58
2013.12.30,95.58
2013.12.31,95.58
2014.01.01,95.58
2014.01.02,95.58
2014.01.03,95.58
2014.01.05,101.46
2014.01.06,102.76
2014.01.07,102.76
2014.01.08,102.76
2014.01.09,102.76
2014.01.10,102.76
2014.01.12,110.12
2014.01.13,110.12
2014.01.14,110.12
2014.01.15,110.12
2014.01.16,110.12
2014.01.17,110.12
2014.01.19,116.92
2014.01.20,117.72
2014.01.21,117.72
2014.01.22,117.72
2014.01.23,117.72
2014.01.24,117.72
2014.01.25,117.72
2014.01.26,117.72
2014.01.27,117.72
2014.01.28,117.72
2014.01.29,117.72
2014.01.30,117.72
2014.02.06,117.72
2014.02.07,117.72
2014.02.08,117.72
2014.02.09,119
2014.02.10,120.15
2014.02.11,120.15
2014.02.12,120.15
2014.02.13,120.15
2014.02.14,120.15
2014.02.16,121.04
2014.02.17,121.84
2014.02.18,120.15
2014.02.19,120.15
2014.02.20,120.15
2014.02.21,120.15
2014.02.23,119.35
2014.02.24,119.35
2014.02.25,119.35
2014.02.26,119.35
2014.02.27,119.35
2014.02.28,119.35
2014.03.02,118.42
2014.03.03,122.32
2014.03.04,122.32
2014.03.05,122.32
2014.03.06,122.32
2014.03.07,122.32
2014.03.10,125.91
2014.03.11,125.91
2014.03.12,125.91
2014.03.13,125.91
2014.03.14,125.91
2014.03.16,127.84
2014.03.17,127.84
2014.03.18,125.91
2014.03.19,125.91
2014.03.20,125.91
2014.03.21,125.91
2014.03.24,126.22
2014.03.25,126.22
2014.03.26,126.22
2014.03.27,126.22
2014.03.28,126.22
2014.03.30,121.41
2014.03.31,121.41
2014.04.01,121.41
2014.04.02,121.41
2014.04.03,121.41
2014.04.04,121.41
2014.04.07,122.32
2014.04.08,122.32
2014.04.09,122.32
2014.04.10,122.32
2014.04.11,122.32
2014.04.13,122.96
2014.04.14,122.96
2014.04.15,122.96
2014.04.16,122.96
2014.04.17,122.96
2014.04.18,122.96
2014.04.20,121.94
2014.04.21,121.94
2014.04.22,121.94
2014.04.23,121.94
2014.04.24,121.94
2014.04.25,121.94
2014.04.27,114.05
2014.04.28,114.05
2014.04.29,114.05
2014.04.30,114.05
2014.05.04,112.86
2014.05.05,112.86
2014.05.06,112.86
2014.05.07,112.86
2014.05.08,112.86
2014.05.09,112.86
2014.05.11,120.8
2014.05.12,120.8
2014.05.13,120.8
2014.05.14,120.8
2014.05.15,120.8
2014.05.16,120.8
2014.05.18,124.04
2014.05.19,124.04
2014.05.20,124.04
2014.05.21,124.04
2014.05.22,124.04
2014.05.23,124.04
2014.05.25,120.77
2014.05.26,120.77
2014.05.27,120.77
2014.05.28,120.77
2014.05.29,120.77
2014.05.30,120.77
2014.06.02,117.68
2014.06.03,117.68
2014.06.04,117.68
2014.06.05,117.68
2014.06.06,117.68
2014.06.08,116.18
2014.06.09,116.18
2014.06.10,116.18
2014.06.11,116.18
2014.06.12,116.18
2014.06.13,116.18
2014.06.15,116.38
2014.06.16,116.38
2014.06.17,116.38
2014.06.18,116.38
2014.06.19,116.38
2014.06.20,116.38
2014.06.22,122.49
2014.06.23,122.49
2014.06.24,122.49
2014.06.25,122.49
2014.06.26,122.49
2014.06.27,122.49
2014.06.29,117.82
2014.06.30,117.82
2014.07.01,117.82
2014.07.02,117.82
2014.07.03,117.82
2014.07.04,117.82
2014.07.06,120.66
2014.07.07,120.66
2014.07.08,120.66
2014.07.09,120.66
2014.07.10,120.66
2014.07.11,120.66
2014.07.14,122.05
2014.07.15,122.05
2014.07.16,122.05
2014.07.17,122.05
2014.07.18,122.05
2014.07.21,118.98
2014.07.22,118.98
2014.07.23,118.98
2014.07.24,118.98
2014.07.25,118.98
2014.07.27,119.18
2014.07.28,119.18
2014.07.29,119.18
2014.07.30,119.18
2014.07.31,119.18
2014.08.01,119.18
2014.08.03,113.55
2014.08.04,113.55
2014.08.05,113.55
2014.08.06,113.55
2014.08.07,113.55
2014.08.08,113.55
2014.08.10,107.67
2014.08.11,107.67
2014.08.12,107.67
2014.08.13,107.67
2014.08.14,107.67
2014.08.15,107.67
2014.08.18,104.31
2014.08.19,104.31
2014.08.20,104.31
2014.08.21,104.31
2014.08.24,101.28
2014.08.25,101.28
2014.08.26,101.28
2014.08.27,101.28
2014.08.28,101.28
2014.08.29,101.28
2014.08.31,97.74
2014.09.01,97.74
2014.09.02,97.74
2014.09.03,97.74
2014.09.04,97.74
2014.09.09,88.31
2014.09.10,88.31
2014.09.11,88.31
2014.09.14,88.65
2014.09.15,81.3
2014.09.16,81.3
2014.09.17,81.3
2014.09.21,84.42
2014.09.22,84.42
2014.09.23,84.42
2014.09.25,84.42
2014.09.27,84.42
2014.09.28,84.42
2014.09.29,84.42
2014.10.07,77.94
2014.10.08,77.94
2014.10.09,77.94
2014.10.10,77.94
2014.10.12,71.18
2014.10.13,69.89
2014.10.14,69.89
2014.10.15,69.89
2014.10.16,69.89
2014.10.20,66.12
2014.10.21,66.12
2014.10.22,66.12
2014.10.23,66.12
2014.10.26,58.62
2014.10.27,57.22
2014.10.28,57.22
2014.10.29,57.22
2014.10.30,57.22
2014.11.02,57.83
2014.11.03,57.22
2014.11.04,57.22
2014.11.05,57.22
2014.11.06,57.22
2014.11.10,59.58
2014.11.11,59.58
2014.11.12,59.58
2014.11.13,59.58
2014.11.16,59.88
2014.11.17,59.88
2014.11.18,59.88
2014.11.19,59.88
2014.11.20,59.88
2014.11.23,59.27
2014.11.24,59.27
2014.11.25,59.27
2014.11.26,59.27
2014.11.27,59.27
2014.11.30,59.55
2014.12.01,59.55
2014.12.02,59.55
2014.12.03,59.55
2014.12.04,59.55
2014.12.07,64.19
2014.12.08,63.97
2014.12.09,63.97
2014.12.10,63.97
2014.12.11,63.97
2014.12.14,63.97
2014.12.15,63.12
2014.12.16,63.12
2014.12.17,63.12
2014.12.18,63.12
2014.12.21,64.16
2014.12.22,64.16
2014.12.23,63.12
2014.12.24,63.12
2014.12.25,63.12
2014.12.29,65.58
2014.12.30,65.58
2015.01.03,65.58
2015.01.04,72.13
2015.01.06,71.85
2015.01.07,71.85
2015.01.08,71.85
2015.01.11,71.85
2015.01.13,67.41
2015.01.14,67.41
2015.01.15,67.41
2015.01.19,67.99
2015.01.20,68.67
2015.01.21,68.67
2015.01.22,68.67
2015.01.25,69.19
2015.01.26,69.19
2015.01.27,69.19
2015.01.28,69.19
2015.02.02,62.24
2015.02.03,62.24
2015.02.04,62.24
2015.02.05,62.24
2015.02.09,58.57
2015.02.10,59.2
2015.02.11,59.2
2015.02.12,59.2
2015.02.14,59.2
2015.02.15,59.2
2015.02.16,59.2
2015.02.25,57.78
2015.02.26,57.78
2015.02.27,57.78
2015.03.03,54.98
2015.03.04,54.98
2015.03.05,54.98
2015.03.08,59.86
2015.03.09,53.46
2015.03.10,53.46
2015.03.11,53.46
2015.03.12,53.46
2015.03.15,53.46
2015.03.16,51.07
2015.03.17,51.07
2015.03.18,51.07
2015.03.19,51.07
2015.03.22,54.2
2015.03.23,54.2
2015.03.24,54.2
2015.03.25,54.2
2015.03.26,54.2
2015.03.30,50.48
2015.03.31,50.48
2015.04.01,50.48
2015.04.02,50.48
2015.04.07,43.59
2015.04.08,50.48
2015.04.09,50.48
2015.04.12,50.48
2015.04.13,50.48
2015.04.14,43.43
2015.04.15,43.43
2015.04.16,43.43
2015.04.20,43.43
2015.04.22,44.08
2015.04.23,44.08
2015.04.26,44.08
2015.04.28,47.08
2015.04.29,44.08
2015.05.03,44.08
2015.05.04,43.62
2015.05.05,43.62
2015.05.06,43.62
2015.05.07,43.62
2015.05.10,43.62
2015.05.11,42.68
2015.05.12,41.88
2015.05.13,41.88
2015.05.14,41.88
2015.05.17,44.76
2015.05.18,45.21
2015.05.20,45.21
2015.05.21,45.21
2015.05.25,43.62
2015.05.26,43.62
2015.05.27,43.62
2015.05.28,43.62
2015.06.01,42.47
2015.06.02,42.47
2015.06.03,42.47
2015.06.04,42.47
2015.06.07,42.47
2015.06.08,46.85
2015.06.09,46.85
2015.06.10,46.85
2015.06.11,46.85
2015.06.15,54.66
2015.06.16,54.66
2015.06.17,54.66
2015.06.18,54.66
2015.06.22,54.66
2015.06.23,54.66
2015.06.24,54.66
2015.06.25,54.66
2015.06.28,54.66
2015.06.29,54.66
2015.06.30,50.2
2015.07.01,50.2
2015.07.02,50.2
2015.07.06,50.2
2015.07.07,55.51
2015.07.08,55.51
2015.07.09,55.51
2015.07.13,57.22
2015.07.15,57.22
2015.07.16,57.22
2015.07.19,57.22
2015.07.20,57.22
2015.07.21,59.02
2015.07.22,57.22
2015.07.23,57.22
2015.07.27,57.22
2015.07.28,57.22
2015.07.29,61.7
2015.07.30,61.7
2015.08.02,61.7
2015.08.03,61.7
2015.08.04,61.7
2015.08.05,68.04
2015.08.09,68.04
2015.08.12,70.01
2015.08.13,70.01
2015.08.16,70.01
2015.08.17,70.01
2015.08.18,70.01
2015.08.19,69.11
2015.08.20,69.11
2015.08.23,69.11
2015.08.26,67.82
2015.08.27,67.82
2015.08.30,67.82
2015.08.31,67.82
2015.09.01,67.82
2015.09.06,67.82
2015.09.07,74.23
2015.09.08,74.23
2015.09.09,74.23
2015.09.14,74.23
2015.09.15,74.23
2015.09.17,75.01
2015.09.20,75.01
2015.09.23,72.63
2015.09.24,75.01
2015.09.27,75.01
2015.09.28,75.01
2015.09.29,75.01
2015.10.20,78.15
2015.10.21,78.15
2015.10.22,78.15
2015.10.27,74.62
2015.10.28,74.62
2015.10.29,74.62
2015.11.04,73.22
2015.11.05,73.22
2015.11.10,71.53
2015.11.11,71.53
2015.11.12,71.53
2015.11.17,71.58
2015.11.18,71.53
2015.11.19,71.53
2015.11.23,75.15
2015.11.24,75.15
2015.11.25,75.15
2015.11.26,75.15
2015.11.29,75.15
2015.12.01,70.6
2015.12.02,70.6
2015.12.03,70.6
2015.12.08,76.13
2015.12.09,70.6
2015.12.10,70.6
2015.12.14,77.53
2015.12.15,77.53
2015.12.17,77.53
2015.12.21,83.07
2015.12.22,83.07
2016.01.03,82.01
2016.01.04,82.01
2016.01.05,82.01
2016.01.06,82.01
2016.01.07,82.01
2016.01.10,82.01
2016.01.11,82.01
2016.01.12,82.01
2016.01.13,82.01
2016.01.14,82.01
2016.01.17,82.01
2016.01.18,82.01
2016.01.19,82.01
2016.01.20,98.74
2016.01.21,98.74
2016.01.24,98.74
2016.01.25,98.74
2016.01.26,98.74
2016.01.27,98.74
2016.01.28,98.74
2016.01.31,101.1
2016.02.01,101.1
2016.02.04,101.1
2016.02.05,101.1
2016.02.13,101.1
2016.02.17,101.1
2016.02.29,103.14
2016.03.01,103.14
2016.03.02,103.14
2016.03.03,103.14
2016.03.07,103.14
2016.03.09,85.6
2016.03.10,85.6
2016.03.13,85.6
2016.03.14,85.6
2016.03.15,92.4
2016.03.16,92.4
2016.03.17,92.4
2016.03.18,92.4
2016.03.20,92.4
2016.03.21,92.4
2016.03.24,92.4
2016.03.25,88.45
2016.03.28,88.45
2016.03.29,88.45
2016.03.30,88.45
2016.03.31,88.45
2016.04.04,88.45
2016.04.06,88.45
2016.04.07,88.45
2016.04.10,88.45
2016.04.11,88.45
2016.04.12,89.87
2016.04.13,89.87
2016.04.14,89.87
2016.04.17,89.87
2016.04.18,88.3
2016.04.19,88.3
2016.04.20,88.3
2016.04.21,88.3
2016.04.24,88.3
2016.04.25,88.3
2016.04.27,86.2
2016.04.28,86.2
2016.05.02,86.2
2016.05.03,72.4
2016.05.04,72.4
2016.05.05,72.4
2016.05.08,72.4
2016.05.09,67.3
2016.05.10,67.3
2016.05.11,67.3
2016.05.12,67.3
2016.05.15,67.3
2016.05.18,67.3
2016.05.19,67.3
2016.05.22,67.3
2016.05.23,62.2
2016.05.24,62.2
2016.05.25,62.2
2016.05.26,62.2
2016.05.29,62.2
2016.05.30,57
2016.05.31,57
2016.06.01,57
2016.06.02,57
2016.06.05,57
2016.06.06,51.4
2016.06.07,51.4
2016.06.11,51.4
2016.06.12,51.4
2016.06.14,47.85
2016.06.15,47.85
2016.06.16,47.85
2016.06.19,47.85
2016.06.20,43.1
2016.06.21,43.1
2016.06.22,43.1
2016.06.23,43.1
2016.06.26,43.1
2016.06.27,37.9
2016.06.28,37.9
2016.06.29,37.9
2016.06.30,37.9
2016.07.03,37.9
2016.07.04,33.5
2016.07.05,33.5
2016.07.06,33.5
2016.07.07,33.5
2016.07.10,33.5
2016.07.11,33.5
2016.07.12,33.5
2016.07.13,30.65
2016.07.14,30.65
2016.07.17,30.65
2016.07.18,30.65
2016.07.19,33.25
2016.07.20,33.25
2016.07.21,33.25
2016.07.24,33.25
2016.07.25,33.25
2016.07.27,33.25
2016.07.28,33.25
2016.07.31,33.25
2016.08.01,33.25
2016.08.02,35.8
2016.08.03,35.8
2016.08.04,35.8
2016.08.07,35.8
2016.08.08,35.8
2016.08.09,32.4
2016.08.10,32.4
2016.08.11,32.4
2016.08.14,32.4
2016.08.15,32.4
2016.08.16,28.1
2016.08.17,28.1
2016.08.18,28.1
2016.08.21,28.1
2016.08.22,30.3
2016.08.23,30.3
2016.08.24,30.3
2016.08.25,30.3
2016.08.28,30.3
2016.08.29,30.3
2016.08.30,28.7
2016.08.31,28.7
2016.09.01,28.7
2016.09.04,28.7
2016.09.05,31
2016.09.06,31
2016.09.07,31
2016.09.08,31
2016.09.11,31
2016.09.12,31
2016.09.13,29.65
2016.09.17,29.65
2016.09.18,29.65
2016.09.19,29.6
2016.09.20,29.6
2016.09.21,29.6
2016.09.25,29.6
2016.09.26,29.6
2016.09.27,30.7
2016.09.28,30.7
2016.09.29,30.7
2016.10.07,30.7
2016.10.09,30.7
2016.10.10,30.7
2016.10.12,34.8
2016.10.13,34.8
2016.10.16,34.8
2016.10.17,31
2016.10.18,31
2016.10.19,31
2016.10.20,31
2016.10.23,31
2016.10.24,32.5
2016.10.25,32.5
2016.10.26,32.5
2016.10.27,32.5
2016.10.30,32.5
2016.10.31,28.35
2016.11.01,28.35
2016.11.02,28.35
2016.11.03,28.35
2016.11.06,28.35
2016.11.07,28.35
2016.11.08,29.1
2016.11.09,29.1
2016.11.10,29.1
2016.11.13,29.1
2016.11.14,29.1
2016.11.15,24.6
2016.11.16,24.6
2016.11.17,24.6
2016.11.20,24.6
2016.11.21,23.35
2016.11.22,23.35
2016.11.23,23.35
2016.11.24,23.35
2016.11.27,23.35
2016.11.29,23.95
2016.11.30,23.95
2016.12.01,23.95
2016.12.04,23.95
2016.12.06,24.35
2016.12.07,24.35
2016.12.11,24.35
2016.12.12,28.3
2016.12.13,28.3
2016.12.14,28.3
2016.12.15,28.3
2016.12.18,28.3
2016.12.19,28.35
2016.12.20,28.35
2016.12.21,28.35
2016.12.22,28.35
2016.12.25,28.35
2016.12.26,28.35
2016.12.27,28.7
2016.12.28,28.7
2016.12.29,28.7
2017.01.02,35.3
2017.01.03,35.3
2017.01.04,35.3
2017.01.05,35.3
2017.01.08,33.6
2017.01.09,33.6
2017.01.10,33.6
2017.01.11,33.6
2017.01.12,42.2
2017.01.15,42.2
2017.01.16,42.2
2017.01.18,47.9
2017.01.19,47.9
2017.01.21,47.9
2017.01.22,46.25
2017.01.23,46.25
2017.01.24,46.25
2017.01.25,46.25
2017.02.02,46.25
2017.02.03,46.25
2017.02.05,46.25
2017.02.07,50
2017.02.08,50
2017.02.12,50
2017.02.13,54.6
2017.02.14,54.6
2017.02.15,54.6
2017.02.16,54.6
2017.02.19,54.6
2017.02.20,57.2
2017.02.21,57.2
2017.02.22,57.2
2017.02.23,57.2
2017.02.26,57.2
2017.02.27,55.3
2017.02.28,55.3
2017.03.01,55.3
2017.03.02,55.3
2017.03.05,55.3
2017.03.06,55.9
2017.03.07,55.9
2017.03.08,55.9
2017.03.09,55.9
2017.03.12,55.9
2017.03.13,56.1
2017.03.14,56.1
2017.03.15,56.1
2017.03.16,56.1
2017.03.19,56.1
2017.03.20,57.5
2017.03.21,57.5
2017.03.22,57.5
2017.03.23,57.5
2017.03.26,57.5
2017.03.27,57.6
2017.03.28,57.5
2017.03.29,57.5
2017.03.30,57.5
2017.03.31,57.5
2017.04.04,53.4
2017.04.05,53.4
2017.04.06,53.4
2017.04.09,53.4
2017.04.10,57.7
2017.04.11,57.7
2017.04.12,57.7
2017.04.13,57.7
2017.04.16,57.7
2017.04.17,58
2017.04.18,58
2017.04.19,58
2017.04.20,58
2017.04.23,58
2017.04.24,59.8
2017.04.25,59.8
2017.04.26,59.8
2017.04.27,59.8
2017.05.01,59.7
2017.05.02,59.8
2017.05.03,59.8
2017.05.04,59.8
2017.05.07,59.8
2017.05.09,59.8
2017.05.10,59.8
2017.05.11,59.8
2017.05.14,59.8
2017.05.15,61.1
2017.05.16,61.1
2017.05.17,61.1
2017.05.18,61.1
2017.05.21,61.1
2017.05.22,57.9
2017.05.23,57.9
2017.05.24,57.9
2017.05.25,57.9
2017.05.26,57.9
2017.05.30,56.2
2017.05.31,56.2
2017.06.01,56.2
2017.06.04,56.2
2017.06.05,55.6
2017.06.06,55.6
2017.06.07,55.6
2017.06.08,55.6
2017.06.11,55.6
2017.06.12,51.9
2017.06.13,51.9
2017.06.14,51.9
2017.06.18,51.9
2017.06.19,50.1
2017.06.20,50.1
2017.06.21,50.1
2017.06.22,50.1
2017.06.25,50.1
2017.06.26,47.9
2017.06.27,47.9
2017.06.28,47.9
2017.06.29,47.9
2017.07.02,47.9
2017.07.03,43.25
2017.07.04,43.25
2017.07.05,43.25
2017.07.06,43.25
2017.07.09,43.25
2017.07.10,40.1
2017.07.11,43.25
2017.07.12,43.25
2017.07.13,40.1
2017.07.17,36.5
2017.07.20,36.5
2017.07.25,37.2
2017.08.01,37.2
2017.08.02,32.3
2017.08.07,29.15
2017.08.14,28.3
2017.08.15,28.3
2017.08.16,28.3
2017.08.17,28.3
2017.08.20,28.3
2017.08.21,28.9
2017.08.22,28.9
2017.08.23,28.9
2017.08.24,28.9
2017.08.27,28.9
2017.08.28,33.4
2017.09.04,32.6
2017.09.05,32.6
2017.09.06,32.6
2017.09.07,32.6
2017.09.10,32.6
2017.09.11,32.2
2017.09.12,32.2
2017.09.13,32.2
2017.09.14,32.2
2017.09.17,32.2
2017.09.18,35.7
2017.09.19,35.7
2017.09.20,35.7
2017.09.21,35.7
2017.09.24,35.7
2017.09.25,36.5
2017.09.26,36.5
2017.09.27,36.5
2017.09.28,36.5
2017.09.29,36.5
2017.10.08,36.5
2017.10.09,36.5
2017.10.10,35.8
2017.10.11,35.8
2017.10.12,35.8
2017.10.15,35.8
2017.10.16,43.5
2017.10.17,43.5
2017.10.18,43.5
2017.10.23,45
2017.10.30,44.9
2017.11.06,46
2017.11.13,48.5
2017.11.20,52.4
2017.11.27,50
2017.12.04,48.6
2017.12.11,49.4
2017.12.18,52.7
2017.12.25,59.1
2018.01.03,58.6
2018.01.08,64
2018.01.10,64
2018.01.11,64
2018.01.14,64
2018.01.15,63.9
2018.01.16,63.9
2018.01.17,63.9
2018.01.18,63.9
2018.01.21,63.9
2018.01.22,60.15
2018.01.29,66.2
2018.02.05,65.3
2018.02.11,64
2018.02.22,66.2
2018.02.26,67.3
2018.03.05,66.6
2018.03.13,65.1
2018.03.19,61.8
2018.03.26,69.6
2018.04.03,68.9
2018.04.07,68.9
2018.04.08,68.9
2018.04.09,68.9
2018.04.10,69.4
2018.04.11,69.4
2018.04.12,69.4
2018.04.15,69.4
2018.04.16,69.4
2018.04.17,69.4
2018.04.18,69.4
2018.04.19,69.4
2018.04.22,69.4
2018.04.23,69.4
2018.04.24,69.4
2018.04.25,70.2
2018.04.26,70.2
2018.04.27,70.2
2018.05.01,70.2
2018.05.02,71.5
2018.05.03,71.5
2018.05.06,71.5
2018.05.07,69.2
2018.05.08,69.2
2018.05.09,69.2
2018.05.10,69.2
2018.05.13,69.2
2018.05.14,67.9
2018.05.15,67.9
2018.05.16,67.9
2018.05.17,67.9
2018.05.20,67.9
2018.05.21,63.7
2018.05.22,63.7
2018.05.23,63.7
2018.05.24,63.7
2018.05.27,63.7
2018.05.28,61.5
2018.05.29,63.7
2018.05.30,63.7
2018.05.31,63.7
2018.06.03,63.7
2018.06.04,63.7
2018.06.05,63.7
2018.06.06,62.3
2018.06.07,62.3
2018.06.10,62.3
2018.06.11,62.3
2018.06.12,62.3
2018.06.13,59.6
2018.06.14,59.6
2018.06.17,59.6
2018.06.18,59.6
2018.06.19,59.6
2018.06.20,59.6
2018.06.21,59.6
2018.06.24,59.6
2018.06.25,59.6
2018.06.26,60.2
2018.06.27,60.2
2018.06.28,60.2
2018.07.01,60.2
2018.07.02,60.2
2018.07.03,60.2
2018.07.04,60.2
2018.07.05,60.2
2018.07.08,60.2
2018.07.09,60.2
2018.07.10,55.5
2018.07.11,55.5
2018.07.12,55.5
2018.07.15,55.5
2018.07.16,55.5
2018.07.17,53.9
2018.07.18,53.9
2018.07.19,53.9
2018.07.22,53.9
2018.07.23,53.9
2018.07.24,51.5
2018.07.25,51.5
2018.07.26,51.5
2018.07.29,51.5
2018.07.30,51.5
2018.07.31,50.3
2018.08.01,50.3
2018.08.02,50.3
2018.08.05,50.3
2018.08.06,50.3
2018.08.07,50.3
2018.08.08,50.3
2018.08.09,50.3
2018.08.12,50.3
2018.08.13,50.3
2018.08.14,46.7
2018.08.15,49.3
2018.08.16,49.3
2018.08.19,49.3
2018.08.20,47.6
2018.08.21,47.6
2018.08.22,47.6
2018.08.23,47.6
2018.08.26,47.6
2018.08.27,47.6
2018.08.28,40.1
2018.08.29,40.1
2018.08.30,40.1
2018.09.02,40.1
2018.09.03,40.1
2018.09.04,42
2018.09.05,42
2018.09.06,42
2018.09.09,42
2018.09.10,46.1
2018.09.11,46.1
2018.09.12,46.1
2018.09.13,46.1
2018.09.16,46.1
2018.09.17,46.1
2018.09.18,45.4
2018.09.19,45.4
2018.09.20,45.4
2018.09.24,48
2018.09.25,48
2018.09.26,48
2018.09.27,48
2018.09.28,48
2018.09.29,48
2018.10.07,48
2018.10.08,48
2018.10.09,46.8
2018.10.10,46.8
2018.10.11,46.8
2018.10.14,46.8
2018.10.15,44.8
2018.10.16,44.8
2018.10.17,44.8
2018.10.18,44.8
2018.10.21,44.8
2018.10.22,44.8
2018.10.23,43.5
2018.10.24,43.5
2018.10.25,43.5
2018.10.28,43.5
2018.10.29,43.5
2018.10.30,41.8
2018.10.31,41.8
2018.11.01,41.8
2018.11.04,41.8
2018.11.05,41.8
2018.11.06,40
2018.11.07,40
2018.11.08,40
2018.11.11,40
2018.11.12,40
2018.11.13,40
2018.11.14,40
2018.11.15,40
2018.11.18,40
2018.11.19,40
2018.11.20,42.2
2018.11.21,42.2
2018.11.22,42.2
2018.11.25,42.2
2018.11.26,41.7
2018.11.27,41.7
2018.11.28,41.7
2018.11.29,41.7
2018.12.02,41.7
2018.12.03,42.2
2018.12.04,42.2
2018.12.05,42.2
2018.12.06,42.2
2018.12.09,42.2
2018.12.10,44.9
2018.12.11,44.9
2018.12.12,44.9
2018.12.13,44.9
2018.12.16,44.9
2018.12.17,44.3
2018.12.18,44.3
2018.12.19,44.3
2018.12.20,44.3
2018.12.23,44.3
2018.12.24,41.9
2018.12.25,41.9
2018.12.26,41.9
2018.12.27,41.9
2018.12.28,41.9
2019.01.01,41.75
2019.01.02,41.75
2019.01.03,41.75
2019.01.06,41.75
2019.01.07,41.75
2019.01.08,50.3
2019.01.09,50.3
2019.01.10,50.3
2019.01.13,50.3
2019.01.14,50.9
2019.01.15,50.9
2019.01.16,50.9
2019.01.17,50.9
2019.01.20,50.9
2019.01.21,53.2
2019.01.22,53.2
2019.01.23,53.2
2019.01.24,50.9
2019.01.25,50.9
2019.01.26,53.2
2019.01.27,53.2
2019.01.28,53.2
2019.01.29,53.2
2019.01.30,53.2
2019.01.31,53.2
2019.02.01,53.2
2019.02.09,60.5
2019.02.10,60.5
2019.02.11,60.5
2019.02.12,60.5
2019.02.13,60.5
2019.02.14,60.5
2019.02.15,60.5
2019.02.16,60.5
2019.02.17,60.5
2019.02.18,60.5
2019.02.19,60.5
2019.02.20,60.5
2019.02.21,60.5
2019.02.22,60.5
2019.02.23,75.8
2019.02.24,75.8
2019.02.25,75.8
2019.02.26,75.8
2019.02.27,75.8
2019.02.28,75.8
2019.03.01,75.8
2019.03.02,76.9
2019.03.03,76.9
2019.03.04,76.9
2019.03.05,76.9
2019.03.06,76.9
2019.03.07,76.9
2019.03.08,76.9
2019.03.09,77.9
2019.03.10,77.9
2019.03.11,77.9
2019.03.12,77.9
2019.03.13,77.9
2019.03.14,77.9
2019.03.15,77.9
2019.03.16,76.3
2019.03.17,76.3
2019.03.18,76.3
2019.03.19,76.3
2019.03.20,76.3
2019.03.21,76.3
2019.03.22,76.3
2019.03.23,77.7
2019.03.24,77.7
2019.03.25,77.7
2019.03.26,77.7
2019.03.27,77.7
2019.03.28,77.7
2019.03.29,77.7
2019.03.30,75.6
2019.03.31,75.6
2019.04.01,75.6
2019.04.02,75.6
2019.04.03,75.6
2019.04.04,75.6
2019.04.05,75.6
2019.04.06,73.8
2019.04.07,73.8
2019.04.08,73.8
2019.04.09,73.8
2019.04.10,73.8
2019.04.11,73.8
2019.04.12,73.8
2019.04.13,74.9
2019.04.14,74.9
2019.04.15,74.9
2019.04.16,74.9
2019.04.17,74.9
2019.04.18,74.9
2019.04.19,74.9
2019.04.20,74
2019.04.21,74
2019.04.22,74
2019.04.23,74
2019.04.24,74
2019.04.25,74
2019.04.26,74
2019.04.27,77
2019.04.28,77
2019.04.29,77
2019.04.30,77
2019.05.01,77
2019.05.02,77
2019.05.03,77
2019.05.04,77
2019.05.05,77
2019.05.06,77
2019.05.07,77
2019.05.08,77
2019.05.09,77
2019.05.10,77
2019.05.11,77.7
2019.05.12,77.7
2019.05.13,77.7
2019.05.14,77.7
2019.05.15,77.7
2019.05.16,77.7
2019.05.17,77.7
2019.05.18,77.7
2019.05.19,77.7
2019.05.20,77.7
2019.05.21,77.7
2019.05.22,77.7
2019.05.23,77.7
2019.05.24,77.7
2019.05.25,81.7
2019.05.26,81.7
2019.05.27,81.7
2019.05.28,81.7
2019.05.29,81.7
2019.05.30,81.7
2019.05.31,81.7
2019.06.01,75.2
2019.06.02,75.2
2019.06.03,75.2
2019.06.04,75.2
2019.06.05,75.2
2019.06.06,75.2
2019.06.07,75.2
2019.06.08,73.8
2019.06.09,73.8
2019.06.10,73.8
2019.06.11,73.8
2019.06.12,73.8
2019.06.13,73.8
2019.06.14,73.8
2019.06.15,73.5
2019.06.16,73.5
2019.06.17,73.5
2019.06.18,73.5
2019.06.19,73.5
2019.06.20,73.5
2019.06.21,73.5
2019.06.22,68.6
2019.06.23,68.6
2019.06.24,68.6
2019.06.25,68.6
2019.06.26,68.6
2019.06.27,68.6
2019.06.28,68.6
2019.06.29,70.4
2019.06.30,70.4
2019.07.01,70.4
2019.07.02,70.4
2019.07.03,70.4
2019.07.04,70.4
2019.07.05,70.4
2019.07.06,66.6
2019.07.07,66.6
2019.07.08,66.6
2019.07.09,66.6
2019.07.10,66.6
2019.07.11,66.6
2019.07.12,66.6
2019.07.13,70.6
2019.07.14,70.6
2019.07.15,70.6
2019.07.16,70.6
2019.07.17,70.6
2019.07.18,70.6
2019.07.19,70.6
2019.07.20,64.9
2019.07.21,64.9
2019.07.22,64.9
2019.07.23,64.9
2019.07.24,64.9
2019.07.25,64.9
2019.07.26,64.9
2019.07.27,66.3
2019.07.28,66.3
2019.07.29,66.3
2019.07.30,66.3
2019.07.31,66.3
2019.08.01,66.3
2019.08.02,66.3
2019.08.03,61.8
2019.08.04,61.8
2019.08.05,61.8
2019.08.06,61.8
2019.08.07,61.8
2019.08.08,61.8
2019.08.09,61.8
2019.08.10,61.8
2019.08.11,61.8
2019.08.12,61.8
2019.08.13,61.8
2019.08.14,61.8
2019.08.15,61.8
2019.08.16,61.8
2019.08.17,61.8
2019.08.18,61.8
2019.08.19,61.8
2019.08.20,61.8
2019.08.21,61.8
2019.08.22,61.8
2019.08.23,61.8
2019.08.24,61.8
2019.08.25,61.8
2019.08.26,61.8
2019.08.27,61.8
2019.08.28,61.8
2019.08.29,61.8
2019.08.30,61.8
2019.08.31,61.8
2019.09.01,61.8
2019.09.02,55.4
2019.09.03,55.4
2019.09.04,55.4
2019.09.05,55.4
2019.09.06,55.4
2019.09.07,57.8
2019.09.08,57.8
2019.09.09,57.8
2019.09.10,57.8
2019.09.11,57.8
2019.09.12,57.8
2019.09.13,57.8
2019.09.14,56.5
2019.09.15,56.5
2019.09.16,56.5
2019.09.17,56.5
2019.09.18,56.5
2019.09.19,56.5
2019.09.20,56.5
2019.09.21,58.6
2019.09.22,58.6
2019.09.23,58.6
2019.09.24,58.6
2019.09.25,58.6
2019.09.26,58.6
2019.09.27,58.6
2019.10.05,54.5
2019.10.06,54.5
2019.10.07,54.5
2019.10.08,54.5
2019.10.09,54.5
2019.10.10,54.5
2019.10.11,54.5
2019.10.12,0
2019.10.13,0
2019.10.14,0
2019.10.15,54.2
2019.10.16,54.2
2019.10.17,54.2
2019.10.18,54.2
2019.10.19,55.9
2019.10.20,55.9
2019.10.21,55.9
2019.10.22,55.9
2019.10.23,55.9
2019.10.24,55.9
2019.10.25,55.9
2019.10.26,56.8
2019.10.27,56.8
2019.10.28,56.8
2019.10.29,56.8
2019.10.30,56.8
2019.10.31,56.8
2019.11.01,56.8
2019.11.02,57.9
2019.11.03,57.9
2019.11.04,57.9
2019.11.05,57.9
2019.11.06,57.9
2019.11.07,57.9
2019.11.08,57.9
2019.11.09,54.5
2019.11.10,54.5
2019.11.11,54.5
2019.11.12,54.5
2019.11.13,54.5
2019.11.14,54.5
2019.11.15,54.5
2019.11.16,61.5
2019.11.17,61.5
2019.11.18,61.5
2019.11.19,61.5
2019.11.20,61.5
2019.11.21,61.5
2019.11.22,61.5
2019.11.23,0
2019.11.24,0
2019.11.25,65
2019.11.26,65
2019.11.27,65
2019.11.28,65
2019.11.29,65
2019.11.30,70.1
2019.12.01,70.1
2019.12.02,70.1
2019.12.03,70.1
2019.12.04,70.1
2019.12.05,70.1
2019.12.06,70.1
2019.12.07,0
2019.12.08,0
2019.12.09,0
2019.12.14,0
2019.12.15,0
2019.12.16,0
2019.12.21,0
2019.12.22,0
2019.12.23,74
2019.12.24,74
2019.12.30,74
2019.12.31,74
2020.01.07,78.6
2020.02.03,84.1
2020.02.10,87.4
2020.02.17,94.8
2020.02.24,94.3
2020.03.02,91.6
2020.03.09,91.2
2020.03.16,91.2
2020.03.23,83.5
2020.03.30,81.1
2020.04.13,67.1
2020.04.20,61.9
2020.04.27,60.4
2020.05.11,53.7
2020.05.25,46.4
2020.06.01,46.4
2020.06.08,41.1
2020.06.22,40.1
2020.06.29,41.5
2020.07.06,39.2
2020.07.13,36.8
2020.07.27,36.1
2020.08.03,30.4
2020.08.10,35.8
2020.08.24,35.2
2020.08.25,35.2
2020.09.01,36.6
2020.09.08,33.9
2020.09.15,35.4
2020.09.22,32.5
2020.09.29,30.7
2020.10.06,30.7
2020.10.13,35.4
2020.10.20,43.3
2020.10.27,39.4
2020.11.03,41.9
2020.11.10,38
2020.11.17,39.1
2020.11.24,43.6
2020.12.01,48.7
2020.12.08,48.5
2020.12.16,53.9
2020.12.22,57.3
2020.12.29,57.81
2021.01.05,58.31
2021.01.12,61.81
2021.01.19,61.31
2021.01.26,61.62
2021.02.02,60.54
2021.02.09,60.54
2021.02.10,62.2
2021.02.16,62.2
2021.02.17,62.2
2021.02.24,67.5
2021.03.02,67.4
2021.03.03,67.4
2021.03.09,59.85
2021.03.16,55.94
2021.03.23,49.5
2021.03.30,43.87
2021.04.06,41.82
2021.04.13,46.17
2021.04.20,42.09
2021.04.27,39.32
2021.05.04,39.71
2021.05.11,40.35
2021.05.18,43.69
2021.05.25,44.92
2021.06.01,38.86
2021.06.08,37.46
2021.06.15,35.66
2021.06.21,34.2
2021.06.22,34.2
2021.06.29,31.7
2021.07.06,32.2
2021.07.13,31.25
2021.07.14,31.25
2021.07.15,31.25
2021.07.16,31.4
2021.07.17,31.4
2021.07.20,31.4
2021.07.27,36.85
2021.08.03,34.95
2021.08.10,32.4
2021.08.17,40.6
2021.08.24,41.8
2021.08.31,44.6
2021.09.07,44.2
2021.09.14,39.1
2021.09.21,40.6
2021.09.28,41.1
2021.10.12,54.3
2021.10.19,50.9
2021.10.26,45.2
2021.11.02,51.7
2021.11.09,48.4
2021.11.16,48.1
2021.11.23,52.8
2021.11.30,55.45
2021.12.07,52.35
2021.12.14,59.1
2021.12.21,65
2021.12.28,61
2022.01.04,61.55
2022.01.11,54.8
2022.01.18,51.9
2022.01.25,46.2
2022.02.08,43.05
2022.02.15,41.4
2022.02.22,40.4
2022.03.01,39
2022.03.08,37.25
2022.03.15,33.65
2022.03.22,34
2022.03.29,36.2
2022.04.05,36.45
2022.04.06,36.45
2022.04.12,35.55
2022.04.19,35.3
2022.04.26,31.85
2022.05.10,32.35
2022.05.17,30.05
2022.05.24,29.8
2022.05.31,27.6
2022.06.07,25.6
2022.06.14,26.7
2022.06.21,25.8
2022.06.28,24
2022.07.05,25.65
2022.07.12,30.75
2022.07.19,37.3
2022.07.26,36.45
2022.08.02,32.55
2022.08.09,28.95
2022.08.16,31.35
2022.08.23,32.9
2022.08.30,36.35
2022.09.06,37.95
2022.09.13,37.05
2022.09.20,42.2
2022.09.27,52.5
2022.10.04,52.5
2022.10.11,59
2022.10.18,62.7
2022.10.25,72.4
2022.11.01,74.5
2022.11.08,81.5
2022.11.15,82.8
2022.11.22,91.4
2022.11.29,93.3
2022.12.06,96.75
2022.12.13,103.15
2022.12.20,104.05
2022.12.27,106.2
2023.01.03,102.5
2023.01.10,96.8
2023.01.17,96.2
2023.01.24,96.2
2023.01.31,99.45
2023.02.07,100.65
2023.02.14,99.7
2023.02.21,98.3
2023.02.28,100.6
2023.03.07,101.3
2023.03.14,103.6
2023.03.21,104
2023.03.28,99.2
2023.04.04,96.4
2023.04.11,93.2
2023.04.18,88.2
2023.04.25,85
2023.05.02,85
2023.05.09,79.5
2023.05.16,72.3
2023.05.23,65.5
2023.05.30,60.4
2023.06.06,57.8
2023.06.13,53.7
2023.06.20,53.4
2023.06.27,49.9
2023.07.04,54.9
2023.07.11,56
2023.07.18,64.55
2023.07.25,72.35
2023.08.01,68.15
2023.08.08,64.05
2023.08.15,63.85
2023.08.22,69.4
2023.08.29,66.8
2023.09.05,73.5
2023.09.12,74
2023.09.19,81.1
2023.09.26,79.1
2023.10.03,79.1
2023.10.10,91.4
2023.10.17,90.3
2023.10.24,94.1
2023.10.31,99
2023.11.07,105.5
2023.11.14,107.7
2023.11.21,106.2
2023.11.28,102
2023.12.05,104.1
2023.12.12,100.8
2023.12.19,102.6
2023.12.26,101
2024.01.02,99.4
2024.01.09,96.7
2024.01.16,93.5
2024.01.23,87.6
2024.01.30,80.3
2024.02.06,73.6
2024.02.13,73.6
2024.02.20,77.4
2024.02.27,72.5
2024.03.05,68.7
2024.03.12,65.7
2024.03.19,63
2024.03.26,63.3
2024.04.02,58.7
2024.04.09,60.4
2024.04.16,56.4
2024.04.23,55
2024.04.30,50.2
2024.05.07,49.7
2024.05.14,46
2024.05.21,44.7
2024.05.28,42.5
2024.06.04,43.4
2024.06.11,41.5
2024.06.18,41.9
2024.06.25,43.2
2024.07.02,45.5
2024.07.09,50.1
2024.07.15,56.4
2024.07.16,56.4
2024.07.23,55
2024.07.30,55.6
2024.08.06,63.5
2024.08.13,61.6
2024.08.20,60.7
2024.08.27,59.4
2024.08.28,59.4
2024.09.03,60.5
2024.09.10,57.3
2024.09.17,57.3
2024.09.24,50
2024.10.01,52.3
2024.10.08,54.1
2024.10.15,54.4
2024.10.22,53.8
2024.10.29,50.1
2024.11.05,50.7
2024.11.12,55.7
2024.11.19,53
2024.11.26,50.6
2024.12.03,47
2024.12.10,48.7
2024.12.17,52.8
2024.12.24,53.9
2024.12.31,52.8
2025.01.07,49.3
2025.01.14,49.9
2025.01.21,48.1
2025.01.28,46.4
2025.02.04,46.4
2025.02.11,44.8
2025.02.18,43.8
2025.02.25,40.3
2025.03.04,38.4
2025.03.11,39.8
2025.03.18,40
2025.03.25,36.7
2025.04.01,37
2025.04.08,35.7
2025.04.15,34.8
2025.04.22,36.4
2025.04.29,35.1
2025.05.06,33.2
2025.05.13,32.4
2025.05.20,33.8
2025.05.27,33.3
2025.06.03,36.3
2025.06.10,39.8
2025.06.17,40.9
2025.06.24,43.8
2025.07.01,54.3
2025.07.08,52.4
2025.07.15,54.5
2025.07.22,56.9
2025.07.29,58.7
2025.08.05,55.5
2025.08.12,56.5
2025.08.19,58.3
2025.08.26,53.4
2025.09.02,60.1
2025.09.09,64.5
2025.09.16,66.5
2025.09.23,61.6
2025.09.30,58.1
2025.10.14,59.8
2025.10.17,59.8
2025.10.21,62
2025.10.28,63.9
数据来源：,前瞻数据库 https://d.qianzhan.com