timestamp,equity,available_capital,margin_used,unrealized_pnl,margin_usage_rate,position,leverage_ratio
2023-06-19 16:00:00,999886.7613873375,981032.8485298374,18872.787532500002,-18.874674999999,0.0188727875325,-499,0.1887681258406851
2023-06-20 16:00:00,997639.1943650999,981330.3320400999,18532.396575000002,-2223.534249999999,0.018532396575000002,-490,0.18799131094619403
2023-06-25 16:00:00,1009954.3272224199,979928.8590014199,19926.897111000002,10098.57111000006,0.019926897111000003,-529,0.18730589582229634
2023-06-26 16:00:00,1006779.0181533399,980232.1034471338,19700.883155109645,6846.031551096467,0.019700883155109646,-523,0.18888236303215922
2023-06-27 16:00:00,1007691.8801423574,979832.1182746512,20098.878351609645,7760.88351609646,0.020098878351609645,-534,0.19175295922073174
2023-06-28 16:00:00,1006489.7247077423,979981.228356147,19985.96330469049,6522.533046904907,0.01998596330469049,-531,0.19209048562928932
2023-06-29 16:00:00,1004311.2992982023,979759.2259586069,20206.861212690488,4345.212126904847,0.02020686121269049,-537,0.19687461461218866
2023-07-02 16:00:00,1003267.7666037973,983469.6809317973,19817.901592000006,-19.815919999998187,0.019817901592000007,536,0.19751377109502563
2023-07-03 16:00:00,1001925.7835585573,983137.5153185573,20148.414640000006,-1360.146400000016,0.020148414640000008,545,0.19973934525291498
2023-07-04 16:00:00,1001897.2117084122,982916.1017294122,20368.726669000007,-1387.6166900000796,0.02036872666900001,551,0.20191657151639658
2023-07-05 16:00:00,1009303.5948890122,983869.5044192318,19629.389947802185,5804.700521978169,0.019629389947802185,531,0.20023568827397634
2023-07-06 16:00:00,1001121.8121238123,983135.3790140318,20359.862987802186,-2373.429878021754,0.020359862987802187,551,0.20099971608161682
2023-07-09 16:00:00,1000762.1308862197,982878.8924429393,20615.073506302186,-2731.8350630218047,0.020615073506302185,558,0.20326398623803182
2023-07-10 16:00:00,1010773.1823069698,983973.817780808,19802.29283042647,6997.071695735352,0.01980229283042647,536,0.20283482346857104
2023-07-11 16:00:00,1003822.6688709147,982413.7912437529,21354.55804142647,54.319585735343935,0.02135455804142647,578,0.21278648771725195
2023-07-12 16:00:00,1004284.1799568447,982264.8956556829,21502.71285542647,516.5714457353158,0.02150271285542647,582,0.2146242112558839
2023-07-13 16:00:00,1001663.2042022122,981933.9512395504,21832.01078192647,-2102.7578192646924,0.02183201078192647,591,0.21585833351261924
2023-07-16 16:00:00,997810.9228038372,980128.0369161754,23628.94045692647,-5946.054569264675,0.02362894045692647,641,0.2308486956153354
2023-07-17 16:00:00,978125.9121979971,979070.9928223353,24680.72562492647,-25625.80624926472,0.02468072562492647,673,0.2261277891135423
2023-07-18 16:00:00,973579.878544382,978520.9716757203,25228.01034792647,-30169.103479264726,0.025228010347926468,690,0.22813844543714515
2023-07-19 16:00:00,961429.4877118572,977450.4893881953,26293.166852926468,-42314.16852926464,0.02629316685292647,725,0.22946820626966205
2023-07-20 16:00:00,982490.6555530446,982490.6555530446,0.0,0.0,0.0,0,0.0
2023-07-23 16:00:00,982490.6555530446,982490.6555530446,0.0,0.0,0.0,0,0.0
2023-07-24 16:00:00,982490.6555530446,982490.6555530446,0.0,0.0,0.0,0,0.0
2023-07-25 16:00:00,982490.6555530446,982490.6555530446,0.0,0.0,0.0,0,0.0
2023-07-26 16:00:00,982490.6555530446,982490.6555530446,0.0,0.0,0.0,0,0.0
2023-07-27 16:00:00,982490.6555530446,982490.6555530446,0.0,0.0,0.0,0,0.0
2023-07-30 16:00:00,982366.8634299147,961755.8205439147,20631.676625999993,-20.633739999999193,0.020631676625999993,-541,0.21004108310369604
2023-07-31 16:00:00,965066.0394671946,962133.4215251947,18190.960721999993,-15258.34278000002,0.018190960721999994,-477,0.20430513761405886
2023-08-01 16:00:00,977796.3721711747,961200.9149851747,19118.82792599999,-2523.3707399999716,0.01911882792599999,-501,0.19811042003548
2023-08-02 16:00:00,1000182.250596367,959723.3258338672,20589.06588749999,19869.858874999947,0.02058906588749999,-544,0.1859869037758704
2023-08-03 16:00:00,1012116.9071083672,958694.3087458672,21612.96348749999,31809.634874999967,0.02161296348749999,-576,0.1821133494613828
2023-08-06 16:00:00,1022047.8213322172,957842.4554397173,22460.57871749999,41744.78717499995,0.02246057871749999,-604,0.17891628569947407
2023-08-07 16:00:00,1013737.8835207672,960243.8247693351,21493.732613766548,32000.32613766551,0.021493732613766546,-578,0.18045789051963784
2023-08-08 16:00:00,1007433.7543933672,961872.9011350642,20750.0048416639,24810.8484166391,0.0207500048416639,-558,0.1813411543968044
2023-08-09 16:00:00,1021543.9045975672,960658.5805792642,21958.2840016639,38927.040016639054,0.0219582840016639,-598,0.1768458498816735
2023-08-10 16:00:00,1027999.1352032595,1010005.5390277596,18011.6059805,-18.009804999990024,0.0180116059805,619,0.17519280302156132
2023-08-13 16:00:00,1094428.417666367,1079614.950424367,14828.29702199999,-14.829780000007531,0.01482829702199999,-372,0.1355025121845914
2023-08-14 16:00:00,1088342.482977617,1078989.400485617,15450.734771999989,-6097.652280000062,0.015450734771999989,-387,0.1475684377959755
2023-08-15 16:00:00,1134222.011333717,1075861.952261717,18562.62355199999,39797.43552,0.01856262355199999,-492,0.1285716539996625
2023-08-16 16:00:00,1134713.8341084872,1075832.2675304872,18592.16059799999,40289.405979999996,0.01859216059799999,-493,0.1283426672191928
2023-08-17 16:00:00,1141660.2398963722,1075012.5006653722,19407.84902099999,47239.890209999954,0.01940784902099999,-522,0.1286184758552408
2023-08-20 16:00:00,1130899.9748476672,1079181.464409788,17957.837312534473,33760.67312534483,0.017957837312534475,-483,0.1289395200664335
2023-08-21 16:00:00,1129643.9921324423,1079285.759355925,17920.65752513792,32437.575251379247,0.017920657525137922,-482,0.1299250038261545
2023-08-22 16:00:00,1138459.440961742,1078422.952645225,18779.17166513792,41257.316651379224,0.01877917166513792,-512,0.1287128857890725
2023-08-23 16:00:00,1143601.8931140846,1077895.6969510675,19303.80419663792,46402.39196637933,0.019303804196637922,-531,0.12822263663861538
2023-08-24 16:00:00,1141928.0699563297,1078738.657170226,19049.32843510032,44140.08435100328,0.01904932843510032,-524,0.1281632388680987
2023-08-27 16:00:00,1155727.4268166474,1077391.4537290437,20389.82937160032,57946.143716003244,0.02038982937160032,-577,0.1262859620819182
2023-08-28 16:00:00,1145190.8302078075,1081968.1629268182,19011.6606619081,44211.00661908102,0.0190116606619081,-538,0.1274072374239356
2023-08-29 16:00:00,1151501.89943977,1136821.31886427,14695.274380499985,-14.69380499999869,0.014695274380499985,567,0.12760556458611869
2023-08-30 16:00:00,1147751.9707657676,1135526.7443947676,15983.408180999984,-3758.181809999934,0.015983408180999983,618,0.13598399652136325
2023-08-31 16:00:00,1121566.0486706875,1133245.0054436876,18253.79519699998,-29932.751970000038,0.018253795196999982,726,0.13606438977077806
2023-09-03 16:00:00,1102897.6634219876,1131538.9478549876,19951.36493699998,-48592.649369999905,0.01995136493699998,818,0.13684043860582107
2023-09-04 16:00:00,1072574.8374949375,1128871.3106179375,22605.730346999975,-78902.20347000007,0.022605730346999975,998,0.13719797897150873
2023-09-05 16:00:00,1061340.6358965174,1127748.7741755175,23722.682030999975,-90130.82031000007,0.023722682030999975,1080,0.13859452377958503
2023-09-06 16:00:00,1070460.5611027926,1124029.9681970426,22185.100788249976,-75754.50788249979,0.022185100788249975,1010,0.13648003981528373
2023-09-07 16:00:00,1095440.0723219828,1119004.8234205076,18297.216788724978,-41861.967887249826,0.01829721678872498,833,0.12881599237180683
2023-09-10 16:00:00,1073548.4826605204,1114760.3593915452,22520.56408122498,-63732.44081224983,0.02252056408122498,1128,0.1504107197840095
2023-09-11 16:00:00,1037997.7238974205,1111618.2142084453,25647.076701224985,-99267.56701224984,0.025647076701224986,1408,0.1514485016496391
2023-09-12 16:00:00,1070853.8706186702,1104218.554516832,21002.18709979574,-54366.87099795754,0.02100218709979574,1153,0.14535596711255533
2023-09-13 16:00:00,1029614.527036008,1100936.5747266696,24267.83863229574,-95589.88632295752,0.02426783863229574,1482,0.1428578328468514
2023-09-14 16:00:00,1048866.4520590203,1093581.2622548451,20845.451132869417,-65560.26132869428,0.020845451132869418,1273,0.13623683903654807
2023-09-17 16:00:00,983595.6633976701,1088633.454023495,25768.643402869417,-130806.4340286943,0.025768643402869416,2080,0.12899609536881632
2023-09-18 16:00:00,992013.7313320497,1081567.2834121417,23885.550231121266,-113439.10231121333,0.023885550231121266,1928,0.1264260725822753
2023-09-19 16:00:00,958159.4033381753,1078564.2943932668,26873.599006121265,-147278.49006121283,0.026873599006121265,2557,0.12676126704684906
2023-09-20 16:00:00,1027400.261545365,1054464.4769104782,14230.29059612365,-41294.505961236784,0.01423029059612365,1354,0.09831455546650145
2023-09-21 16:00:00,1051890.0314746602,1053848.2423562128,10898.678986839159,-12856.889868391932,0.01089867898683916,1037,0.091387784961926
2023-09-24 16:00:00,1049503.4668726204,1053602.9174261729,11142.78339483916,-15242.23394839166,0.01114278339483916,1064,0.09164867295447846
2023-09-25 16:00:00,1042742.83039961,1052893.2963711629,11848.873996839158,-21999.339968392043,0.011848873996839157,1148,0.09253422530176697
2023-09-26 16:00:00,1024651.50257903,1051163.357594583,13570.20611283915,-40082.061128392044,0.01357020611283915,1400,0.09331953328456138
2023-09-27 16:00:00,1118993.0371855802,1111600.0783955802,7400.359889999971,-7.401099999994756,0.007400359889999971,-545,0.06614071539367894
2023-10-08 16:00:00,1149983.608706425,1108262.1137754251,10721.717720999974,30999.777209999786,0.010721717720999974,-966,0.06627694466509335
2023-10-09 16:00:00,1132198.1155820752,1112961.111786572,8612.891254136623,10624.112541366569,0.008612891254136622,-776,0.06668868191957902
2023-10-10 16:00:00,1110418.3031677974,1112384.111300931,6692.749260624202,-8658.557393757788,0.006692749260624202,-603,0.06806988842346018
2023-10-11 16:00:00,1118975.8351501676,1111535.2324973012,7537.404786624203,-96.80213375789934,0.0075374047866242026,-679,0.06744636267312404
2023-10-12 16:00:00,1125829.7945285803,1110875.1893832136,8194.1641041242,6760.441041242358,0.008194164104124201,-744,0.06677847785284496
2023-10-15 16:00:00,1097056.1717268052,1106868.9758640379,5826.226896615186,-15639.031033847888,0.005826226896615186,-529,0.067363278111527
2023-10-16 16:00:00,1110432.1160531652,1105569.922182398,7118.817624615187,-2256.6237538480336,0.007118817624615187,-642,0.06614073831099791
2023-10-17 16:00:00,1122205.5552782805,1104353.762660513,8328.926601615183,9522.866016152202,0.008328926601615183,-768,0.06573341189859594
2023-10-18 16:00:00,1113906.2825122504,1105294.6735389496,7504.709906663679,1106.8990666370146,0.007504709906663679,-692,0.06637919290053629
2023-10-19 16:00:00,1115945.68779849,1104960.5645531896,7837.15665866368,3147.9665866368905,0.00783715665866368,-724,0.06740794003012755
2023-10-22 16:00:00,1099392.1723056028,1103929.3844078504,6397.457990704741,-10934.670092952429,0.006397457990704741,-591,0.06813696866960878
2023-10-23 16:00:00,1112886.7357412179,1102290.1621964655,8028.524867704742,2568.048677047511,0.008028524867704742,-748,0.06983388111660613
2023-10-24 16:00:00,1112287.895964573,1102383.2882150253,7953.391613595206,1951.2161359523488,0.007953391613595207,-741,0.0697505567411757
2023-10-25 16:00:00,1117841.1972744926,1101680.0193489452,8653.161629595204,7508.016295952351,0.008653161629595204,-813,0.0706930467338959
2023-10-26 16:00:00,1119463.6561296128,1101086.8874680651,9243.342605595204,9133.426055952352,0.009243342605595204,-875,0.07441063364932972
2023-10-29 16:00:00,1128995.2893385529,1100104.2163450052,10221.1248175952,18669.948175952428,0.0102211248175952,-991,0.07399614576686521
2023-10-30 16:00:00,1119872.5349757273,1102074.0539361269,9200.043730872772,8598.437308727875,0.009200043730872772,-892,0.07447454723211665
2023-10-31 16:00:00,1129990.6728109499,1101058.6582608493,10210.387686372773,18721.6268637278,0.010210387686372772,-1015,0.07379021084535106
2023-11-01 16:00:00,1137902.6323010274,1100214.3869214267,11050.458670872771,26637.78670872799,0.011050458670872771,-1128,0.07370296686141534
2023-11-02 16:00:00,1154288.1962975478,1095719.4312619467,15523.05136687275,43045.7136687282,0.01552305136687275,-1876,0.09718959299751943
2023-11-05 16:00:00,1175188.6966959643,1092888.7951788642,18339.604683372756,63960.296833727516,0.018339604683372757,-2455,0.10163112556799864
2023-11-06 16:00:00,1225734.7709399653,1088378.8062228642,22827.155883372714,114528.80883372841,0.022827155883372714,-4055,0.0927955645027303
2023-11-07 16:00:00,1313482.393654204,1081155.1062651041,30014.91703537282,202312.37035372693,0.030014917035372818,-15287,0.07448657132572006
2023-11-08 16:00:00,1628323.2609787397,1530595.5314979875,5360.157225522835,92367.57225522927,0.005360157225522835,-2730,0.023807312054671244
2023-11-09 16:00:00,1596918.4417662944,1528128.3926865421,7815.021714523084,60975.02736522926,0.007815021714523083,-11823,0.01998981235678845
2023-11-12 16:00:00,1866370.597137466,1838334.3630014318,5111.2294469126455,22925.004689121655,0.005111229446912646,-820,0.0112035626965355
2023-11-13 16:00:00,1843437.4883088395,1836705.430960927,6732.057347912632,0.0,0.006732057347912632,-2314,0.013619610189783402
2023-11-14 16:00:00,1843236.0077798176,1836511.310816168,6724.696963649429,0.0,0.006724696963649429,-2302,0.013300684175289172
2023-11-15 16:00:00,1862355.3733456093,1856382.048942162,5973.324403447363,0.0,0.005973324403447363,-1077,0.012578023687240125
2023-11-16 16:00:00,1865265.2362050086,1857586.664728684,7678.571476324787,0.0,0.007678571476324787,2673,0.0126824054514249
2023-11-19 16:00:00,1856963.772969121,1850334.0313652963,6629.7416038247975,0.0,0.006629741603824797,1488,0.012700732423169383
2023-11-20 16:00:00,1863580.0011629711,1857164.4509761464,6415.550186824799,0.0,0.0064155501868247995,1246,0.01236920335355336
2023-11-21 16:00:00,1883259.2170391283,1855709.382058804,7863.379955324762,19686.45502499966,0.007863379955324762,3329,0.01228537728139986
2023-11-22 16:00:00,1865115.4289776292,1855585.754697304,7986.392255324762,1543.2820250002662,0.007986392255324761,4149,0.0033367907976673797
2023-11-23 16:00:00,1847482.057992754,1855171.4582292945,7973.98386830982,-15663.384104850307,0.00797398386830982,4039,0.006012101688320463
2023-11-26 16:00:00,1522009.1437078433,1522332.0897948504,7528.861185028331,-7851.807272035441,0.007528861185028332,93,0.005089916858927275
2023-11-27 16:00:00,1529860.4604808337,1522233.4994868054,7626.960994028332,0.0,0.007626960994028331,110,0.0041487443881026735
2023-11-28 16:00:00,1529859.1838531836,1521976.8973291554,7882.286524028332,0.0,0.007882286524028332,184,0.004149401505053291
2023-11-29 16:00:00,1522500.574893956,1514823.30362698,7677.271266976101,0.0,0.007677271266976101,74,0.0041556634554576
2023-11-30 16:00:00,1521976.6275211514,1514312.402679624,7664.224841527323,0.0,0.007664224841527323,67,0.0041138279568705164
2023-12-03 16:00:00,1521974.6928277013,1513923.529296174,8051.163531527323,0.0,0.008051163531527324,173,0.004148886331525124
2023-12-04 16:00:00,1520452.4419737707,1512280.378339039,8172.063634731872,0.0,0.008172063634731871,-165,0.004161754636524926
2023-12-05 16:00:00,1520470.7810305906,1512333.2289443589,8137.552086231873,0.0,0.008137552086231873,-156,0.004145031972089712
2023-12-06 16:00:00,1520470.6559431006,1512308.0863588687,8162.569584231906,0.0,0.008162569584231906,-1407,0.0001850742721672851
2023-12-07 16:00:00,1404430.8391712501,1396888.8296143615,7542.00955688859,0.0,0.00754200955688859,-6,0.00033472634385998235
2023-12-10 16:00:00,1404044.7273693364,1396504.0466347763,7540.680734560232,0.0,0.007540680734560232,-3,0.0002653761612695308
2023-12-11 16:00:00,1403794.597137888,1396480.2606636113,7564.348367560232,-250.0118932835831,0.007564348367560232,-6,0.0003372288231947802
2023-12-12 16:00:00,1403455.0533075705,1396196.5302919878,7553.178962224411,-294.6559466417907,0.007553178962224411,-3,0.00028953545683015676
2023-12-13 16:00:00,1403337.1984788354,1396062.679949484,7549.4558271124715,-274.9372977611938,0.0075494558271124714,-2,0.0002489779365777064
2023-12-14 16:00:00,1403588.7767020229,1396002.9316326343,7585.888944388591,-0.043874999999985675,0.007585888944388591,9,0.0003125915562184245
2023-12-17 16:00:00,1403751.596488708,1396048.7926443194,7576.137969388591,126.66587499999937,0.007576137969388591,7,0.0003333567001245178
2023-12-18 16:00:00,1403647.934023503,1396038.3295481144,7586.549010388591,23.055464999998065,0.007586549010388592,9,0.0003337375339250517
2023-12-19 16:00:00,1403361.563909328,1396009.8349489395,7614.901845388591,-263.1728849999995,0.007614901845388591,23,0.0003318816846476582
2023-12-20 16:00:00,1402423.1639093282,1396009.8349489395,7614.901845388591,-1201.5728850000037,0.007614901845388591,23,0.00033702381147389745
2023-12-21 16:00:00,1403331.6525383806,1396007.930283492,7616.797034888591,-293.07478000000367,0.007616797034888591,24,0.0003240858988517378
2023-12-24 16:00:00,1402645.156026318,1395983.6822339294,7640.924447388591,-979.4506550000016,0.007640924447388591,49,0.0003371130595421472
2023-12-25 16:00:00,1402657.402265848,1395982.7374394594,7641.864541388591,-967.1997150000013,0.007641864541388591,50,0.000335078258768512
2023-12-26 16:00:00,1405006.5450572881,1397070.5956258394,7604.077363048591,331.87206839999965,0.007604077363048591,12,0.00032113729404840714
2023-12-27 16:00:00,1405050.9202793532,1397102.9212530344,7603.082963618591,344.9160626999977,0.007603082963618591,11,0.0003233334774156603
2023-12-28 16:00:00,1405011.8476274654,1397099.1269986469,7606.858341118591,305.8622877000007,0.007606858341118591,12,0.00032241721005053873
2024-01-01 16:00:00,1404924.7927228904,1397089.9303290718,7616.009256118591,218.85313770000067,0.007616009256118591,15,0.00032564020677100974
2024-01-02 16:00:00,1404581.0783850306,1397054.028139212,7651.732828118591,-124.68258230000059,0.007651732828118591,62,0.00033547369194363214
2024-01-03 16:00:00,1407198.9932871328,1399236.047893319,7600.794478341333,362.15091547258055,0.007600794478341333,9,0.0003188248443469815
2024-01-04 16:00:00,1407206.643287133,1399236.047893319,7600.794478341333,369.80091547257973,0.007600794478341333,9,0.00032425941291331213
2024-01-07 16:00:00,1407580.2243314702,1397214.4641301564,9612.320610841327,753.4395904725789,0.009612320610841328,224,0.014887393015167292
2024-01-08 16:00:00,1403881.9126388454,1396827.2491625315,9997.609135841325,-2942.945659527422,0.009997609135841325,274,0.015038088182443163
2024-01-09 16:00:00,1406825.6216681055,1397124.2634575523,9699.120832036971,2.2373785161266824,0.009699120832036971,240,0.014978402209517893
2024-01-10 16:00:00,1399897.3769144053,1396413.2553638523,10406.59157203697,-6922.470021483851,0.01040659157203697,360,0.015159682666722737
2024-01-11 16:00:00,1400616.9381109753,1396299.8824597776,10312.776671965357,-5995.721020767723,0.010312776671965358,348,0.015143755171636625
2024-01-14 16:00:00,1402790.647978495,1396197.4347255789,10062.603605107724,-3469.3903521913803,0.010062603605107724,316,0.015137825469966691
2024-01-15 16:00:00,1409185.8179876877,1397441.0889558506,9491.896296338748,2252.832735498401,0.009491896296338748,243,0.015079877847724426
2024-01-16 16:00:00,1412245.757212765,1398359.581754263,9249.541137820415,4636.634320681713,0.009249541137820415,212,0.015019057335928261
2024-01-17 16:00:00,1409063.8179111704,1398034.7433236681,9572.763456820414,1456.311130681712,0.009572763456820415,250,0.015089806245624818
2024-01-18 16:00:00,1406987.2520806952,1397772.4623481932,9833.739551820414,-618.9498193182186,0.009833739551820413,284,0.015491966944096998
2024-01-21 16:00:00,1412947.9679543953,1399265.136422972,9391.73490749583,4291.096623927628,0.009391734907495829,228,0.015773404616071
2024-01-22 16:00:00,1415181.2710358128,1399884.769672574,9257.55492618301,6038.946437055773,0.00925755492618301,211,0.016035436918544175
2024-01-23 16:00:00,1412552.723222673,1399617.131511434,9523.86155418301,3411.7301570558116,0.00952386155418301,239,0.016090656034519587
2024-01-24 16:00:00,1415633.0365904728,1399150.362839234,9988.30799418301,6494.365757055832,0.009988307994183009,282,0.021514050048840862
2024-01-25 16:00:00,1426751.2134307828,1404537.8688206172,9342.533454302244,12870.811155863443,0.009342533454302243,206,0.02128941592203773
2024-01-28 16:00:00,1423154.251242283,1404158.9459321173,9719.571154302244,9275.73415586348,0.009719571154302244,235,0.02146640111100582
2024-01-29 16:00:00,1421202.5828249229,1403963.2327627572,9914.310626302244,7325.0394358634385,0.009914310626302244,251,0.021493557898890327
2024-01-30 16:00:00,1423485.662669943,1404580.1686691302,9794.039077563688,9111.454923248975,0.009794039077563687,238,0.021869134910435694
2024-01-31 16:00:00,1417218.1366864978,1395245.9108866851,19081.85776656367,2890.3680332490003,0.01908185776656367,1125,0.08311176448488784
2024-02-01 16:00:00,1419747.3975822702,1395709.9229096822,18765.25233625529,5272.222336332806,0.01876525233625529,1094,0.08241135021571315
2024-02-04 16:00:00,1425365.4883682805,1393028.3348776922,21433.49913425529,10903.654356332912,0.02143349913425529,1332,0.1047571315697661
2024-02-05 16:00:00,1409904.0365140305,1391311.1206734423,23142.169984255288,-4549.254143666978,0.02314216998425529,1502,0.10706473354968497
2024-02-06 16:00:00,1419345.4513184654,1419345.4513184654,0.0,0.0,0.0,0,0.0
2024-02-07 16:00:00,1419245.0284477354,1402524.9008417355,16736.86614599997,-16.738539999992867,0.016736866145999972,-1547,0.11793974729160998
2024-02-18 16:00:00,1385652.2901247,1399310.7352327004,13566.923171999977,-27225.368280000337,0.013566923171999977,-1254,0.11755806356394116
2024-02-19 16:00:00,1404264.595754298,1397703.7049767978,15165.958252499973,-8605.067474999874,0.015165958252499973,-1393,0.11412710288684148
2024-02-20 16:00:00,1449650.3272368552,1393337.3010858553,19510.638740999962,36802.38741,0.019510638740999963,-1920,0.1092015067535212
2024-02-21 16:00:00,1469798.3269769603,1391327.2910569604,21510.648719999957,56960.38719999999,0.021510648719999956,-2198,0.10759714247686622
2024-02-22 16:00:00,1463751.3168478003,1393170.0429894563,20962.606714394864,49618.66714394903,0.020962606714394864,-2142,0.10931324068392764
2024-02-25 16:00:00,1407913.5256237998,1397548.0610415253,14699.269507479497,-4333.804925205012,0.014699269507479497,-1502,0.10748280860001842
2024-02-26 16:00:00,1419543.81507475,1395837.8225824754,16400.999317479498,7304.993174795003,0.016400999317479497,-1685,0.11039109771454872
2024-02-27 16:00:00,1433436.828061225,1394458.1458139503,17773.8120224795,21204.870224795024,0.017773812022479497,-1847,0.10920135923374934
2024-02-28 16:00:00,1492880.8760774278,1389541.7704756528,22665.727781979473,80673.37781979555,0.022665727781979474,-2778,0.09778670377476778
2024-02-29 16:00:00,1508637.3799899623,1508637.3799899623,0.0,0.0,0.0,0,0.0
2024-03-03 16:00:00,1508637.3799899623,1508637.3799899623,0.0,0.0,0.0,0,0.0
2024-03-04 16:00:00,1508637.3799899623,1508637.3799899623,0.0,0.0,0.0,0,0.0
2024-03-05 16:00:00,1508637.3799899623,1508637.3799899623,0.0,0.0,0.0,0,0.0
2024-03-06 16:00:00,1508637.3799899623,1508637.3799899623,0.0,0.0,0.0,0,0.0
2024-03-07 16:00:00,1508637.3799899623,1508637.3799899623,0.0,0.0,0.0,0,0.0
2024-03-10 16:00:00,1508637.3799899623,1508637.3799899623,0.0,0.0,0.0,0,0.0
2024-03-11 16:00:00,1508637.3799899623,1508637.3799899623,0.0,0.0,0.0,0,0.0
2024-03-12 16:00:00,1508637.3799899623,1508637.3799899623,0.0,0.0,0.0,0,0.0
2024-03-13 16:00:00,1508584.8513677125,1499838.9824177125,8754.624449999974,-8.755499999994143,0.008754624449999974,-975,0.058037835870233395
2024-03-14 16:00:00,1491658.0569290821,1498454.1379870824,7282.051721999978,-14078.132780000105,0.007282051721999978,-811,0.058256414461971634
2024-03-17 16:00:00,1514717.6919987523,1496223.9243307523,9501.169787999974,8992.597879999943,0.009501169787999975,-1093,0.056788865974419914
2024-03-18 16:00:00,1535308.8208722621,1494227.1689262623,11487.99108599997,29593.660859999844,0.01148799108599997,-1425,0.055549899043467875
2024-03-19 16:00:00,1556528.5111898247,1492081.5828813247,13622.902573499963,50824.02573499998,0.013622902573499964,-1900,0.0548688953565748
2024-03-20 16:00:00,1580074.8608574474,1489795.1903184473,15897.920048999944,74381.75049000014,0.015897920048999942,-2599,0.053540153125461044
2024-03-21 16:00:00,1611764.6037723296,1486770.6789748298,18907.38407249993,106086.5407249997,0.018907384072499932,-4078,0.05148847406486538
2024-03-24 16:00:00,1657004.1877571791,1482379.56962968,23276.647102499934,151347.9710249993,0.023276647102499933,-8802,0.049135965136094896
2024-03-25 16:00:00,1771860.0533566407,1479808.1122011398,25835.311210500055,266216.6299450009,0.025835311210500055,-15536,0.03331910998736189
2024-03-26 16:00:00,1443907.737224619,1443494.610660535,7501.7098840078215,-7088.583319924188,0.0075017098840078214,-1788,0.02142269841939906
2024-03-27 16:00:00,1464355.9722843762,1456226.852122876,8132.134666500202,-3.0145050000002973,0.008132134666500201,5153,0.020585875682245243
2024-03-28 16:00:00,1723903.6671609392,1703083.121106939,5297.526234000246,15523.019820000027,0.005297526234000247,308,0.010049865505844755
2024-03-31 16:00:00,1727075.9074542492,1703328.099294249,5295.186000000246,18452.622160000014,0.005295186000000246,304,0.011714134805934069
2024-04-01 16:00:00,1734990.3852477993,1710746.807335299,5245.456027500247,18998.121885,0.005245456027500247,219,0.011688479758983553
2024-04-02 16:00:00,1725118.4434485242,1709743.164231024,6244.105882500246,9131.173335000009,0.006244105882500245,429,0.011824666345356746
2024-04-07 16:00:00,1724860.9025867868,1709719.5694967865,6267.583230000246,8873.749860000047,0.006267583230000246,434,0.011813300405523443
2024-04-08 16:00:00,1724274.6468771468,1709659.9871391465,6326.869158000246,8287.790579999988,0.006326869158000246,447,0.011821318626308287
2024-04-09 16:00:00,1727245.4100760592,1711248.319458314,6172.632393584139,9824.458224161099,0.006172632393584139,390,0.011797686582998462
2024-04-10 16:00:00,1677224.0193624592,1698399.22255862,5826.276150684811,-27001.47934684562,0.005826276150684811,262,0.011871997878714426
2024-04-11 16:00:00,1682016.7034830041,1697917.869878165,6305.234041684813,-22206.400436845695,0.0063052340416848126,345,0.011834900306744332
2024-04-14 16:00:00,1676027.918270504,1667965.373022504,8062.545248000253,0.0,0.008062545248000253,-265,0.011858394352111416
2024-04-15 16:00:00,1676022.7335890243,1666923.252045024,9099.481544000259,0.0,0.00909948154400026,-563,0.011689817570699094
2024-04-16 16:00:00,1675910.9504881212,1666843.6988291582,9067.251658962958,0.0,0.009067251658962957,-557,0.011665715290126642
2024-04-17 16:00:00,1675908.9522629636,1666442.0555725007,9466.896690462961,0.0,0.009466896690462962,-700,0.01167426188253351
2024-04-18 16:00:00,1673979.3749327878,1665219.88008961,8759.494843177883,0.0,0.008759494843177883,-554,0.011665914343051026
2024-04-21 16:00:00,1673977.9200782876,1664927.4543351098,9050.465743177883,0.0,0.009050465743177883,-651,0.01166682055106595
2024-04-22 16:00:00,1673970.8506603003,1663506.5013196224,10464.3493406779,0.0,0.0104643493406779,-2386,0.011616629998264159
2024-04-23 16:00:00,1675275.932684613,1665082.4944894249,10193.438195188155,0.0,0.010193438195188155,-1972,0.011418059333871926
2024-04-24 16:00:00,1692072.6002368415,1682597.665514474,9474.934722367527,0.0,0.009474934722367526,-874,0.011286099661046994
2024-04-25 16:00:00,1692063.8099909541,1680830.8260910865,11232.983899867528,0.0,0.011232983899867528,-4223,0.013102785999612229
2024-04-28 16:00:00,1692063.588163139,1680786.2387002716,11277.34946286753,0.0,0.011277349462867532,-4397,0.00662643536474456
2024-04-29 16:00:00,1692059.3333886592,1679931.0290297917,12128.30435886751,0.0,0.01212830435886751,-5579,0.023739593055258645
2024-05-05 16:00:00,1735484.3083294174,1724256.8180502036,11227.49027921379,0.0,0.011227490279213789,-2280,0.020888693620570095
2024-05-06 16:00:00,1746597.4979879847,1735528.3805994042,11069.117388580518,0.0,0.011069117388580518,-1700,0.021315729607358152
2024-05-07 16:00:00,1746596.8115566347,1735390.4078980542,11206.403658580519,0.0,0.011206403658580518,-7192,0.001029430483385317
2024-05-08 16:00:00,1758931.520856577,1747918.8450886137,11012.675767963286,0.0,0.011012675767963286,-2930,0.005580376429447187
2024-05-09 16:00:00,1774149.0995694066,1763204.9694746134,10944.130094793229,0.0,0.010944130094793229,-1422,0.008455940937343615
2024-05-12 16:00:00,1774149.0269766666,1763190.3783338733,10958.648642793216,0.0,0.010958648642793216,-2874,0.00016199315594671207
2024-05-13 16:00:00,1697154.9860047423,1686274.6111423136,10880.374862428696,0.0,0.010880374862428696,-32,0.0005053162540086336
2024-05-14 16:00:00,1696432.505736033,1686263.4065128886,10891.523747428697,-722.4245242845254,0.010891523747428697,-37,0.0004863736088586695
2024-05-15 16:00:00,1697154.662612085,1686209.6092181562,10945.053393928698,0.0,0.010945053393928698,-166,0.00040591468484064465
2024-05-16 16:00:00,1693984.174081479,1683072.4794144349,10911.694667044107,0.0,0.010911694667044107,-38,0.0004968759524901668
2024-05-19 16:00:00,1693425.1153197954,1683034.7856341898,10949.200916044107,-558.8712304386278,0.010949200916044106,-69,0.0004930244582101445
2024-05-20 16:00:00,1693428.5653197954,1683034.7856341898,10949.200916044107,-555.4212304386152,0.010949200916044106,-69,0.0004909861667787363
2024-05-21 16:00:00,1693249.0598310053,1682911.685649142,10944.400415703909,-607.026233840616,0.010944400415703909,-57,0.000493164307490209
2024-05-22 16:00:00,1693103.6169432653,1682796.3968892086,10940.800040448761,-633.5799863920845,0.010940800040448761,-48,0.0004876252060051305
2024-05-23 16:00:00,1693146.78760571,1682791.4829306535,10945.68955144876,-590.3848763920801,0.01094568955144876,-51,0.0004909792854850658
2024-05-26 16:00:00,1690702.42372373,1680547.874973513,10927.739012826994,-773.1902626097472,0.010927739012826995,-13,0.0004936409792101746
2024-05-27 16:00:00,1690202.9158980802,1680060.548190605,10925.377099850446,-783.0093923752297,0.010925377099850446,-8,0.0004856221654095725
2024-05-28 16:00:00,1690037.9680457602,1679824.3927553818,10924.432334659827,-710.8570442814217,0.010924432334659827,-6,0.0004373866232453684
2024-05-29 16:00:00,1689870.1773482028,1679678.3482663727,10923.959952064517,-732.1308702345195,0.010923959952064516,-5,0.0004472237040042609
2024-05-30 16:00:00,1690118.9949334052,1679647.7942970751,10954.361911564516,-483.1612752345186,0.010954361911564516,-8,0.00047972953527567846
2024-06-02 16:00:00,1690421.2042992925,1679615.8636154626,10986.133734064515,-180.7930502345171,0.010986133734064514,-13,0.0004887243474577978
2024-06-03 16:00:00,1690239.06469766,1679546.895393386,10971.24088137762,-279.0715771034747,0.01097124088137762,-10,0.0004588108369976138
2024-06-04 16:00:00,1690120.51105319,1679512.0488754346,10966.276597148655,-357.8144193931305,0.010966276597148656,-9,0.00047606072746766347
2024-06-05 16:00:00,1689901.2245418152,1679393.6266170968,10956.348028690725,-448.75010397243415,0.010956348028690725,-7,0.00047118138530013087
2024-06-06 16:00:00,1689830.10019562,1679324.2593974203,10951.38374446176,-445.54294626208696,0.01095138374446176,-6,0.0004399258836222306
2024-06-10 16:00:00,1689863.9292515325,1679312.3764608328,10963.20756196176,-411.65477126208646,0.010963207561961761,-7,0.0004898323383745007
2024-06-11 16:00:00,1689837.5453028125,1676475.9873281128,13785.48530596176,-423.9273312620842,0.01378548530596176,-243,0.017198576325153217
2024-06-12 16:00:00,1680427.6510399976,1674721.9932960481,13066.567103166282,-7360.9093592168365,0.013066567103166282,-182,0.01714480238537458
2024-06-13 16:00:00,1677277.3651395177,1673984.9631937977,12877.998394236321,-9585.596448516486,0.012877998394236322,-166,0.01737911725624181
2024-06-16 16:00:00,1680558.1593834874,1670198.5621717677,16645.561600236317,-6285.9643885164605,0.016645561600236315,-408,0.03780029845756977
2024-06-17 16:00:00,1674312.7837355374,1669711.9403865782,16238.711249076263,-11637.867900117075,0.016238711249076263,-379,0.03870782128020637
2024-06-18 16:00:00,1667600.5207053125,1668504.7665010642,15747.684963193438,-16651.93075894525,0.01574768496319344,-344,0.03892586935181876
2024-06-19 16:00:00,1668576.9787104123,1668576.9787104123,0.0,0.0,0.0,0,0.0
2024-06-20 16:00:00,1668576.9787104123,1668576.9787104123,0.0,0.0,0.0,0,0.0
2024-06-23 16:00:00,1668576.9787104123,1668576.9787104123,0.0,0.0,0.0,0,0.0
2024-06-24 16:00:00,1668576.9787104123,1668576.9787104123,0.0,0.0,0.0,0,0.0
2024-06-25 16:00:00,1668576.9787104123,1668576.9787104123,0.0,0.0,0.0,0,0.0
2024-06-26 16:00:00,1668576.9787104123,1668576.9787104123,0.0,0.0,0.0,0,0.0
2024-06-27 16:00:00,1668576.9787104123,1668576.9787104123,0.0,0.0,0.0,0,0.0
2024-06-30 16:00:00,1668576.9787104123,1668576.9787104123,0.0,0.0,0.0,0,0.0
2024-07-01 16:00:00,1668576.9787104123,1668576.9787104123,0.0,0.0,0.0,0,0.0
2024-07-02 16:00:00,1668576.9787104123,1668576.9787104123,0.0,0.0,0.0,0,0.0
2024-07-03 16:00:00,1668576.9787104123,1668576.9787104123,0.0,0.0,0.0,0,0.0
2024-07-04 16:00:00,1668576.9787104123,1668576.9787104123,0.0,0.0,0.0,0,0.0
2024-07-07 16:00:00,1668576.9787104123,1668576.9787104123,0.0,0.0,0.0,0,0.0
2024-07-08 16:00:00,1668576.9787104123,1668576.9787104123,0.0,0.0,0.0,0,0.0
2024-07-09 16:00:00,1668576.9787104123,1668576.9787104123,0.0,0.0,0.0,0,0.0
2024-07-10 16:00:00,1668405.9716610122,1639932.8205810122,28501.64988,-28.49879999999314,0.02850164988,1397,0.17081454084959607
2024-07-11 16:00:00,1665190.814149567,1639588.1816705673,28844.574169,-3241.941690000233,0.028844574169,1414,0.17127394504974902
2024-07-14 16:00:00,1712741.2741331148,1650788.708519704,24417.931598509902,37534.634014900905,0.0244179315985099,1197,0.16448132257604775
2024-07-15 16:00:00,1725125.8019016646,1652647.4821682894,23805.953362958277,48672.36637041706,0.023805953362958276,1167,0.16620926988856435
2024-07-16 16:00:00,1682510.7191499048,1649367.3165845294,27069.799714958273,6073.602850417042,0.02706979971495827,1323,0.16449916000525672
2024-07-17 16:00:00,1652199.933696215,1647007.9637728394,29417.414452958274,-24225.444529582757,0.029417414452958274,1449,0.16338742938700215
2024-07-18 16:00:00,1636470.0719519597,1645632.4736875845,30786.06130395827,-39948.46303958297,0.03078606130395827,1527,0.16371344309428015
2024-07-21 16:00:00,1642497.8472348799,1645554.7894993306,30060.26025160562,-33117.20251605639,0.03006026025160562,1491,0.1628528161849998
2024-07-22 16:00:00,1626087.24763498,1643946.8297194305,31660.22023160562,-49519.80231605641,0.03166022023160562,1586,0.1642485053544641
2024-07-23 16:00:00,1614022.45502234,1642072.0358587906,33525.68675960562,-61575.26759605629,0.03352568675960562,1702,0.16956492714731894
2024-07-24 16:00:00,1588478.63203052,1639756.6461429705,35829.55712360562,-87107.57123605625,0.035829557123605624,1860,0.17072184323521294
2024-07-25 16:00:00,1598608.6448628325,1638046.5094663268,34346.29051149936,-73784.15511499363,0.034346290511499365,1783,0.16869591620602026
2024-07-28 16:00:00,1595303.9091874023,1637010.3915648968,35377.25359749936,-77083.73597499385,0.03537725359749936,1852,0.17343955493780264
2024-07-29 16:00:00,1580757.3853538076,1635616.1262023018,36764.582316499356,-91623.32316499366,0.03676458231649936,1950,0.1746140821845473
2024-07-30 16:00:00,1572265.6647454877,1634071.6485699818,38301.37598049936,-100107.35980499352,0.03830137598049936,2062,0.17993549458182428
2024-07-31 16:00:00,1605231.5616409278,1630076.9851326593,33026.113721303525,-57871.53721303515,0.03302611372130353,1778,0.16968866455725132
2024-08-01 16:00:00,1621221.9815260177,1629473.5223431059,30815.70453523203,-39067.245352320206,0.03081570453523203,1659,0.16597961480062848
2024-08-04 16:00:00,1616903.2185191375,1628575.203720226,31709.55391123203,-43381.539112320424,0.03170955391123203,1715,0.16928285927384354
2024-08-05 16:00:00,1633699.0390508375,1628893.3838017103,29675.70497231919,-24870.049723192078,0.029675704972319188,1605,0.16642416595774173
2024-08-06 16:00:00,1616032.4432045976,1626951.0471874704,31608.378220319188,-42526.98220319214,0.031608378220319186,1727,0.1692767995780677
2024-08-07 16:00:00,1643991.1974785374,1628690.6328980338,28350.5372688329,-13049.97268832919,0.028350537268832902,1549,0.16451146479057147
2024-08-08 16:00:00,1616792.3002763677,1626354.4376018639,30675.1097028329,-40237.24702832913,0.0306751097028329,1697,0.1648411177826881
2024-08-11 16:00:00,1595473.4468845676,1622752.5594500639,34259.0680628329,-61538.18062832908,0.0342590680628329,1945,0.17615617517721943
2024-08-12 16:00:00,1605970.0616767125,1622133.7814441882,33008.479974163936,-49172.199741639684,0.03300847997416394,1874,0.17491770656466227
2024-08-13 16:00:00,1591525.756068013,1619704.0514954883,35426.121714163935,-63604.41714163933,0.035426121714163934,2044,0.18262777017073864
2024-08-14 16:00:00,1507793.6392918252,1614625.9068568007,40479.00195166394,-147311.26951663944,0.040479001951663936,2543,0.1707652448520287
2024-08-15 16:00:00,1451058.920490438,1610301.1855529132,44782.20722916394,-204024.47229163928,0.04478220722916394,3088,0.1680135772278633
2024-08-18 16:00:00,1491480.6838170425,1588651.081727604,36632.07754561791,-133802.47545617927,0.03663207754561791,2526,0.15589762745363353
2024-08-19 16:00:00,1605937.3478573826,1596688.0621850921,19490.701591967725,-10241.415919677445,0.019490701591967724,1344,0.11498929285527723
2024-08-20 16:00:00,1605062.51700482,1596481.8909450297,19695.847104467724,-11115.221044677266,0.019695847104467725,1359,0.11578567690110846
2024-08-21 16:00:00,1620953.5544967602,1598346.0767888594,18188.585810233257,4418.891897667483,0.018188585810233256,1255,0.11493527959710113
2024-08-22 16:00:00,1661525.7952277202,1610859.6852084787,14579.8544423065,36086.25557693496,0.0145798544423065,1006,0.10946853820892487
2024-08-25 16:00:00,1684549.6299382553,1618978.4157561269,12971.142868652403,52600.071313476015,0.012971142868652403,895,0.10822566266966108
2024-08-26 16:00:00,1673578.8722843328,1617804.6141627044,14139.104653152404,41635.153468476,0.014139104653152405,956,0.10936215975897239
2024-08-27 16:00:00,1674008.9571539275,1617863.2903064853,14124.314794728605,42021.352052713824,0.014124314794728605,955,0.10947641541391612
2024-08-28 16:00:00,1670186.2511684478,1617410.0301850052,14575.319890728604,38200.90109271382,0.014575319890728603,979,0.11013987204798696
2024-08-29 16:00:00,1696553.5442649727,1627904.8516552253,12639.884154472507,56008.80845527484,0.012639884154472507,849,0.10751658892029109
2024-09-01 16:00:00,1688397.7252134227,1626997.1453936752,13543.074464472507,47857.50535527492,0.013543074464472508,893,0.10855750825939509
2024-09-02 16:00:00,1691078.3164865223,1672771.3263515225,18325.317284999997,-18.327149999996323,0.018325317284999997,-879,0.10837552478395855
2024-09-03 16:00:00,1690152.3492179827,1672265.9422949825,18828.186992999996,-941.7800699999412,0.018828186992999995,-903,0.11195656420413931
2024-09-04 16:00:00,1693265.4735234727,1671893.1446784725,19199.129894999995,2173.198950000098,0.019199129894999993,-921,0.11210179559440984
2024-09-05 16:00:00,1702055.1275148478,1670905.5796948476,20181.781619999994,10967.76620000008,0.020181781619999995,-971,0.1121291824893228
2024-09-08 16:00:00,1717775.91402937,1669328.84715887,21750.669715499993,26696.39715500011,0.021750669715499993,-1058,0.1110798553185078
2024-09-09 16:00:00,1722111.387723245,1668939.197377745,22138.380940499992,31033.809405000036,0.022138380940499993,-1080,0.11053291985465376
2024-09-10 16:00:00,1706279.9946605552,1671765.6521005468,20457.50386909166,14056.838690916837,0.020457503869091658,-998,0.1116570554634565
2024-09-11 16:00:00,1700935.3963521176,1670878.2002296092,21340.54055659166,8716.655565916697,0.02134054055659166,-1043,0.12033893258908143
2024-09-12 16:00:00,1680017.7951378876,1671241.0059062184,20481.189930151726,-11704.400698482588,0.020481189930151727,-1001,0.12887738488640793
2024-09-17 16:00:00,1679916.6565044476,1671067.0377047784,20654.292618151725,-11804.673818482503,0.020654292618151725,-1009,0.1299752574954136
2024-09-18 16:00:00,1659912.6656138673,1666747.1355381983,24952.702734151728,-31787.172658482672,0.02495270273415173,-1191,0.1694753018201501
2024-09-19 16:00:00,1671698.1348664674,1665837.5005107983,25857.812214151727,-19997.17785848257,0.02585781221415173,-1231,0.16664210732175763
2024-09-22 16:00:00,1688246.2736108,1664361.6397866309,27326.330347651725,-3441.6965234824884,0.027326330347651726,-1300,0.16390085044179406
2024-09-23 16:00:00,1664519.33220903,1664361.417518352,27032.046790061628,-26874.132099383445,0.027032046790061628,-1286,0.17854679981732902
2024-09-24 16:00:00,1668626.4652213352,1663010.219601657,28376.522329061627,-22760.276709383386,0.028376522329061626,-1345,0.18369929183601957
2024-09-25 16:00:00,1667280.0919357853,1662780.198106107,28605.399439061628,-24105.5056093834,0.028605399439061627,-1355,0.18602723171719218
2024-09-26 16:00:00,1662534.8029033851,1662773.828170824,28183.179521141898,-28422.204788580693,0.028183179521141896,-1335,0.1866150407547466
2024-09-29 16:00:00,1642764.1946527853,1661488.0010829715,26388.74486998305,-45112.55130016913,0.02638874486998305,-1250,0.18809759855114813
2024-10-07 16:00:00,1680428.6458636776,1657627.393257364,30230.14569148305,-7428.8930851693385,0.030230145691483048,-1427,0.18431627594684932
2024-10-08 16:00:00,1671433.58708048,1657980.537239712,29446.322712797082,-15993.272872028934,0.029446322712797082,-1390,0.18574264774843927
2024-10-09 16:00:00,1666287.4535293726,1658114.9081104302,28959.081401722022,-20786.5359827796,0.02895908140172202,-1367,0.18626879134364718
2024-10-10 16:00:00,1689857.1270124926,1656259.6224575501,30805.136777722022,2792.3677772203964,0.030805136777722023,-1455,0.18064189872647338
2024-10-13 16:00:00,1662701.774369075,1656875.0925985703,27777.552888227692,-21950.871117723033,0.027777552888227693,-1312,0.18026467802004575
2024-10-14 16:00:00,1651872.51919118,1656728.906952313,26994.192021715175,-31850.57978284822,0.026994192021715175,-1275,0.18269720967800182
2024-10-15 16:00:00,1647790.6481271149,1656415.5089452479,27306.030834715173,-35930.891652848026,0.027306030834715174,-1288,0.18751848139883573
2024-10-16 16:00:00,1668260.0377447146,1654772.2972828478,28941.067314715172,-15453.326852848246,0.02894106731471517,-1361,0.18274369289103104
2024-10-17 16:00:00,1657776.0277655795,1654836.5025530278,28281.865928413798,-25342.34071586205,0.028281865928413797,-1330,0.18588819891149738
2024-10-20 16:00:00,1669341.0072673296,1653828.0859047777,29285.265578413797,-13772.344215862006,0.029285265578413797,-1375,0.1836802658445069
2024-10-21 16:00:00,1651664.7566123272,1653737.4878550228,28156.45170520948,-30229.18294790502,0.02815645170520948,-1322,0.18877541507848677
2024-10-22 16:00:00,1660781.7490629898,1652932.2367631854,28957.696572709483,-21108.184272905215,0.028957696572709482,-1357,0.1870716306795207
2024-10-23 16:00:00,1668982.7729585597,1651453.8889127553,30428.689458709483,-12899.80541290496,0.030428689458709482,-1423,0.19004791729379666
2024-10-24 16:00:00,1661009.7225043848,1651657.9045200138,29765.801634942796,-20413.983650572012,0.029765801634942798,-1392,0.19149315966701713
2024-10-27 16:00:00,1652252.9264927448,1652252.9264927448,0.0,0.0,0.0,0,0.0
2024-10-28 16:00:00,1652252.9264927448,1652252.9264927448,0.0,0.0,0.0,0,0.0
2024-10-29 16:00:00,1652252.9264927448,1652252.9264927448,0.0,0.0,0.0,0,0.0
2024-10-30 16:00:00,1652252.9264927448,1652252.9264927448,0.0,0.0,0.0,0,0.0
2024-10-31 16:00:00,1652252.9264927448,1652252.9264927448,0.0,0.0,0.0,0,0.0
2024-11-03 16:00:00,1652252.9264927448,1652252.9264927448,0.0,0.0,0.0,0,0.0
2024-11-04 16:00:00,1652252.9264927448,1652252.9264927448,0.0,0.0,0.0,0,0.0
2024-11-05 16:00:00,1652252.9264927448,1652252.9264927448,0.0,0.0,0.0,0,0.0
2024-11-06 16:00:00,1652252.9264927448,1652252.9264927448,0.0,0.0,0.0,0,0.0
2024-11-07 16:00:00,1652252.9264927448,1652252.9264927448,0.0,0.0,0.0,0,0.0
2024-11-10 16:00:00,1652252.9264927448,1652252.9264927448,0.0,0.0,0.0,0,0.0
2024-11-11 16:00:00,1652252.9264927448,1652252.9264927448,0.0,0.0,0.0,0,0.0
2024-11-12 16:00:00,1652252.9264927448,1652252.9264927448,0.0,0.0,0.0,0,0.0
2024-11-13 16:00:00,1652252.9264927448,1652252.9264927448,0.0,0.0,0.0,0,0.0
2024-11-14 16:00:00,1652252.9264927448,1652252.9264927448,0.0,0.0,0.0,0,0.0
2024-11-17 16:00:00,1652252.9264927448,1652252.9264927448,0.0,0.0,0.0,0,0.0
2024-11-18 16:00:00,1652252.9264927448,1652252.9264927448,0.0,0.0,0.0,0,0.0
2024-11-19 16:00:00,1652252.9264927448,1652252.9264927448,0.0,0.0,0.0,0,0.0
2024-11-20 16:00:00,1652252.9264927448,1652252.9264927448,0.0,0.0,0.0,0,0.0
2024-11-21 16:00:00,1652050.027265885,1618266.7396138848,33817.101372,-33.813720000013916,0.033817101371999995,1434,0.20467733689615403
2024-11-24 16:00:00,1681134.1072427349,1625696.6118507348,29808.100511999997,25629.39487999993,0.029808100512,1264,0.19255477513981586
2024-11-25 16:00:00,1679233.524060835,1624928.9160888349,30571.976892,23732.631079999937,0.030571976892,1294,0.196192128896579
2024-11-26 16:00:00,1698630.0990996747,1629643.7078677644,28611.023196454404,40375.36803545589,0.028611023196454404,1211,0.19220523654505306
2024-11-27 16:00:00,1675973.7098689796,1627853.2318880693,30392.591335454403,17727.886645455837,0.030392591335454404,1282,0.1919205522771269
2024-11-28 16:00:00,1682955.9959535047,1629138.1821999168,29681.376249601337,24136.43750398657,0.02968137624960134,1252,0.19070623401425335
2024-12-01 16:00:00,1691842.1928737822,1630086.8031308318,29230.94002856106,32524.4497143895,0.02923094002856106,1233,0.1920000880509036
2024-12-02 16:00:00,1691779.9106611023,1629980.905742152,29336.31056456106,32462.69435438923,0.02933631056456106,1237,0.19259349159234065
2024-12-03 16:00:00,1705505.6700728524,1631807.7284098181,28624.83981521843,45073.10184781569,0.02862483981521843,1207,0.19426584491263946
2024-12-04 16:00:00,1723417.2947900447,1637184.9261660127,26941.025708440877,59291.34291559113,0.026941025708440876,1136,0.1907266458295836
2024-12-05 16:00:00,1723049.7924966048,1723049.7924966048,0.0,0.0,0.0,0,0.0
2024-12-08 16:00:00,1723049.7924966048,1723049.7924966048,0.0,0.0,0.0,0,0.0
2024-12-09 16:00:00,1723049.7924966048,1723049.7924966048,0.0,0.0,0.0,0,0.0
2024-12-10 16:00:00,1723049.7924966048,1723049.7924966048,0.0,0.0,0.0,0,0.0
2024-12-11 16:00:00,1723049.7924966048,1723049.7924966048,0.0,0.0,0.0,0,0.0
2024-12-12 16:00:00,1723049.7924966048,1723049.7924966048,0.0,0.0,0.0,0,0.0
2024-12-15 16:00:00,1723049.7924966048,1723049.7924966048,0.0,0.0,0.0,0,0.0
2024-12-16 16:00:00,1723049.7924966048,1723049.7924966048,0.0,0.0,0.0,0,0.0
2024-12-17 16:00:00,1722877.7860039247,1694238.2248279247,28668.226536,-28.665359999991438,0.028668226536,1242,0.1663806930060139
2024-12-18 16:00:00,1762527.6857208374,1705373.0978288373,23982.518012,33172.069880000054,0.023982518012,1039,0.15488962369879017
2024-12-19 16:00:00,1757431.3251424923,1704491.9362714924,24859.295681,28080.09318999996,0.024859295681,1073,0.1574303621665372
2024-12-22 16:00:00,1827121.897168535,1736566.411627219,18349.07938429823,72206.40615701769,0.01834907938429823,792,0.13994534267048644
2024-12-23 16:00:00,1829298.138782015,1736271.876976699,18642.14868829823,74384.11311701768,0.01864214868829823,801,0.1425714018238983
2024-12-24 16:00:00,1823687.6976152752,1735695.471941959,19215.686036298233,68776.53963701766,0.019215686036298234,819,0.14308009005116754
2024-12-25 16:00:00,1826635.904311385,1735806.3172530548,19192.223660185537,71637.36339814473,0.019192223660185536,818,0.1442868824476316
2024-12-26 16:00:00,1806830.290676985,1734129.0055386547,20861.190540185537,51840.09459814469,0.020861190540185537,874,0.1441485685423248
2024-12-29 16:00:00,1803113.6755007352,1733774.7076124048,21213.725790185537,48125.2420981447,0.021213725790185538,886,0.14434059457051346
2024-12-30 16:00:00,1811613.9976505926,1736317.3896592844,20519.371334299103,54777.23665700896,0.020519371334299104,857,0.14350239639191656
2025-01-01 16:00:00,1807711.9582264924,1735866.9036151844,20967.616154299103,50877.43845700901,0.020967616154299103,872,0.14413446722763482
2025-01-02 16:00:00,1780360.3147229678,1733447.5764566595,23374.906859299103,23537.831407009093,0.0233749068592991,962,0.14451394915530627
2025-01-05 16:00:00,1756538.4359914928,1731374.1043801846,25438.063154299103,-273.7315429908906,0.0254380631542991,1047,0.1446634441884941
2025-01-06 16:00:00,1770559.7853957678,1733424.5623218254,24101.77521400641,13033.447859935906,0.024101775214006412,992,0.14348637199122458
2025-01-07 16:00:00,1770554.5605203977,1732549.3811124554,24972.602288006412,13032.577119935891,0.02497260228800641,1026,0.14840468961474446
2025-01-08 16:00:00,1785729.2838801877,1735753.5137542067,23463.536652668794,26512.23347331204,0.023463536652668794,964,0.14624142772221088
2025-01-09 16:00:00,1787704.6650984252,1736022.1553984089,23341.837811109308,28340.67188890707,0.02334183781110931,959,0.14642186436627574
2025-01-12 16:00:00,1784537.376242705,1735588.5148386888,23773.32095510931,25175.54044890688,0.023773320955109308,975,0.1473259980430038
2025-01-13 16:00:00,1777220.3144525876,1734824.4022600714,24533.631978609308,17862.280213906874,0.02453363197860931,1004,0.14809565131550348
2025-01-14 16:00:00,1785500.8810553874,1735579.1239255085,24167.093652235664,25754.663477643324,0.024167093652235665,989,0.1497762352499809
2025-01-15 16:00:00,1787712.8791611549,1733359.394649776,26375.779498735665,27977.70501264334,0.026375779498735666,1070,0.1631892365942401
2025-01-16 16:00:00,1784709.2687570076,1732084.6307111285,27644.201328235664,24980.4367176434,0.027644201328235665,1117,0.16889162581081393
2025-01-19 16:00:00,1781859.3148233576,1731815.9673474785,27911.528058235665,22131.819417643448,0.027911528058235664,1127,0.16906334719801588
2025-01-20 16:00:00,1785374.1492989752,1725917.268711596,33780.87993473567,25676.000652643557,0.03378087993473567,1344,0.20359026713964792
2025-01-21 16:00:00,1788059.8609096904,1726562.3228284295,33428.99576874884,28068.542312511854,0.033428995768748845,1330,0.20265456874337928
2025-01-22 16:00:00,1796433.3421196276,1728290.5828027893,32599.554520351314,35543.204796487065,0.03259955452035131,1297,0.2012536404904494
2025-01-23 16:00:00,1816457.1656752678,1733986.8113951406,30488.249524430335,51982.1047556969,0.030488249524430334,1213,0.1964618856659555
2025-01-26 16:00:00,1835008.0812406926,1737560.2432293582,29407.46244318507,68040.37556814947,0.02940746244318507,1170,0.19733700559790746
2025-02-04 16:00:00,1805101.9728100777,1735448.2959057433,31508.902566185072,38144.77433814955,0.03150890256618507,1244,0.19568634089414141
2025-02-05 16:00:00,1801491.5058611855,1734968.0739633508,31986.735344685072,34536.696553149435,0.031986735344685074,1261,0.19672812713628673
2025-02-06 16:00:00,1808926.5855029156,1736605.5797693469,31276.482696270177,41044.52303729849,0.031276482696270175,1233,0.19559077346504605
2025-02-09 16:00:00,1769386.2984966554,1732813.8180310868,35049.37994827017,1523.1005172982175,0.03504937994827017,1381,0.19894858477150415
2025-02-10 16:00:00,1788023.518460035,1734366.8596730744,34059.57124589325,19597.087541067493,0.03405957124589325,1342,0.20144746211740092
2025-02-11 16:00:00,1771707.916351598,1732641.227752137,35776.617933393245,3290.0706660676997,0.03577661793339325,1409,0.20378994001647158
2025-02-12 16:00:00,1783253.7835127232,1734429.6216910996,34507.043130930746,14317.118690692754,0.03450704313093075,1359,0.20153471890695465
2025-02-13 16:00:00,1792152.632129523,1735106.6448768077,34100.77919414275,22945.20805857269,0.03410077919414275,1343,0.2030814750234378
2025-02-16 16:00:00,1799937.0501447232,1736549.9589587103,33339.03431266525,30048.056873347625,0.03333903431266525,1313,0.20191728370210385
2025-02-17 16:00:00,1805645.226625873,1737599.1161509953,32831.20439168025,35214.90608319751,0.03283120439168025,1293,0.20132800432746475
2025-02-18 16:00:00,1811525.8055401482,1738454.1930986214,32450.3319509415,40621.28049058524,0.0324503319509415,1278,0.20155638903036754
2025-02-19 16:00:00,1810246.2680320332,1738196.6561975065,32706.587573941502,39343.02426058523,0.0327065875739415,1287,0.20240831674152981
2025-02-20 16:00:00,1805481.6702072332,1737744.7630127065,33156.232533941504,34580.67466058517,0.0331562325339415,1303,0.20279519091322268
2025-02-23 16:00:00,1771721.2651685681,1735616.6335710415,35273.7742669415,830.8573305851025,0.035273774266941504,1386,0.1995622036891678
2025-02-24 16:00:00,1780585.7034654182,1736843.7535422826,34306.67223076273,9435.277692372934,0.034306672230762725,1348,0.19796969014968066
2025-02-25 16:00:00,1766558.9698376681,1735581.8498645327,35562.297780762725,-4585.177807627185,0.035562297780762725,1398,0.1987127551322316
2025-02-26 16:00:00,1772356.8414067307,1736235.7256534295,34926.34824963321,1194.7675036681328,0.034926348249633206,1373,0.19773571653992605
2025-02-27 16:00:00,1783128.1039923958,1737697.7394972097,33832.51505609044,11597.84943909574,0.03383251505609044,1330,0.19624108846500024
2025-03-02 16:00:00,1760770.359307101,1735395.4663429146,36123.33411509044,-10748.441150904204,0.03612333411509044,1423,0.19905202183090068
2025-03-03 16:00:00,1762761.3702480209,1735196.2956278345,36321.51393109044,-8756.439310904056,0.03632151393109044,1431,0.2010814997325064
2025-03-04 16:00:00,1767553.5631799432,1734918.732099257,36597.69654659044,-3962.865465904232,0.036597696546590446,1442,0.20481082301614278
2025-03-05 16:00:00,1761710.0542958933,1734347.734505207,37165.85335659044,-9803.533565904148,0.03716585335659044,1465,0.2053998608440839
2025-03-06 16:00:00,1764785.0598204432,1734554.0135436866,36912.16152480484,-6681.11524804828,0.03691216152480484,1455,0.2053737354490502
2025-03-09 16:00:00,1745630.8557144136,1731044.1422916567,40404.570730804844,-25817.85730804806,0.04040457073080484,1603,0.21667115287396044
2025-03-10 16:00:00,1756446.5918705985,1731530.967104177,39623.19724817543,-14707.57248175393,0.03962319724817543,1572,0.21721377795705152
2025-03-11 16:00:00,1736628.0700071885,1729634.523378767,41510.20593017543,-34516.65930175412,0.041510205930175424,1654,0.21915193389591156
2025-03-12 16:00:00,1745389.4682473682,1729953.6825532678,40656.9127006555,-25221.127006554896,0.0406569127006555,1620,0.21848877109527315
2025-03-13 16:00:00,1733555.8034486887,1728669.8073785878,41934.4004366555,-37048.40436655481,0.0419344004366555,1676,0.22052684963441696
2025-03-16 16:00:00,1744358.8268167912,1729140.2596247185,40658.3536453253,-25439.78645325265,0.040658353645325294,1625,0.2185007718254469
2025-03-17 16:00:00,1756375.4076584463,1730104.226249229,39207.16317675369,-12935.981767536414,0.03920716317675369,1567,0.21586253619062784
2025-03-18 16:00:00,1736385.5677360261,1728330.384682809,40972.17966075369,-32916.996607536435,0.04097217966075369,1644,0.2170052590861454
2025-03-19 16:00:00,1720759.394214956,1726961.297087739,42334.45587475369,-48536.35874753645,0.042334455874753686,1706,0.2178155768087466
2025-03-20 16:00:00,1726384.9129717562,1726946.2847238302,41540.374639119385,-42101.74639119352,0.04154037463911939,1674,0.21623335398442933
2025-03-23 16:00:00,1782415.284624456,1737377.6865595316,33698.822437230665,11338.77562769367,0.033698822437230665,1358,0.1954241545192934
2025-03-24 16:00:00,1782957.0972488509,1737145.2972729267,33930.05555823066,11881.74441769354,0.033930055558230664,1367,0.19696620885711902
2025-03-25 16:00:00,1817721.160282946,1746199.4592435926,30107.64988451631,41414.051154837114,0.03010764988451631,1213,0.18841754031552777
2025-03-26 16:00:00,1829420.303608546,1748663.2081647546,29214.100506245424,51542.9949375461,0.029214100506245424,1177,0.1878649752176034
2025-03-27 16:00:00,1822302.944809616,1787956.137902616,34381.191537000035,-34.384630000025254,0.03438119153700003,-1201,0.18868778156747315
2025-03-30 16:00:00,1808911.437839871,1787990.6779468711,34323.937263000036,-13403.177370000134,0.03432393726300004,-1199,0.19715865715675288
2025-03-31 16:00:00,1760732.8956557913,1783616.000599791,28856.15409600004,-51739.259039999975,0.02885615409600004,-1008,0.19327224523357
2025-04-01 16:00:00,1763806.2920894288,1783447.9060359285,29023.412368500038,-48665.02631500002,0.029023412368500038,-1013,0.1921407988620652
2025-04-02 16:00:00,1771247.5234093484,1782724.5391798485,29743.18038450004,-41220.196155000114,0.02974318038450004,-1035,0.19119405702719228
2025-04-06 16:00:00,1774661.4688189086,1782464.1496214084,30002.27447250004,-37804.95527499995,0.03000227447250004,-1043,0.19036177092684303
2025-04-07 16:00:00,1775388.4663574682,1781944.4959919683,30519.34276050004,-37075.37239500015,0.03051934276050004,-1059,0.19278530106834965
2025-04-08 16:00:00,1766699.4960866484,1781565.1655979217,29770.048226247916,-44635.717737521205,0.029770048226247917,-1033,0.193771606749363
2025-04-09 16:00:00,1733416.3873377284,1777165.1240957978,27061.060294721006,-70809.79705279038,0.027061060294721006,-939,0.1969638700164657
2025-04-10 16:00:00,1735153.5373377283,1777165.1240957978,27061.060294721006,-69072.64705279046,0.027061060294721006,-939,0.1957655289232681
2025-04-13 16:00:00,1836772.3485766484,1808970.7125886483,27829.46266800006,-27.826679999992933,0.027829462668000057,1099,0.15149770749523453
2025-04-14 16:00:00,1872632.747126088,1816366.0042740882,24588.17857200006,31678.564279999875,0.02458817857200006,971,0.14821931872438374
2025-04-15 16:00:00,1888984.6536731082,1820246.015845108,23271.40690800006,45467.23092000001,0.02327140690800006,919,0.1472649867531109
2025-04-16 16:00:00,1904737.2522307853,1824191.4945187855,22182.53803200006,58363.219679999886,0.022182538032000057,876,0.14710091886523946
2025-04-17 16:00:00,1899827.6923508232,1823528.203571323,22842.529024500058,53456.95975499995,0.02284252902450006,897,0.14837253459086197
2025-04-20 16:00:00,1914439.669931088,1828181.6754479727,21671.117279653903,64586.87720346145,0.021671117279653904,851,0.1469349253560576
2025-04-21 16:00:00,1908389.6123980156,1826848.7664454002,22997.394894153902,58543.45105846152,0.0229973948941539,892,0.15118369861459222
2025-04-22 16:00:00,1926485.869593328,1832981.6663844278,21579.394087900022,71924.80912100029,0.021579394087900022,837,0.14934900615738025
2025-04-23 16:00:00,1929791.810955943,1832946.7190400427,21614.16756490002,75230.9243510003,0.02161416756490002,838,0.15098654598169609
2025-04-24 16:00:00,1909250.144467143,1831160.0523912427,23391.94532490002,54698.1467510003,0.02339194532490002,893,0.15116803884309826
2025-04-27 16:00:00,1915948.9630218279,1915948.9630218279,0.0,0.0,0.0,0,0.0
2025-04-28 16:00:00,1915948.9630218279,1915948.9630218279,0.0,0.0,0.0,0,0.0
2025-04-29 16:00:00,1915948.9630218279,1915948.9630218279,0.0,0.0,0.0,0,0.0
2025-05-05 16:00:00,1915948.9630218279,1915948.9630218279,0.0,0.0,0.0,0,0.0
2025-05-06 16:00:00,1915948.9630218279,1915948.9630218279,0.0,0.0,0.0,0,0.0
2025-05-07 16:00:00,1915948.9630218279,1915948.9630218279,0.0,0.0,0.0,0,0.0
2025-05-08 16:00:00,1915948.9630218279,1915948.9630218279,0.0,0.0,0.0,0,0.0
2025-05-11 16:00:00,1915948.9630218279,1915948.9630218279,0.0,0.0,0.0,0,0.0
2025-05-12 16:00:00,1915948.9630218279,1915948.9630218279,0.0,0.0,0.0,0,0.0
2025-05-13 16:00:00,1915948.9630218279,1915948.9630218279,0.0,0.0,0.0,0,0.0
2025-05-14 16:00:00,1915948.9630218279,1915948.9630218279,0.0,0.0,0.0,0,0.0
2025-05-15 16:00:00,1915948.9630218279,1915948.9630218279,0.0,0.0,0.0,0,0.0
2025-05-18 16:00:00,1915948.9630218279,1915948.9630218279,0.0,0.0,0.0,0,0.0
2025-05-19 16:00:00,1915948.9630218279,1915948.9630218279,0.0,0.0,0.0,0,0.0
2025-05-20 16:00:00,1915948.9630218279,1915948.9630218279,0.0,0.0,0.0,0,0.0
2025-05-21 16:00:00,1915948.9630218279,1915948.9630218279,0.0,0.0,0.0,0,0.0
2025-05-22 16:00:00,1915948.9630218279,1915948.9630218279,0.0,0.0,0.0,0,0.0
2025-05-25 16:00:00,1915948.9630218279,1915948.9630218279,0.0,0.0,0.0,0,0.0
2025-05-26 16:00:00,1915948.9630218279,1915948.9630218279,0.0,0.0,0.0,0,0.0
2025-05-27 16:00:00,1915948.9630218279,1915948.9630218279,0.0,0.0,0.0,0,0.0
2025-05-28 16:00:00,1915948.9630218279,1915948.9630218279,0.0,0.0,0.0,0,0.0
2025-05-29 16:00:00,1915948.9630218279,1915948.9630218279,0.0,0.0,0.0,0,0.0
2025-06-02 16:00:00,1915948.9630218279,1915948.9630218279,0.0,0.0,0.0,0,0.0
2025-06-03 16:00:00,1915682.790284738,1871365.7726867378,44361.38341799999,-44.36581999997304,0.04436138341799999,-1202,0.23159272623316549
2025-06-04 16:00:00,1929144.7608405277,1871293.8419805279,44432.95625999999,13417.962599999933,0.04443295625999999,-1204,0.2233692404774497
2025-06-05 16:00:00,1952552.0020804978,1869525.279154498,46192.72026599999,36834.002659999984,0.04619272026599999,-1256,0.21771158952337832
2025-06-08 16:00:00,1969436.2328279978,1868022.9544019978,47687.57076599999,53725.70765999988,0.04768757076599999,-1302,0.21485844169342858
2025-06-09 16:00:00,1964877.4587801727,1868690.6937995139,47357.933180059896,48828.83180059896,0.047357933180059895,-1293,0.21617149614189776
2025-06-10 16:00:00,1953297.4142790178,1871169.7338453543,45966.13003942395,36161.5503942396,0.04596613003942395,-1255,0.2168127326151804
2025-06-11 16:00:00,1960070.6292244655,1870535.7477753018,46596.96194992395,42937.919499239615,0.04659696194992395,-1274,0.21582472268735514
2025-06-12 16:00:00,1946556.9769035028,1873212.0305133758,44951.07239910246,28393.873991024684,0.044951072399102454,-1229,0.21633933914942172
2025-06-15 16:00:00,1953678.7099224632,1872128.8292443359,46028.88460710246,35520.99607102478,0.04602888460710246,-1261,0.21741950088449183
2025-06-16 16:00:00,1950777.595894633,1872377.4984224634,45882.8770429245,32517.220429245226,0.0458828770429245,-1257,0.21853416345213456
2025-06-17 16:00:00,1940208.2026936857,1940208.2026936857,0.0,0.0,0.0,0,0.0
2025-06-18 16:00:00,1940208.2026936857,1940208.2026936857,0.0,0.0,0.0,0,0.0
2025-06-19 16:00:00,1940208.2026936857,1940208.2026936857,0.0,0.0,0.0,0,0.0
2025-06-22 16:00:00,1940208.2026936857,1940208.2026936857,0.0,0.0,0.0,0,0.0
2025-06-23 16:00:00,1939942.2519380958,1895662.1936400956,44324.387118,-44.32882000000427,0.044324387118,-1334,0.22850587410895024
2025-06-24 16:00:00,1927456.6414989808,1897127.7769149807,42264.333144,-11935.468559999888,0.042264333143999994,-1272,0.22546748427089305
2025-06-25 16:00:00,1942077.907000236,1895999.7671772358,43386.73089299999,2691.408930000145,0.04338673089299999,-1306,0.2220178183613658
2025-06-26 16:00:00,1955647.4541213983,1893846.9458558983,45528.841660499995,16271.666604999915,0.045528841660499995,-1373,0.22448665227201411
2025-06-29 16:00:00,1939507.9409578482,1894971.0667280562,44401.397657253816,135.47657253815373,0.044401397657253816,-1339,0.2288613986188608
2025-06-30 16:00:00,1941983.310996191,1894672.9281198988,44698.052988753814,2612.329887538357,0.04469805298875382,-1348,0.22882184284686233
2025-07-01 16:00:00,1920667.7061525732,1896257.351302047,41945.87316822966,-17535.518317703478,0.041945873168229654,-1265,0.22752204798370587
2025-07-02 16:00:00,1936787.2743977832,1894719.433009257,43476.14012622966,-1408.298737703487,0.043476140126229655,-1311,0.22520268785616682
2025-07-03 16:00:00,1925050.1342702983,1895132.2333813857,42879.21371717387,-12961.312828261098,0.042879213717173875,-1293,0.22947633525786024
2025-07-06 16:00:00,1931055.7100431982,1893980.8195342857,44024.899137173874,-6950.008628261271,0.044024899137173876,-1327,0.23158265070974884
2025-07-07 16:00:00,1943059.550942328,1893058.0605194157,44943.06731117387,5058.423111738682,0.044943067311173875,-1355,0.22869718521210133
2025-07-08 16:00:00,1949694.2055961408,1892246.4785607283,45750.61154867387,11697.11548673879,0.045750611548673874,-1380,0.22865585727259669
2025-07-09 16:00:00,1938853.859003976,1893488.9471137156,44523.96471729638,840.9471729640322,0.04452396471729638,-1343,0.22920690898709375
2025-07-10 16:00:00,1936569.761287126,1893321.8323268655,44690.24808729638,-1442.3191270360676,0.04469024808729638,-1348,0.23151492342935842
2025-07-13 16:00:00,1941419.4031503256,1892792.8532300654,45216.59544729638,3409.9544729638283,0.04521659544729638,-1364,0.2311484057858942
2025-07-14 16:00:00,1941351.2031503257,1892792.8532300654,45216.59544729638,3341.7544729638903,0.04521659544729638,-1364,0.23119165624008214
2025-07-15 16:00:00,1942235.635890946,1892429.8433346855,45577.79932329638,4227.993232964061,0.04557779932329638,-1375,0.23248981310800837
2025-07-16 16:00:00,1946976.8514921633,1892005.338614403,46000.192079796376,8971.320797963854,0.04600019207979637,-1388,0.23165688880909402
2025-07-17 16:00:00,1961890.1228162735,1890710.806980513,47288.28325779638,23891.032577963913,0.047288283257796375,-1429,0.2288567513431776
2025-07-20 16:00:00,1989028.3712389932,1888574.953387233,49413.51071379638,51039.907137963906,0.04941351071379638,-1501,0.22276967307610093
2025-07-21 16:00:00,1930052.7111019082,1896981.887928788,39339.87028846546,-6269.047115345193,0.039339870288465466,-1195,0.20707608020291904
2025-07-22 16:00:00,2053233.7541668161,1893052.9167901955,43249.294306965465,116931.54306965499,0.04324929430696547,-1364,0.15368995340136118
2025-07-23 16:00:00,2127404.6735937437,1887914.006457623,48362.637921465466,191128.02921465487,0.048362637921465466,-1653,0.13749069635439587
2025-07-24 16:00:00,2211093.131093369,1881885.3631322482,54361.287996465464,274846.479964655,0.05436128799646547,-2128,0.12155363164965238
2025-07-27 16:00:00,2101303.8065969585,1969680.7081390687,32596.336223444505,99026.76223444544,0.0325963362234445,-1276,0.10799799595258029
2025-07-28 16:00:00,2103210.294713001,1968422.4885486113,33848.296014944506,100939.51014944544,0.033848296014944504,-1347,0.11294327086413128
2025-07-29 16:00:00,2240558.062086539,2220424.748391539,20153.465144999973,-20.151449999994014,0.020153465144999973,2714,0.08993942331150209
2025-07-30 16:00:00,2379558.854329489,2291791.051349489,11108.910779999973,76658.8922,0.011108910779999972,1496,0.07890033888357156
2025-07-31 16:00:00,2438241.9631873267,2326321.3262848267,8487.623677499972,103433.013225,0.008487623677499972,1143,0.07723156800805682
2025-08-03 16:00:00,2400442.579371337,2322429.597250837,12359.990875499974,65652.99124500006,0.012359990875499974,1437,0.07884083611346554
2025-08-04 16:00:00,2351844.7217400563,2317863.867923557,16903.00513149997,17077.848684999797,0.01690300513149997,1901,0.07913273282017715
2025-08-05 16:00:00,2274431.735976537,2310780.884496037,23950.749835499977,-60299.89835499984,0.02395074983549998,3133,0.07879225266044601
2025-08-06 16:00:00,2551346.3533806363,2485795.0318476437,6520.903163000778,59030.41836999191,0.006520903163000778,853,0.04869564253217821
2025-08-07 16:00:00,2545579.5185636315,2484273.2996396385,8035.064564000776,53271.1543599919,0.008035064564000776,962,0.05249170140848607
2025-08-10 16:00:00,2533836.2001671465,2483114.4489161535,9188.149861000777,41533.60138999207,0.009188149861000777,1053,0.05265340355907742
2025-08-11 16:00:00,2511078.0933983414,2480885.5279963487,11405.981622000774,18786.58377999193,0.011405981622000775,1264,0.05290412924602181
2025-08-12 16:00:00,2528005.313663392,2486318.980657515,10088.518554902581,31597.814450973976,0.010088518554902582,1118,0.052406139846286864
2025-08-13 16:00:00,2539513.9908636715,2490452.285381508,9303.45494642626,39758.250535737134,0.00930345494642626,1031,0.052290635325398634
2025-08-14 16:00:00,2541265.8296354464,2490993.575909155,9204.194030412013,41068.05969587966,0.009204194030412012,1020,0.05237940810745293
2025-08-17 16:00:00,2569553.645117609,2504920.0021015713,7570.900775995759,57062.742240042186,0.007570900775995759,839,0.0516711337209397
2025-08-18 16:00:00,2567370.4705597414,2504622.758705204,7866.665349495759,54881.04650504208,0.007866665349495759,858,0.052017307798544424
2025-08-19 16:00:00,2576889.6686432674,2508492.853228483,7444.909398357291,60951.90601642688,0.007444909398357291,812,0.05254435284817166
2025-08-20 16:00:00,2581881.290284812,2510388.708027307,7252.368638054947,64240.213619450216,0.007252368638054947,791,0.0529706383150223
2025-08-21 16:00:00,2577922.764090987,2509798.060718482,7840.077403054946,60284.62596945022,0.007840077403054946,826,0.05379734487464459
2025-08-24 16:00:00,2567962.6372921346,2508654.5528541296,8977.896173554946,50330.18826445026,0.008977896173554946,899,0.05456043166879648
2025-08-25 16:00:00,2582703.179449267,2582703.179449267,0.0,0.0,0.0,0,0.0
2025-08-26 16:00:00,2582703.179449267,2582703.179449267,0.0,0.0,0.0,0,0.0
2025-08-27 16:00:00,2582703.179449267,2582703.179449267,0.0,0.0,0.0,0,0.0
2025-08-28 16:00:00,2582703.179449267,2582703.179449267,0.0,0.0,0.0,0,0.0
2025-08-31 16:00:00,2582703.179449267,2582703.179449267,0.0,0.0,0.0,0,0.0
2025-09-01 16:00:00,2582703.179449267,2582703.179449267,0.0,0.0,0.0,0,0.0
2025-09-02 16:00:00,2582703.179449267,2582703.179449267,0.0,0.0,0.0,0,0.0
2025-09-03 16:00:00,2582703.179449267,2582703.179449267,0.0,0.0,0.0,0,0.0
2025-09-04 16:00:00,2582465.0125836823,2542809.564636682,39695.13911700001,-39.69117000002848,0.03969513911700001,2826,0.1536948992787714
2025-09-07 16:00:00,2562672.922922947,2541119.5182989473,41376.77726400001,-19823.37264000004,0.04137677726400001,2952,0.15372402637737825
2025-09-08 16:00:00,2572998.7596593844,2540087.1544478848,42404.004976500015,-9492.39976500008,0.042404004976500015,3027,0.16111459379594814
2025-09-09 16:00:00,2615202.142818449,2546443.316609049,38803.79708784441,29955.02912155542,0.03880379708784441,2770,0.15983200424787097
2025-09-10 16:00:00,2601757.301616754,2544711.136458354,40527.35942684441,16518.805731555643,0.040527359426844406,2888,0.16211827280657365
2025-09-11 16:00:00,2577485.5468906136,2542608.184784214,42619.848654844405,-7742.486548444581,0.0426198486548444,3040,0.16235047389686044
2025-09-14 16:00:00,2599060.6874523894,2541124.204150989,44096.44629984441,13840.037001555884,0.044096446299844404,3142,0.1749880263264654
2025-09-15 16:00:00,2528650.4475892717,2536192.944899372,49003.1719233444,-56545.669233444416,0.0490031719233444,3543,0.17142980375688951
2025-09-16 16:00:00,2561402.669700072,2538023.9173486913,45407.11640540211,-22028.364054021455,0.045407116405402105,3283,0.1686742990904237
2025-09-17 16:00:00,2603559.667692945,2544804.5292470832,40690.75128379317,18064.38716206829,0.040690751283793174,2942,0.16322725585028533
2025-09-18 16:00:00,2581105.931950934,2581105.931950934,0.0,0.0,0.0,0,0.0
2025-09-21 16:00:00,2581105.931950934,2581105.931950934,0.0,0.0,0.0,0,0.0
2025-09-22 16:00:00,2581105.931950934,2581105.931950934,0.0,0.0,0.0,0,0.0
2025-09-23 16:00:00,2580839.297042362,2536445.329182862,44438.410714499965,-44.442854999980426,0.044438410714499964,-3217,0.17220310869774574
2025-09-24 16:00:00,2526115.6646765717,2535220.223719072,39299.74463249997,-48404.30367499998,0.03929974463249997,-2845,0.1747353678900186
2025-09-25 16:00:00,2577586.8955258294,2531322.7059348295,43177.871780999965,3086.317809999729,0.043177871780999966,-3128,0.16631540172093648
2025-09-28 16:00:00,2547068.899699649,2532446.867729224,40044.43927003865,-25422.407299613424,0.04004443927003865,-2901,0.16719877505089015
2025-09-29 16:00:00,2511074.0506290486,2530694.899014725,36800.57741948399,-56421.42580516032,0.03680057741948399,-2666,0.16902217594645486
2025-10-08 16:00:00,2560104.798200249,2526733.183225925,40742.58317948399,-7370.968205160014,0.04074258317948399,-2946,0.16202336728230873
2025-10-09 16:00:00,2511755.5912199086,2524826.723946035,35639.387933988546,-48710.520660114744,0.03563938793398855,-2577,0.16128336746460636
2025-10-12 16:00:00,2523339.9067753637,2522785.86350249,37670.09484298855,-37116.051570114716,0.03767009484298855,-2710,0.16399574186928575
2025-10-13 16:00:00,2517240.082331676,2522732.4001591057,37322.58474296098,-42814.90257039041,0.037322584742960976,-2685,0.16527654748554169
2025-10-14 16:00:00,2542063.307837141,2520550.833687571,39493.29764996098,-17980.82350039043,0.03949329764996098,-2834,0.1624325400264397
2025-10-15 16:00:00,2582707.015183364,2516498.6317232936,43525.339405460974,22683.044054609956,0.043525339405460974,-3141,0.15974338071432717
2025-10-16 16:00:00,2545146.0970595344,2519229.5489560193,39340.47710031955,-13423.928996804436,0.03934047710031955,-2839,0.1598449301083417
2025-10-16 16:00:00,2544901.9794980995,2544901.9794980995,0.0,0.0,0.0,0,0.0
