timestamp,action,position,price,quantity,pnl,commission
2023-05-28 16:00:00,open,619,404.0404,619,0.0,125.05050379999999
2023-05-29 16:00:00,adjust,579,423.9576,40,796.6880000000015,8.479152000000001
2023-05-30 16:00:00,adjust,544,449.955,35,1607.0110000000002,7.8742125
2023-05-31 16:00:00,adjust,458,521.9478,86,10140.036400000005,22.4437554
2023-06-01 16:00:00,adjust,513,504.05039999999997,55,0.0,13.861386
2023-06-04 16:00:00,adjust,517,506.0506,4,0.0,1.0121012
2023-06-05 16:00:00,adjust,490,549.945,27,3630.8517597678933,7.4242575
2023-06-06 16:00:00,adjust,506,536.0536,16,0.0,4.2884288
2023-06-07 16:00:00,adjust,493,551.9448,13,1724.616914867624,3.5876412
2023-06-08 16:00:00,adjust,-514,563.9436000000001,1007,71318.18832536455,283.94560260000003
2023-06-11 16:00:00,adjust,-526,609.939,12,0.0,3.659634
2023-06-12 16:00:00,adjust,-521,616.0616,5,-255.34337642585513,1.540154
2023-06-13 16:00:00,adjust,-576,535.9464,55,0.0,14.738526000000002
2023-06-14 16:00:00,adjust,-535,574.0574,41,-485.35861383079623,11.7681767
2023-06-15 16:00:00,adjust,-589,519.948,54,0.0,14.038596
2023-06-18 16:00:00,adjust,-581,526.0526,8,258.3304800034866,2.1042104
2023-06-19 16:00:00,adjust,-574,534.0534,7,170.0335700030506,1.8691869
2023-06-20 16:00:00,adjust,-514,594.0594,60,-2142.92939997385,17.821782
2023-06-25 16:00:00,adjust,-567,535.9464,53,0.0,14.202579600000002
2023-06-26 16:00:00,adjust,-607,495.9504,40,0.0,9.919008
2023-06-27 16:00:00,adjust,-696,405.9594,89,0.0,18.0651933
2023-06-28 16:00:00,adjust,-754,369.963,58,0.0,10.728927000000002
2023-07-02 16:00:00,adjust,-541,478.0478,213,9144.916106721119,50.9120907
2023-07-03 16:00:00,adjust,-529,498.0498,12,275.1825412237249,2.9882988
2023-07-04 16:00:00,adjust,-487,538.0538,42,-717.0291057169636,11.299129800000001
2023-07-05 16:00:00,adjust,-491,537.9462,4,0.0,1.0758924
2023-07-06 16:00:00,adjust,-475,556.0556,16,-558.9714835683535,4.4484448
2023-07-09 16:00:00,adjust,-512,511.9488,37,0.0,9.471052799999999
2023-07-10 16:00:00,adjust,-506,518.0518,6,14.431969705834263,1.5541554
2023-07-11 16:00:00,adjust,-474,554.0554,32,-1075.1446949022175,8.8648864
2023-07-12 16:00:00,close,0,532.0532,474,-5496.537993239088,126.09660839999998
2023-08-02 16:00:00,open,-464,589.941,464,0.0,136.86631200000002
2023-08-03 16:00:00,adjust,-395,664.0664,69,-5114.652600000001,22.910290800000002
2023-08-06 16:00:00,adjust,-425,617.9382,30,0.0,9.269073
2023-08-07 16:00:00,adjust,-404,648.0648,21,-1179.0980682352929,6.8046804000000005
2023-08-08 16:00:00,adjust,-360,722.0722,44,-5726.816790588231,15.8855884
2023-08-09 16:00:00,adjust,-366,709.929,6,0.0,2.129787
2023-08-10 16:00:00,adjust,-345,754.0754,21,-3364.693680231433,7.9177916999999995
2023-08-13 16:00:00,adjust,-339,832.0832,6,-1429.3878514946957,2.4962496
2023-08-15 16:00:00,adjust,-472,475.9524,133,0.0,31.650834600000003
2023-08-16 16:00:00,adjust,-463,482.0482,9,707.2381142265838,2.1692169
2023-08-17 16:00:00,adjust,-477,469.95300000000003,14,0.0,3.2896710000000002
2023-08-20 16:00:00,adjust,-451,498.0498,26,1557.8947018540907,6.4746474
2023-08-21 16:00:00,adjust,-448,518.0518,3,119.75108098316446,0.7770777
2023-08-22 16:00:00,adjust,-414,560.056,34,-70.96388219080563,9.520952000000001
2023-08-23 16:00:00,adjust,-355,660.066,59,-6023.733207331104,19.471947
2023-08-24 16:00:00,adjust,-318,734.0734,37,-6515.86920120764,13.5803579
2023-08-27 16:00:00,adjust,-333,693.9306,15,0.0,5.204479500000001
2023-08-28 16:00:00,adjust,-343,673.9326,10,0.0,3.369663
2023-08-29 16:00:00,adjust,-351,655.9344,8,0.0,2.6237376
2023-08-30 16:00:00,adjust,-396,573.9426,45,0.0,12.913708499999998
2023-08-31 16:00:00,adjust,-356,638.0638,40,-2728.8889510893523,12.761276
2023-09-03 16:00:00,adjust,-350,652.0652,6,-493.3417426634028,1.9561956
2023-09-04 16:00:00,adjust,-340,672.0672,10,-1022.2562377723375,3.3603359999999998
2023-09-05 16:00:00,adjust,-319,720.072,21,-3154.8388993219096,7.5607560000000005
2023-09-06 16:00:00,adjust,-311,738.0738,8,-1345.8577902178704,2.9522952
2023-09-07 16:00:00,adjust,-331,691.9308,20,0.0,6.919308
2023-09-10 16:00:00,adjust,-277,812.0812,54,-12682.582095815294,21.9261924
2023-09-11 16:00:00,adjust,-266,838.0838,11,-2869.5175454438568,4.6094609
2023-09-12 16:00:00,adjust,-359,791.9208,93,0.0,36.824317199999996
2023-09-13 16:00:00,adjust,-346,818.0818,13,-2408.17187519495,5.317531700000001
2023-09-14 16:00:00,adjust,-341,832.0832,5,-996.2269519980578,2.0802080000000003
2023-09-17 16:00:00,adjust,-340,834.0834,1,-201.2455903996115,0.4170417
2023-09-18 16:00:00,adjust,-357,783.9216,17,0.0,6.6633336
2023-09-19 16:00:00,adjust,-369,759.924,12,0.0,4.559544
2023-09-20 16:00:00,adjust,-420,687.9312,51,0.0,17.542245599999998
2023-09-21 16:00:00,adjust,-424,695.9304,4,0.0,1.3918608
2023-09-24 16:00:00,adjust,-393,748.0748,31,-3049.178419839399,11.5951594
2023-09-25 16:00:00,adjust,-409,715.9284,16,0.0,5.7274272
2023-09-26 16:00:00,adjust,-400,732.0732,9,-717.918370768354,3.2943294
2023-09-27 16:00:00,adjust,-442,681.9318,42,0.0,14.3205678
2023-10-08 16:00:00,adjust,-395,760.076,47,-4932.943435808208,17.861786000000002
2023-10-09 16:00:00,adjust,-428,679.932,33,0.0,11.218878
2023-10-10 16:00:00,adjust,-412,704.0704,16,-752.6007966150246,5.6325632
2023-10-11 16:00:00,adjust,-398,734.0734,14,-1078.5676970381471,5.1385138
2023-10-12 16:00:00,adjust,-390,750.075,8,-744.3371983075131,3.0003
2023-10-15 16:00:00,adjust,-408,719.928,18,0.0,6.479352
2023-10-16 16:00:00,adjust,-420,749.925,12,0.0,4.499549999999999
2023-10-17 16:00:00,adjust,-445,703.9296,25,0.0,8.79912
2023-10-18 16:00:00,adjust,-411,754.0754,34,-3038.201600437534,12.819281799999999
2023-10-19 16:00:00,adjust,-417,743.9256,6,0.0,2.2317768
2023-10-22 16:00:00,adjust,-430,721.9278,13,0.0,4.692530700000001
2023-10-23 16:00:00,adjust,-427,726.0726,3,-175.56355407246804,1.0891089
2023-10-24 16:00:00,adjust,-422,740.074,5,-362.61292345411334,1.850185
2023-10-25 16:00:00,adjust,-427,733.9266,5,0.0,1.8348164999999999
2023-10-26 16:00:00,adjust,-450,713.9286,23,0.0,8.210178899999999
2023-10-29 16:00:00,adjust,-411,768.0768,39,-3799.2822347590263,14.977497600000001
2023-10-30 16:00:00,adjust,-380,828.0828,31,-4880.12828916743,12.8352834
2023-10-31 16:00:00,adjust,-377,840.084,3,-508.27407959684786,1.260126
2023-11-01 16:00:00,adjust,-391,803.9196000000001,14,0.0,5.6274372
2023-11-02 16:00:00,adjust,-385,828.0828,6,-915.9121494015942,2.4842484
2023-11-06 16:00:00,adjust,-416,829.917,31,0.0,12.8637135
2023-11-07 16:00:00,adjust,-403,856.0856,13,-2198.8541933313218,5.564556400000001
2023-11-08 16:00:00,adjust,-375,912.0912,28,-6304.150447175154,12.7692768
2023-11-09 16:00:00,adjust,-394,833.9166,19,0.0,7.9222077
2023-11-12 16:00:00,adjust,-381,866.0866,13,-2236.7289022823497,5.6295629
2023-11-13 16:00:00,adjust,-377,876.0876,4,-728.2282776253383,1.7521752
2023-11-14 16:00:00,adjust,-397,839.916,20,0.0,8.39916
2023-11-15 16:00:00,adjust,-396,854.0853999999999,1,-152.7054754815822,0.4270427
2023-11-16 16:00:00,adjust,-409,819.918,13,0.0,5.329467
2023-11-19 16:00:00,adjust,-382,872.0871999999999,27,-4507.368162956175,11.7731772
2023-11-20 16:00:00,adjust,-385,861.9138,3,0.0,1.2928707
2023-11-21 16:00:00,adjust,-404,801.9198,19,0.0,7.618238100000001
2023-11-22 16:00:00,adjust,-412,785.9214000000001,8,0.0,3.1436856000000004
2023-11-23 16:00:00,adjust,-385,834.0834,27,-3287.6021879836403,11.260125899999998
2023-11-26 16:00:00,adjust,-405,797.9202,20,0.0,7.979202000000001
2023-11-27 16:00:00,adjust,-380,854.0853999999999,25,-3438.447280232512,10.6760675
2023-11-28 16:00:00,adjust,-343,924.0924,37,-7679.16097474412,17.0957094
2023-11-29 16:00:00,adjust,-344,923.9076,1,0.0,0.4619538
2023-11-30 16:00:00,adjust,-347,917.9082,3,0.0,1.3768623
2023-12-03 16:00:00,adjust,-351,907.9092,4,0.0,1.8158184000000002
2023-12-04 16:00:00,adjust,-325,972.0972,26,-6527.4853840585265,12.6372636
2023-12-05 16:00:00,adjust,-299,1040.104,26,-8295.662184058527,13.521352
2023-12-06 16:00:00,adjust,-305,1019.898,6,0.0,3.059694
2023-12-07 16:00:00,adjust,-320,1001.8998,15,0.0,7.514248500000001
2023-12-10 16:00:00,adjust,-330,965.9034,10,0.0,4.829517
2023-12-11 16:00:00,adjust,-331,961.9038,1,0.0,0.48095190000000004
2023-12-12 16:00:00,adjust,-415,533.9466,84,0.0,22.4257572
2023-12-13 16:00:00,adjust,-432,509.949,17,0.0,4.3345665
2023-12-14 16:00:00,adjust,-439,501.9498,7,0.0,1.7568243000000001
2023-12-17 16:00:00,adjust,-479,461.9538,40,0.0,9.239076
2023-12-18 16:00:00,adjust,-480,459.954,1,0.0,0.22997700000000001
2023-12-19 16:00:00,adjust,-494,447.9552,14,0.0,3.1356864
2023-12-20 16:00:00,adjust,-461,476.0476,33,6308.48201366354,7.8547854
2023-12-21 16:00:00,adjust,-495,449.955,34,0.0,7.649235
2023-12-24 16:00:00,adjust,-492,452.0452,3,600.7371010282628,0.6780678
2023-12-25 16:00:00,adjust,-523,429.957,31,0.0,6.6643335
2023-12-26 16:00:00,adjust,-529,429.957,6,0.0,1.2898710000000002
2023-12-27 16:00:00,adjust,-540,421.9578,11,0.0,2.3207679000000003
2023-12-28 16:00:00,adjust,520,436.04359999999997,1060,106013.52376863518,231.103108
2024-01-01 16:00:00,adjust,627,406.0406,107,0.0,21.7231721
2024-01-02 16:00:00,adjust,609,419.958,18,-197.3784746411484,3.7796220000000003
2024-01-03 16:00:00,adjust,636,408.0408,27,0.0,5.5085508
2024-01-04 16:00:00,adjust,699,370.037,63,0.0,11.6561655
2024-01-07 16:00:00,adjust,708,364.0364,9,0.0,1.6381638
2024-01-08 16:00:00,adjust,702,365.9634,6,-346.9158197064314,1.0978902
2024-01-09 16:00:00,adjust,794,322.0322,92,0.0,14.8134812
2024-01-10 16:00:00,adjust,1233,280.028,439,0.0,61.46614600000001
2024-01-11 16:00:00,adjust,1545,170.017,312,0.0,26.522651999999997
2024-01-14 16:00:00,adjust,1289,193.9806,256,-33702.52246669711,24.8295168
2024-01-15 16:00:00,adjust,1705,132.0132,416,0.0,27.458745600000004
2024-01-16 16:00:00,adjust,1986,112.0112,281,0.0,15.7375736
2024-01-17 16:00:00,adjust,2868,72.0072,882,0.0,31.7551752
2024-01-18 16:00:00,adjust,2071,91.99080000000001,797,-84983.27477261068,36.6583338
2024-01-21 16:00:00,adjust,1705,101.9898,366,-35366.562445138654,18.6641334
2024-01-22 16:00:00,adjust,742,175.9824,963,-21799.770010569722,84.73552560000002
2024-01-23 16:00:00,adjust,739,175.9824,3,-67.91205610769384,0.26397360000000003
2024-01-24 16:00:00,adjust,1056,120.012,317,0.0,19.021902
2024-01-25 16:00:00,adjust,2615,44.0044,1559,0.0,34.3014298
2024-01-28 16:00:00,adjust,7432,-12.0012,4817,0.0,28.9048902
2024-01-29 16:00:00,adjust,8757,8.0008,1325,0.0,5.30053
2024-01-30 16:00:00,adjust,283,73.9926,8474,427459.69834099856,313.5066462
2024-01-31 16:00:00,adjust,331,96.0096,48,0.0,2.3042304000000002
2024-02-01 16:00:00,adjust,345,92.00919999999999,14,0.0,0.6440644
2024-02-04 16:00:00,adjust,453,70.007,108,0.0,3.7803780000000002
2024-02-05 16:00:00,adjust,1754,18.0018,1301,0.0,11.7101709
2024-02-06 16:00:00,adjust,4787,2.0002,3033,0.0,3.0333033
2024-02-07 16:00:00,adjust,416,-33.9966,4371,-193896.68716556285,74.2995693
2024-02-18 16:00:00,close,0,-15.9984,416,-10966.425729964343,3.3276672
2024-04-18 16:00:00,open,-1416,57.9942,1416,0.0,41.0598936
2024-04-21 16:00:00,adjust,-507,142.0142,909,-76374.17999999998,64.5454539
2024-04-22 16:00:00,adjust,-382,176.0176,125,-14752.924999999997,11.0011
2024-04-23 16:00:00,adjust,-422,157.98420000000002,40,0.0,3.1596840000000004
2024-04-24 16:00:00,adjust,-269,244.02439999999999,153,-27012.528656872033,18.667866599999996
2024-04-25 16:00:00,adjust,-294,217.97820000000002,25,0.0,2.7247275
2024-04-28 16:00:00,adjust,-296,215.9784,2,0.0,0.2159784
2024-04-29 16:00:00,adjust,-238,268.0268,58,-10836.706899666964,7.772777199999999
2024-05-05 16:00:00,adjust,-219,288.0288,19,-3929.9937085115916,2.7362736
2024-05-06 16:00:00,adjust,-252,249.975,33,0.0,4.1245875
2024-05-07 16:00:00,adjust,-220,288.0288,32,-5911.634785390401,4.6084608
2024-05-08 16:00:00,adjust,-216,292.0292,4,-754.9559481738002,0.5840584
2024-05-09 16:00:00,adjust,-222,283.9716,6,0.0,0.8519148000000001
2024-05-12 16:00:00,adjust,-224,281.97180000000003,2,0.0,0.28197180000000005
2024-05-13 16:00:00,adjust,-244,265.9734,20,0.0,2.6597340000000003
2024-05-14 16:00:00,adjust,-234,278.0278,10,-1554.9531148108692,1.3901390000000002
2024-05-15 16:00:00,adjust,-206,332.0332,28,-5866.019921470434,4.648464800000001
2024-05-16 16:00:00,adjust,-214,327.9672,8,0.0,1.3118688
2024-05-19 16:00:00,adjust,-302,321.9678,88,0.0,14.166583200000002
2024-05-20 16:00:00,adjust,-310,347.9652,8,0.0,1.3918608
2024-05-21 16:00:00,adjust,-284,380.038,26,-4934.083889976458,4.940494000000001
2024-05-22 16:00:00,adjust,-457,409.959,173,0.0,35.461453500000005
2024-05-23 16:00:00,adjust,-484,389.961,27,0.0,5.2644735
2024-05-26 16:00:00,adjust,-552,339.966,68,0.0,11.558844
2024-05-27 16:00:00,adjust,-713,331.9668,161,0.0,26.7233274
2024-05-28 16:00:00,adjust,-795,295.9704,82,0.0,12.1347864
2024-05-29 16:00:00,adjust,-814,287.9712,19,0.0,2.7357264
2024-05-30 16:00:00,adjust,-1027,231.9768,213,0.0,24.7055292
2024-06-02 16:00:00,adjust,-947,250.025,80,2681.8321265723466,10.001
2024-06-03 16:00:00,adjust,-1087,219.978,140,0.0,15.398460000000002
2024-06-04 16:00:00,adjust,-1102,223.9776,15,0.0,1.679832
2024-06-05 16:00:00,adjust,-1209,201.9798,107,0.0,10.805919300000001
2024-06-06 16:00:00,adjust,-1169,208.0208,40,2408.3089561058773,4.160416000000001
2024-06-10 16:00:00,adjust,-851,262.0262,318,1972.339001041722,41.662165800000004
2024-06-11 16:00:00,adjust,-1020,213.9786,169,0.0,18.0811917
2024-06-12 16:00:00,adjust,-1106,195.9804,86,0.0,8.4271572
2024-06-13 16:00:00,adjust,-1134,199.98,28,0.0,2.7997199999999998
2024-06-16 16:00:00,adjust,-821,254.0254,313,-327.405717036376,39.754975099999996
2024-06-17 16:00:00,adjust,-908,229.977,87,0.0,10.0039995
2024-06-18 16:00:00,adjust,-996,209.979,88,0.0,9.239076
2024-06-19 16:00:00,adjust,-1106,189.981,110,0.0,10.448955
2024-06-20 16:00:00,close,0,182.0182,1106,65767.99895818895,100.6560646
2024-07-18 16:00:00,open,-71,-161.9838,71,0.0,5.7504249000000005
2024-07-21 16:00:00,adjust,-63,-182.0182,8,160.27520000000004,0.7280728000000001
2024-07-22 16:00:00,adjust,-125,-91.99080000000001,62,0.0,2.8517148000000003
2024-07-23 16:00:00,adjust,-319,-35.9964,194,0.0,3.4916508000000004
2024-07-24 16:00:00,adjust,-261,-44.0044,58,-1609.8739999999996,1.2761276
2024-07-25 16:00:00,adjust,-133,-86.0086,128,1823.7122206896565,5.5045504
2024-07-28 16:00:00,adjust,-59,-194.0194,74,9047.132827586207,7.178717799999999
2024-07-29 16:00:00,adjust,-49,-236.0236,10,1642.6275172413793,1.180118
2024-07-30 16:00:00,adjust,-80,-145.9854,31,0.0,2.2627737000000003
2024-07-31 16:00:00,adjust,-57,-204.0204,23,2380.443372413793,2.3462346
2024-08-01 16:00:00,adjust,-39,-300.03,18,3591.1284827586205,2.7002699999999997
2024-08-04 16:00:00,adjust,-43,-277.9722,4,0.0,0.5559444
2024-08-05 16:00:00,adjust,-63,-191.9808,20,0.0,1.919808
2024-08-06 16:00:00,adjust,-522,-157.98420000000002,459,0.0,36.257373900000005
2024-08-07 16:00:00,adjust,-591,-137.9862,69,0.0,4.7605239
2024-08-08 16:00:00,adjust,-398,-224.0224,193,13549.039680553124,21.6181616
2024-08-11 16:00:00,adjust,-431,-209.979,33,0.0,3.4646535000000003
2024-08-12 16:00:00,adjust,-404,-230.023,27,1941.3812818246977,3.1053105000000003
2024-08-13 16:00:00,adjust,-792,-113.9886,388,0.0,22.1137884
2024-08-14 16:00:00,adjust,-682,-132.0132,110,-493.555303203818,7.260726000000001
2024-08-15 16:00:00,adjust,-584,-156.0156,98,1912.5222935093252,7.644764400000001
2024-08-18 16:00:00,adjust,-433,-210.021,151,11101.660974692937,15.8565855
2024-08-19 16:00:00,adjust,-415,-230.023,18,1683.412804930284,2.070207
2024-08-20 16:00:00,adjust,-477,-211.9788,62,0.0,6.571342800000001
2024-08-21 16:00:00,adjust,-284,-348.0348,193,38932.747556125214,33.5853582
2024-08-22 16:00:00,adjust,-285,-385.9614,1,0.0,0.1929807
2024-08-25 16:00:00,adjust,-262,-512.0512,23,8392.69082347441,5.8885888
2024-08-26 16:00:00,adjust,-312,-429.957,50,0.0,10.748925
2024-08-27 16:00:00,adjust,-381,-361.9638,69,0.0,12.4877511
2024-08-28 16:00:00,adjust,-424,-329.967,43,0.0,7.0942905000000005
2024-08-29 16:00:00,adjust,-529,-271.9728,105,0.0,14.278572
2024-09-01 16:00:00,adjust,-566,-253.9746,37,0.0,4.6985301
2024-09-02 16:00:00,adjust,-728,-199.98,162,0.0,16.19838
2024-09-03 16:00:00,adjust,-763,-191.9808,35,0.0,3.359664
2024-09-04 16:00:00,adjust,-738,-200.02,25,-775.5794342266015,2.50025
2024-09-05 16:00:00,adjust,-889,-181.9818,151,0.0,13.7396259
2024-09-08 16:00:00,adjust,-842,-192.0192,47,-1442.4637246606924,4.5124512
2024-09-09 16:00:00,adjust,-947,-169.983,105,0.0,8.9241075
2024-09-10 16:00:00,adjust,-1032,-171.9828,85,0.0,7.3092690000000005
2024-09-11 16:00:00,adjust,-1060,-167.9832,28,0.0,2.3517647999999998
2024-09-12 16:00:00,adjust,-1369,-127.9872,309,0.0,19.774022400000003
2024-09-17 16:00:00,adjust,-1206,-150.015,163,-7009.302779192482,12.226222499999999
2024-09-18 16:00:00,adjust,-454,-300.03,752,80473.88312912424,112.81127999999998
2024-09-19 16:00:00,adjust,-533,-277.9722,79,0.0,10.9799019
2024-09-22 16:00:00,adjust,-473,-338.0338,60,7945.503745931661,10.141014
2024-09-23 16:00:00,adjust,-568,-281.97180000000003,95,0.0,13.393660500000003
2024-09-24 16:00:00,adjust,-430,-372.0372,138,21204.59304718143,25.6705668
2024-09-26 16:00:00,adjust,-346,-474.0474,84,21476.000393936523,19.9099908
2024-09-29 16:00:00,adjust,-397,-419.958,51,0.0,10.708929
2024-10-07 16:00:00,adjust,-291,-566.0566,106,34108.738764400136,30.000999800000002
2024-10-08 16:00:00,adjust,-325,-521.9478,34,0.0,8.8731126
2024-10-09 16:00:00,adjust,-361,-475.9524,36,0.0,8.5671432
2024-10-10 16:00:00,adjust,-295,-580.058,66,18910.75459901398,19.141914
2024-10-13 16:00:00,adjust,-276,-630.063,19,6394.100111837358,5.9855985
2024-10-14 16:00:00,adjust,-302,-579.942,26,0.0,7.539246
2024-10-15 16:00:00,adjust,-278,-630.063,24,7484.969277938421,7.560756
2024-10-16 16:00:00,adjust,-271,-658.0658,7,2379.135639398706,2.3032302999999996
2024-10-17 16:00:00,adjust,-299,-591.9408,28,0.0,8.2871712
2024-10-20 16:00:00,adjust,-271,-654.0654,28,8686.734730127751,9.1569156
2024-10-21 16:00:00,adjust,-261,-706.0706,10,3622.4572607599116,3.5303530000000003
2024-10-22 16:00:00,adjust,-242,-764.0764,19,7984.778995443833,7.258725800000001
2024-10-23 16:00:00,adjust,-328,-815.9184,86,0.0,35.0844912
2024-10-24 16:00:00,adjust,-341,-783.9216,13,0.0,5.0954904
2024-10-27 16:00:00,adjust,-323,-842.0842,18,6523.55522342234,7.578757800000001
2024-10-28 16:00:00,adjust,-320,-892.0892,3,1237.2742039037232,1.3381338
2024-10-29 16:00:00,adjust,312,-970.097,632,156938.4110830638,306.550652
2024-10-30 16:00:00,adjust,330,-1018.1018,18,0.0,9.1629162
2024-10-31 16:00:00,adjust,322,-1079.892,8,-857.4124509090916,4.319568
2024-11-03 16:00:00,adjust,341,-1044.1044,19,0.0,9.9189918
2024-11-04 16:00:00,adjust,403,-998.0998,62,0.0,30.9410938
2024-11-05 16:00:00,adjust,399,-1027.8972,4,-191.64295334085364,2.0557944000000004
2024-11-06 16:00:00,adjust,385,-1097.8902,14,-1650.6523366929869,7.685231400000001
2024-11-07 16:00:00,adjust,356,-1247.8752,29,-7768.773411721184,18.0941904
2024-11-10 16:00:00,adjust,321,-1373.8626,35,-13785.664841732463,24.0425955
2024-11-11 16:00:00,adjust,300,-1509.849,21,-11127.113305039478,15.8534145
2024-11-13 16:00:00,adjust,280,-1593.8406,20,-12277.082766704265,15.938405999999999
2024-11-14 16:00:00,adjust,257,-1809.819,23,-19086.148381709903,20.8129185
2024-11-18 16:00:00,adjust,262,-1700.17,5,0.0,4.250425
2024-11-19 16:00:00,adjust,259,-1713.8286,3,-2160.2945330398834,2.5707429000000004
2024-11-20 16:00:00,adjust,282,-1444.1444,23,0.0,16.6076606
2024-11-21 16:00:00,adjust,264,-1551.8448,18,-9384.812745900637,13.966603200000002
2024-11-24 16:00:00,adjust,247,-1651.8348,17,-10563.26426001727,14.040595800000002
2024-11-25 16:00:00,adjust,238,-1699.83,9,-6024.2731729503175,7.649235
2024-11-26 16:00:00,adjust,230,-1763.8236,8,-5866.858287066949,7.0552944
2024-11-27 16:00:00,adjust,221,-1829.817,9,-7194.156172950318,8.2341765
2024-11-28 16:00:00,adjust,200,-1997.8002000000001,21,-20314.011603550745,20.976902100000004
2024-12-01 16:00:00,adjust,189,-2109.789,11,-11872.549544717058,11.603839500000003
2024-12-02 16:00:00,adjust,167,-2369.763,22,-29464.52708943411,26.067393
2024-12-03 16:00:00,adjust,160,-2427.7572,7,-9781.03620118358,8.4971502
2024-12-04 16:00:00,adjust,162,-2368.2368,2,0.0,2.3682368
2024-12-05 16:00:00,adjust,166,-2330.233,4,0.0,4.660466
2024-12-09 16:00:00,adjust,180,-2126.2126,14,0.0,14.8834882
2024-12-10 16:00:00,adjust,188,-2018.2018,8,0.0,8.0728072
2024-12-11 16:00:00,adjust,192,-1978.1978,4,0.0,3.9563956
2024-12-12 16:00:00,adjust,244,-1356.1356,52,0.0,35.2595256
2024-12-15 16:00:00,adjust,235,-1393.8606,9,-1358.3190002952906,6.2723727
2024-12-16 16:00:00,adjust,-250,-1307.8692,485,-15259.239341043725,317.15828100000004
2024-12-17 16:00:00,adjust,-226,-1414.1414,24,2550.532799999997,16.969696799999998
2024-12-18 16:00:00,adjust,-253,-1297.8702,27,0.0,17.5212477
2024-12-19 16:00:00,adjust,-277,-1179.882,24,0.0,14.158584000000001
2024-12-22 16:00:00,adjust,-265,-1234.1234,12,-740.1842945848412,7.4047404
2024-12-23 16:00:00,adjust,-276,-1187.8812,11,0.0,6.5333466
2024-12-24 16:00:00,adjust,-312,-1033.8966,36,0.0,18.6101388
2024-12-25 16:00:00,adjust,-305,-1058.1058,7,-1425.72048377534,3.7033703
2024-12-26 16:00:00,adjust,-307,-1069.893,2,0.0,1.069893
2024-12-29 16:00:00,adjust,-318,-1043.8956,11,0.0,5.7414258
2024-12-30 16:00:00,adjust,-360,-955.9044,42,0.0,20.073992399999998
2025-01-01 16:00:00,adjust,-440,-749.925,80,0.0,29.997
2025-01-02 16:00:00,adjust,-326,-918.0918,114,-24522.223292879422,52.33123260000001
2025-01-05 16:00:00,adjust,-320,-924.0924,6,-1254.6397312041804,2.7722772
2025-01-06 16:00:00,adjust,-247,-1126.1126,73,-517.3087963175333,41.1031099
2025-01-07 16:00:00,adjust,-263,-1065.8934,16,0.0,8.5271472
2025-01-08 16:00:00,adjust,-295,-943.9056,32,0.0,15.102489600000002
2025-01-09 16:00:00,adjust,-294,-944.0944,1,-164.9206237330127,0.4720472
2025-01-12 16:00:00,adjust,-297,-1013.8986,3,0.0,1.5208479
2025-01-13 16:00:00,adjust,-326,-919.908,29,0.0,13.338666000000002
2025-01-14 16:00:00,adjust,-389,-743.9256,63,0.0,23.4336564
2025-01-15 16:00:00,adjust,-396,-737.9262,7,0.0,2.5827417
2025-01-16 16:00:00,adjust,-378,-772.0772,18,-4639.075898977535,6.948694799999999
2025-01-19 16:00:00,adjust,-406,-719.928,28,0.0,10.078992000000001
2025-01-20 16:00:00,adjust,-441,-661.9338,35,0.0,11.5838415
2025-01-21 16:00:00,adjust,-459,-633.9366,18,0.0,5.7054294
2025-01-22 16:00:00,adjust,-479,-615.9384,20,0.0,6.159384
2025-01-23 16:00:00,adjust,-457,-642.0642,22,-6832.966564775826,7.062706200000001
2025-01-26 16:00:00,adjust,-413,-700.0699999999999,44,-11113.677929551655,15.401539999999999
2025-02-04 16:00:00,adjust,-401,-716.0716,12,-2838.9838716959052,4.2964296
2025-02-05 16:00:00,adjust,-430,-667.9332,29,0.0,9.685031400000002
2025-02-06 16:00:00,adjust,-439,-687.9312,9,0.0,3.0956904
2025-02-09 16:00:00,adjust,-358,-842.0842,81,-6993.043503674007,34.1044101
2025-02-10 16:00:00,adjust,-299,-978.0978,59,2931.104045472019,28.8538851
2025-02-11 16:00:00,adjust,-281,-1092.1092,18,2946.4403325168887,9.828982800000002
2025-02-12 16:00:00,adjust,-297,-1035.8964,16,0.0,8.287171200000001
2025-02-13 16:00:00,adjust,-280,-1114.1114,17,3058.3552707880967,9.469946900000002
2025-02-16 16:00:00,adjust,-257,-1210.121,23,6345.995578125075,13.916391500000001
2025-02-17 16:00:00,adjust,-273,-1145.8854000000001,16,0.0,9.1670832
2025-02-18 16:00:00,adjust,-246,-1274.1274,27,8842.857978883565,17.2007199
2025-02-19 16:00:00,adjust,-237,-1420.142,9,4261.750726294522,6.390639
2025-02-20 16:00:00,adjust,-236,-1436.1435999999999,1,489.5294584771689,0.7180717999999999
2025-02-23 16:00:00,adjust,-257,-1273.8726,21,0.0,13.3756623
2025-02-24 16:00:00,adjust,-263,-1257.8742,6,0.0,3.7736226
2025-02-25 16:00:00,adjust,-252,-1338.1338,11,3941.1654152347182,7.3597359
2025-02-26 16:00:00,adjust,-285,-1135.8864,33,0.0,18.742125600000005
2025-02-27 16:00:00,adjust,-280,-1158.1158,5,801.0096664101252,2.8952895
2025-03-02 16:00:00,adjust,-301,-1057.8942,21,0.0,11.107889100000001
2025-03-03 16:00:00,adjust,-342,-899.91,41,0.0,18.448155
2025-03-04 16:00:00,adjust,-308,-988.0988,34,-59.468314488659644,16.7976796
2025-03-05 16:00:00,adjust,-295,-1046.1046,13,731.3375150484525,6.799679899999999
2025-03-06 16:00:00,adjust,-273,-1126.1126,22,2997.82410238969,12.3872386
2025-03-09 16:00:00,close,0,-1072.1072,273,22456.79761601751,146.3426328
2025-04-10 16:00:00,open,-531,-515.9484,531,0.0,136.9843002
2025-04-13 16:00:00,adjust,-567,-471.9528,36,0.0,8.4951504
2025-04-14 16:00:00,adjust,-588,-457.9542,21,0.0,4.808519100000001
2025-04-15 16:00:00,adjust,-635,-425.9574,47,0.0,10.009998900000001
2025-04-16 16:00:00,adjust,-590,-456.0456,45,-2197.3451244094517,10.261026
2025-04-17 16:00:00,adjust,-667,-427.9572,77,0.0,16.4763522
2025-04-20 16:00:00,adjust,-806,-345.9654,139,0.0,24.0445953
2025-04-21 16:00:00,adjust,-863,-321.9678,57,0.0,9.176082300000001
2025-04-22 16:00:00,adjust,-703,-380.038,160,-12847.797112508115,30.40304
2025-04-23 16:00:00,adjust,-693,-384.0384,10,-762.983319531757,1.9201920000000001
2025-04-24 16:00:00,adjust,-588,-442.0442,105,-1920.7158550834527,23.207320499999998
2025-04-27 16:00:00,adjust,-727,-359.964,139,0.0,25.017498
2025-04-28 16:00:00,adjust,-772,-339.966,45,0.0,7.649235000000001
2025-04-29 16:00:00,adjust,-843,-315.96840000000003,71,0.0,11.216878200000002
2025-05-05 16:00:00,adjust,-1196,-213.9786,353,0.0,37.7672229
2025-05-06 16:00:00,adjust,-1862,-127.9872,666,0.0,42.6197376
2025-05-07 16:00:00,adjust,-1547,-148.0148,315,-41213.162738650484,23.312331000000004
2025-05-08 16:00:00,adjust,-2069,-105.9894,522,0.0,27.663233400000003
2025-05-11 16:00:00,adjust,-721,-210.021,1348,-33992.751753288125,141.55415399999998
2025-05-12 16:00:00,adjust,-965,-161.9838,244,0.0,19.7620236
2025-05-13 16:00:00,adjust,-523,-270.027,442,23563.53927143451,59.675967
2025-05-14 16:00:00,adjust,-576,-251.97480000000002,53,0.0,6.677332200000001
2025-05-15 16:00:00,close,0,-230.023,576,5796.207032036773,66.246624
2025-06-09 16:00:00,open,-551,-357.9642,551,0.0,98.6191371
2025-06-10 16:00:00,adjust,-704,-275.9724,153,0.0,21.1118886
2025-06-11 16:00:00,adjust,-724,-321.9678,20,0.0,3.219678
2025-06-12 16:00:00,adjust,-659,-354.0354,65,935.5171864640861,11.5061505
2025-06-15 16:00:00,adjust,-470,-476.0476,189,25780.501926795576,44.9864982
2025-06-16 16:00:00,adjust,-485,-473.9526,15,0.0,3.5546445
2025-06-17 16:00:00,adjust,-543,-433.9566,58,0.0,12.584741399999999
2025-06-18 16:00:00,adjust,-603,-385.9614,60,0.0,11.578842000000002
2025-06-19 16:00:00,adjust,-629,-379.962,26,0.0,4.939506
2025-06-22 16:00:00,adjust,-607,-394.0394,22,801.0653181371829,4.3344334
2025-06-23 16:00:00,adjust,-635,-375.9624,28,0.0,5.2634736
2025-06-24 16:00:00,adjust,-676,-359.964,41,0.0,7.379262
2025-06-25 16:00:00,adjust,-690,-359.964,14,0.0,2.5197480000000003
2025-06-26 16:00:00,adjust,-702,-373.9626,12,0.0,2.2437756
2025-06-29 16:00:00,adjust,-761,-345.9654,59,0.0,10.2059793
2025-06-30 16:00:00,adjust,-745,-364.0364,16,99.39401773673035,2.9122912000000003
2025-07-01 16:00:00,adjust,-636,-422.0422,109,6999.753945831471,23.0012999
2025-07-02 16:00:00,adjust,-551,-484.0484,85,10729.05071922638,20.572057
2025-07-03 16:00:00,adjust,-524,-528.0528,27,4596.170204930733,7.128712800000001
2025-07-06 16:00:00,adjust,-488,-572.0572,36,7712.3853399076415,10.2970296
2025-07-07 16:00:00,adjust,-401,-698.0698,87,29601.36077144347,30.3660363
2025-07-08 16:00:00,adjust,-408,-757.9242,7,0.0,2.6527347
2025-07-09 16:00:00,adjust,-443,-693.9306,35,0.0,12.1437855
2025-07-10 16:00:00,adjust,-442,-696.0696,1,305.36852950231787,0.34803480000000003
2025-07-13 16:00:00,adjust,-460,-753.9246,18,0.0,6.785321400000001
2025-07-14 16:00:00,adjust,-491,-695.9304,31,0.0,10.786921199999998
2025-07-15 16:00:00,adjust,-509,-679.932,18,0.0,6.119388
2025-07-16 16:00:00,adjust,-492,-724.0724,17,4959.047530609855,6.154615400000001
2025-07-17 16:00:00,adjust,-444,-804.0803999999999,48,17842.40055701606,19.2979296
2025-07-20 16:00:00,adjust,-442,-818.0818,2,771.436156542336,0.8180818000000001
2025-07-21 16:00:00,adjust,-431,-850.085,11,4594.934060982848,4.675467500000001
2025-07-22 16:00:00,close,0,-920.092,431,210210.88793487338,198.279826
2025-08-04 16:00:00,open,-571,-719.928,571,0.0,205.539444
2025-08-05 16:00:00,adjust,-656,-589.941,85,0.0,25.0724925
2025-08-06 16:00:00,adjust,-679,-571.9428,23,0.0,6.5773422
2025-08-07 16:00:00,adjust,-654,-592.0592,25,-2664.5935419734883,7.400740000000001
2025-08-10 16:00:00,adjust,-447,-778.0778,207,16443.015672459514,80.5310523
2025-08-11 16:00:00,adjust,-378,-920.092,69,15279.98502415317,31.743174
2025-08-12 16:00:00,adjust,-386,-913.9086,8,0.0,3.6556344
2025-08-13 16:00:00,adjust,-413,-847.9152,27,0.0,11.4468552
2025-08-14 16:00:00,adjust,-379,-926.0926,34,7259.718910271834,15.7435742
2025-08-17 16:00:00,adjust,-325,-1068.1068,54,19198.908598667032,28.838883600000003
2025-08-18 16:00:00,adjust,-316,-1114.1114,9,3613.859499777839,5.0135013
2025-08-19 16:00:00,adjust,-311,-1140.114,5,2137.7127220987995,2.850285
2025-08-20 16:00:00,adjust,-320,-1105.8894,9,0.0,4.9765023
2025-08-21 16:00:00,adjust,-321,-1133.8866,1,0.0,0.5669433
2025-08-24 16:00:00,adjust,-332,-1093.8906,11,0.0,6.0163983
2025-08-25 16:00:00,adjust,-351,-1043.8956,19,0.0,9.9170082
2025-08-26 16:00:00,adjust,-330,-1110.1109999999999,21,7483.749904289033,11.6561655
2025-08-27 16:00:00,adjust,-352,-1041.8958,22,0.0,11.4608538
2025-08-28 16:00:00,adjust,-385,-957.9042000000001,33,0.0,15.805419300000002
2025-08-31 16:00:00,adjust,-358,-1036.1036,27,6706.694385134853,13.987398599999999
2025-09-01 16:00:00,adjust,-365,-1065.8934,7,0.0,3.7306269
2025-09-02 16:00:00,adjust,-406,-1001.8998,41,0.0,20.538945899999998
2025-09-03 16:00:00,close,0,-1034.1034,406,89307.54562512142,209.92299020000002
2025-09-10 16:00:00,open,-538,-993.9006,538,0.0,267.35926140000004
2025-09-11 16:00:00,adjust,-541,-973.9026,3,0.0,1.4608539
2025-09-14 16:00:00,adjust,-532,-1046.1046,9,470.8340517560058,4.7074707
2025-09-15 16:00:00,adjust,-526,-1064.1064,6,421.9001678373372,3.1923192
2025-09-16 16:00:00,adjust,-531,-1057.8942,5,0.0,2.6447355
2025-09-17 16:00:00,adjust,-550,-1019.898,19,0.0,9.689031000000002
2025-09-18 16:00:00,adjust,-567,-987.9012,17,0.0,8.3971602
2025-09-21 16:00:00,adjust,-565,-994.0994,2,-1.9078610920403207,0.9940994
2025-09-22 16:00:00,adjust,-583,-967.9032,18,0.0,8.711128800000001
2025-09-23 16:00:00,adjust,-550,-1026.1026,33,1052.2882891414292,16.930692899999997
2025-09-24 16:00:00,adjust,-557,-1029.897,7,0.0,3.6046394999999998
2025-09-25 16:00:00,adjust,-546,-1074.1074,11,873.8828733858701,5.907590700000001
2025-09-28 16:00:00,adjust,-556,-1083.8916,10,0.0,5.419458
2025-09-29 16:00:00,adjust,-555,-1088.1088,1,91.84047568160315,0.5440544
2025-10-08 16:00:00,adjust,-462,-1238.1238,93,22492.5592383891,57.572756700000006
2025-10-09 16:00:00,adjust,-499,-1135.8864,37,0.0,21.013898400000002
2025-10-12 16:00:00,adjust,-516,-1095.8904,17,0.0,9.3150684
2025-10-13 16:00:00,adjust,-519,-1089.891,3,0.0,1.6348365000000002
2025-10-14 16:00:00,adjust,-529,-1069.893,10,0.0,5.349465
2025-10-15 16:00:00,adjust,-550,-1055.8944,21,0.0,11.086891199999998
2025-10-16 16:00:00,close,0,-1052.1052,550,21581.575164900634,289.32893
