mm,dd,unit,price,yyyy,prod_spec,region,prod_name,date,price_numeric
10,30,元/吨,8101.18,2025,大连商品交易所最近合约收盘价,国内,豆油（大连期结）,2025-10-30,8101.18
10,29,元/吨,8025.19,2025,大连商品交易所最近合约收盘价,国内,豆油（大连期结）,2025-10-29,8025.19
10,28,元/吨,8143.18,2025,大连商品交易所最近合约收盘价,国内,豆油（大连期结）,2025-10-28,8143.18
10,27,元/吨,8165.18,2025,大连商品交易所最近合约收盘价,国内,豆油（大连期结）,2025-10-27,8165.18
10,24,元/吨,8151.18,2025,大连商品交易所最近合约收盘价,国内,豆油（大连期结）,2025-10-24,8151.18
10,23,元/吨,8179.18,2025,大连商品交易所最近合约收盘价,国内,豆油（大连期结）,2025-10-23,8179.18
10,22,元/吨,8213.17,2025,大连商品交易所最近合约收盘价,国内,豆油（大连期结）,2025-10-22,8213.17
10,21,元/吨,8293.17,2025,大连商品交易所最近合约收盘价,国内,豆油（大连期结）,2025-10-21,8293.17
10,20,元/吨,8291.17,2025,大连商品交易所最近合约收盘价,国内,豆油（大连期结）,2025-10-20,8291.17
10,17,元/吨,8271.17,2025,大连商品交易所最近合约收盘价,国内,豆油（大连期结）,2025-10-17,8271.17
10,16,元/吨,8247.17,2025,大连商品交易所最近合约收盘价,国内,豆油（大连期结）,2025-10-16,8247.17
10,15,元/吨,8245.17,2025,大连商品交易所最近合约收盘价,国内,豆油（大连期结）,2025-10-15,8245.17
10,14,元/吨,8271.17,2025,大连商品交易所最近合约收盘价,国内,豆油（大连期结）,2025-10-14,8271.17
10,13,元/吨,8283.17,2025,大连商品交易所最近合约收盘价,国内,豆油（大连期结）,2025-10-13,8283.17
10,10,元/吨,8325.16,2025,大连商品交易所最近合约收盘价,国内,豆油（大连期结）,2025-10-10,8325.16
10,09,元/吨,8289.17,2025,大连商品交易所最近合约收盘价,国内,豆油（大连期结）,2025-10-09,8289.17
10,08,元/吨,8289.17,2025,大连商品交易所最近合约收盘价,国内,豆油（大连期结）,2025-10-08,8289.17
10,07,元/吨,8289.17,2025,大连商品交易所最近合约收盘价,国内,豆油（大连期结）,2025-10-07,8289.17
10,06,元/吨,8289.17,2025,大连商品交易所最近合约收盘价,国内,豆油（大连期结）,2025-10-06,8289.17
10,03,元/吨,8289.17,2025,大连商品交易所最近合约收盘价,国内,豆油（大连期结）,2025-10-03,8289.17
10,02,元/吨,8289.17,2025,大连商品交易所最近合约收盘价,国内,豆油（大连期结）,2025-10-02,8289.17
10,01,元/吨,8289.17,2025,大连商品交易所最近合约收盘价,国内,豆油（大连期结）,2025-10-01,8289.17
09,30,元/吨,8127.18,2025,大连商品交易所最近合约收盘价,国内,豆油（大连期结）,2025-09-30,8127.18
09,29,元/吨,8165.18,2025,大连商品交易所最近合约收盘价,国内,豆油（大连期结）,2025-09-29,8165.18
09,26,元/吨,8201.17,2025,大连商品交易所最近合约收盘价,国内,豆油（大连期结）,2025-09-26,8201.17
09,25,元/吨,8187.18,2025,大连商品交易所最近合约收盘价,国内,豆油（大连期结）,2025-09-25,8187.18
09,24,元/吨,8099.19,2025,大连商品交易所最近合约收盘价,国内,豆油（大连期结）,2025-09-24,8099.19
09,23,元/吨,8127.18,2025,大连商品交易所最近合约收盘价,国内,豆油（大连期结）,2025-09-23,8127.18
09,22,元/吨,8375.16,2025,大连商品交易所最近合约收盘价,国内,豆油（大连期结）,2025-09-22,8375.16
09,19,元/吨,8349.16,2025,大连商品交易所最近合约收盘价,国内,豆油（大连期结）,2025-09-19,8349.16
09,18,元/吨,8307.16,2025,大连商品交易所最近合约收盘价,国内,豆油（大连期结）,2025-09-18,8307.16
09,17,元/吨,8439.15,2025,大连商品交易所最近合约收盘价,国内,豆油（大连期结）,2025-09-17,8439.15
09,16,元/吨,8445.15,2025,大连商品交易所最近合约收盘价,国内,豆油（大连期结）,2025-09-16,8445.15
09,15,元/吨,8383.16,2025,大连商品交易所最近合约收盘价,国内,豆油（大连期结）,2025-09-15,8383.16
09,12,元/吨,8397.16,2025,大连商品交易所最近合约收盘价,国内,豆油（大连期结）,2025-09-12,8397.16
09,11,元/吨,8267.17,2025,大连商品交易所最近合约收盘价,国内,豆油（大连期结）,2025-09-11,8267.17
09,10,元/吨,8413.15,2025,大连商品交易所最近合约收盘价,国内,豆油（大连期结）,2025-09-10,8413.15
09,09,元/吨,8285.17,2025,大连商品交易所最近合约收盘价,国内,豆油（大连期结）,2025-09-09,8285.17
09,08,元/吨,8419.15,2025,大连商品交易所最近合约收盘价,国内,豆油（大连期结）,2025-09-08,8419.15
09,05,元/吨,8419.15,2025,大连商品交易所最近合约收盘价,国内,豆油（大连期结）,2025-09-05,8419.15
09,04,元/吨,8409.15,2025,大连商品交易所最近合约收盘价,国内,豆油（大连期结）,2025-09-04,8409.15
09,03,元/吨,8455.15,2025,大连商品交易所最近合约收盘价,国内,豆油（大连期结）,2025-09-03,8455.15
09,02,元/吨,8409.15,2025,大连商品交易所最近合约收盘价,国内,豆油（大连期结）,2025-09-02,8409.15
09,01,元/吨,8399.16,2025,大连商品交易所最近合约收盘价,国内,豆油（大连期结）,2025-09-01,8399.16
08,29,元/吨,8413.15,2025,大连商品交易所最近合约收盘价,国内,豆油（大连期结）,2025-08-29,8413.15
08,28,元/吨,8451.15,2025,大连商品交易所最近合约收盘价,国内,豆油（大连期结）,2025-08-28,8451.15
08,27,元/吨,8491.15,2025,大连商品交易所最近合约收盘价,国内,豆油（大连期结）,2025-08-27,8491.15
08,26,元/吨,8553.14,2025,大连商品交易所最近合约收盘价,国内,豆油（大连期结）,2025-08-26,8553.14
08,25,元/吨,8513.14,2025,大连商品交易所最近合约收盘价,国内,豆油（大连期结）,2025-08-25,8513.14
08,22,元/吨,8469.15,2025,大连商品交易所最近合约收盘价,国内,豆油（大连期结）,2025-08-22,8469.15
08,21,元/吨,8439.15,2025,大连商品交易所最近合约收盘价,国内,豆油（大连期结）,2025-08-21,8439.15
08,20,元/吨,8445.15,2025,大连商品交易所最近合约收盘价,国内,豆油（大连期结）,2025-08-20,8445.15
08,19,元/吨,8579.14,2025,大连商品交易所最近合约收盘价,国内,豆油（大连期结）,2025-08-19,8579.14
08,18,元/吨,8595.14,2025,大连商品交易所最近合约收盘价,国内,豆油（大连期结）,2025-08-18,8595.14
08,15,元/吨,8537.14,2025,大连商品交易所最近合约收盘价,国内,豆油（大连期结）,2025-08-15,8537.14
08,14,元/吨,8349.16,2025,大连商品交易所最近合约收盘价,国内,豆油（大连期结）,2025-08-14,8349.16
08,13,元/吨,9385.06,2025,大连商品交易所最近合约收盘价,国内,豆油（大连期结）,2025-08-13,9385.06
08,12,元/吨,9147.08,2025,大连商品交易所最近合约收盘价,国内,豆油（大连期结）,2025-08-12,9147.08
08,11,元/吨,8635.13,2025,大连商品交易所最近合约收盘价,国内,豆油（大连期结）,2025-08-11,8635.13
08,08,元/吨,8585.14,2025,大连商品交易所最近合约收盘价,国内,豆油（大连期结）,2025-08-08,8585.14
08,07,元/吨,8513.14,2025,大连商品交易所最近合约收盘价,国内,豆油（大连期结）,2025-08-07,8513.14
08,06,元/吨,8513.14,2025,大连商品交易所最近合约收盘价,国内,豆油（大连期结）,2025-08-06,8513.14
08,05,元/吨,8283.17,2025,大连商品交易所最近合约收盘价,国内,豆油（大连期结）,2025-08-05,8283.17
08,04,元/吨,8283.17,2025,大连商品交易所最近合约收盘价,国内,豆油（大连期结）,2025-08-04,8283.17
08,01,元/吨,8239.17,2025,大连商品交易所最近合约收盘价,国内,豆油（大连期结）,2025-08-01,8239.17
07,31,元/吨,8239.17,2025,大连商品交易所最近合约收盘价,国内,豆油（大连期结）,2025-07-31,8239.17
07,30,元/吨,8265.17,2025,大连商品交易所最近合约收盘价,国内,豆油（大连期结）,2025-07-30,8265.17
07,29,元/吨,8187.18,2025,大连商品交易所最近合约收盘价,国内,豆油（大连期结）,2025-07-29,8187.18
07,28,元/吨,8213.17,2025,大连商品交易所最近合约收盘价,国内,豆油（大连期结）,2025-07-28,8213.17
07,25,元/吨,8231.17,2025,大连商品交易所最近合约收盘价,国内,豆油（大连期结）,2025-07-25,8231.17
07,24,元/吨,8113.18,2025,大连商品交易所最近合约收盘价,国内,豆油（大连期结）,2025-07-24,8113.18
07,23,元/吨,8061.19,2025,大连商品交易所最近合约收盘价,国内,豆油（大连期结）,2025-07-23,8061.19
07,22,元/吨,8051.19,2025,大连商品交易所最近合约收盘价,国内,豆油（大连期结）,2025-07-22,8051.19
07,21,元/吨,8131.18,2025,大连商品交易所最近合约收盘价,国内,豆油（大连期结）,2025-07-21,8131.18
07,18,元/吨,8137.18,2025,大连商品交易所最近合约收盘价,国内,豆油（大连期结）,2025-07-18,8137.18
07,17,元/吨,8029.19,2025,大连商品交易所最近合约收盘价,国内,豆油（大连期结）,2025-07-17,8029.19
07,16,元/吨,8027.19,2025,大连商品交易所最近合约收盘价,国内,豆油（大连期结）,2025-07-16,8027.19
07,15,元/吨,8015.19,2025,大连商品交易所最近合约收盘价,国内,豆油（大连期结）,2025-07-15,8015.19
07,14,元/吨,8049.19,2025,大连商品交易所最近合约收盘价,国内,豆油（大连期结）,2025-07-14,8049.19
07,11,元/吨,7969.20,2025,大连商品交易所最近合约收盘价,国内,豆油（大连期结）,2025-07-11,7969.2
07,10,元/吨,7969.20,2025,大连商品交易所最近合约收盘价,国内,豆油（大连期结）,2025-07-10,7969.2
07,09,元/吨,8037.19,2025,大连商品交易所最近合约收盘价,国内,豆油（大连期结）,2025-07-09,8037.19
07,08,元/吨,8037.19,2025,大连商品交易所最近合约收盘价,国内,豆油（大连期结）,2025-07-08,8037.19
07,07,元/吨,8037.19,2025,大连商品交易所最近合约收盘价,国内,豆油（大连期结）,2025-07-07,8037.19
07,04,元/吨,8037.19,2025,大连商品交易所最近合约收盘价,国内,豆油（大连期结）,2025-07-04,8037.19
07,03,元/吨,8037.19,2025,大连商品交易所最近合约收盘价,国内,豆油（大连期结）,2025-07-03,8037.19
07,02,元/吨,8037.19,2025,大连商品交易所最近合约收盘价,国内,豆油（大连期结）,2025-07-02,8037.19
07,01,元/吨,8037.19,2025,大连商品交易所最近合约收盘价,国内,豆油（大连期结）,2025-07-01,8037.19
06,30,元/吨,8067.19,2025,大连商品交易所最近合约收盘价,国内,豆油（大连期结）,2025-06-30,8067.19
06,27,元/吨,8113.18,2025,大连商品交易所最近合约收盘价,国内,豆油（大连期结）,2025-06-27,8113.18
06,26,元/吨,8103.18,2025,大连商品交易所最近合约收盘价,国内,豆油（大连期结）,2025-06-26,8103.18
06,25,元/吨,8075.19,2025,大连商品交易所最近合约收盘价,国内,豆油（大连期结）,2025-06-25,8075.19
06,24,元/吨,8109.18,2025,大连商品交易所最近合约收盘价,国内,豆油（大连期结）,2025-06-24,8109.18
06,23,元/吨,8245.17,2025,大连商品交易所最近合约收盘价,国内,豆油（大连期结）,2025-06-23,8245.17
06,20,元/吨,8277.17,2025,大连商品交易所最近合约收盘价,国内,豆油（大连期结）,2025-06-20,8277.17
06,19,元/吨,8231.17,2025,大连商品交易所最近合约收盘价,国内,豆油（大连期结）,2025-06-19,8231.17
06,18,元/吨,8137.18,2025,大连商品交易所最近合约收盘价,国内,豆油（大连期结）,2025-06-18,8137.18
06,17,元/吨,8075.19,2025,大连商品交易所最近合约收盘价,国内,豆油（大连期结）,2025-06-17,8075.19
06,16,元/吨,8035.19,2025,大连商品交易所最近合约收盘价,国内,豆油（大连期结）,2025-06-16,8035.19
06,13,元/吨,7895.21,2025,大连商品交易所最近合约收盘价,国内,豆油（大连期结）,2025-06-13,7895.21
06,12,元/吨,7835.21,2025,大连商品交易所最近合约收盘价,国内,豆油（大连期结）,2025-06-12,7835.21
06,11,元/吨,7845.21,2025,大连商品交易所最近合约收盘价,国内,豆油（大连期结）,2025-06-11,7845.21
06,10,元/吨,7885.21,2025,大连商品交易所最近合约收盘价,国内,豆油（大连期结）,2025-06-10,7885.21
06,09,元/吨,7867.21,2025,大连商品交易所最近合约收盘价,国内,豆油（大连期结）,2025-06-09,7867.21
06,06,元/吨,7799.22,2025,大连商品交易所最近合约收盘价,国内,豆油（大连期结）,2025-06-06,7799.22
06,05,元/吨,7735.22,2025,大连商品交易所最近合约收盘价,国内,豆油（大连期结）,2025-06-05,7735.22
06,04,元/吨,7747.22,2025,大连商品交易所最近合约收盘价,国内,豆油（大连期结）,2025-06-04,7747.22
06,03,元/吨,7729.22,2025,大连商品交易所最近合约收盘价,国内,豆油（大连期结）,2025-06-03,7729.22
05,30,元/吨,7699.23,2025,大连商品交易所最近合约收盘价,国内,豆油（大连期结）,2025-05-30,7699.23
05,29,元/吨,7747.22,2025,大连商品交易所最近合约收盘价,国内,豆油（大连期结）,2025-05-29,7747.22
05,28,元/吨,7771.22,2025,大连商品交易所最近合约收盘价,国内,豆油（大连期结）,2025-05-28,7771.22
05,27,元/吨,7757.22,2025,大连商品交易所最近合约收盘价,国内,豆油（大连期结）,2025-05-27,7757.22
05,26,元/吨,7761.22,2025,大连商品交易所最近合约收盘价,国内,豆油（大连期结）,2025-05-26,7761.22
05,23,元/吨,7801.21,2025,大连商品交易所最近合约收盘价,国内,豆油（大连期结）,2025-05-23,7801.21
05,22,元/吨,7775.22,2025,大连商品交易所最近合约收盘价,国内,豆油（大连期结）,2025-05-22,7775.22
05,21,元/吨,7821.21,2025,大连商品交易所最近合约收盘价,国内,豆油（大连期结）,2025-05-21,7821.21
05,20,元/吨,7801.21,2025,大连商品交易所最近合约收盘价,国内,豆油（大连期结）,2025-05-20,7801.21
05,19,元/吨,7909.20,2025,大连商品交易所最近合约收盘价,国内,豆油（大连期结）,2025-05-19,7909.2
05,16,元/吨,7949.20,2025,大连商品交易所最近合约收盘价,国内,豆油（大连期结）,2025-05-16,7949.2
05,15,元/吨,7949.20,2025,大连商品交易所最近合约收盘价,国内,豆油（大连期结）,2025-05-15,7949.2
05,14,元/吨,8029.19,2025,大连商品交易所最近合约收盘价,国内,豆油（大连期结）,2025-05-14,8029.19
05,13,元/吨,7963.20,2025,大连商品交易所最近合约收盘价,国内,豆油（大连期结）,2025-05-13,7963.2
05,12,元/吨,7969.20,2025,大连商品交易所最近合约收盘价,国内,豆油（大连期结）,2025-05-12,7969.2
05,09,元/吨,7969.20,2025,大连商品交易所最近合约收盘价,国内,豆油（大连期结）,2025-05-09,7969.2
05,08,元/吨,7925.20,2025,大连商品交易所最近合约收盘价,国内,豆油（大连期结）,2025-05-08,7925.2
05,07,元/吨,7927.20,2025,大连商品交易所最近合约收盘价,国内,豆油（大连期结）,2025-05-07,7927.2
05,06,元/吨,7883.21,2025,大连商品交易所最近合约收盘价,国内,豆油（大连期结）,2025-05-06,7883.21
05,05,元/吨,7883.21,2025,大连商品交易所最近合约收盘价,国内,豆油（大连期结）,2025-05-05,7883.21
04,30,元/吨,7883.21,2025,大连商品交易所最近合约收盘价,国内,豆油（大连期结）,2025-04-30,7883.21
04,29,元/吨,7883.21,2025,大连商品交易所最近合约收盘价,国内,豆油（大连期结）,2025-04-29,7883.21
04,28,元/吨,7911.20,2025,大连商品交易所最近合约收盘价,国内,豆油（大连期结）,2025-04-28,7911.2
04,25,元/吨,7975.20,2025,大连商品交易所最近合约收盘价,国内,豆油（大连期结）,2025-04-25,7975.2
04,24,元/吨,7883.21,2025,大连商品交易所最近合约收盘价,国内,豆油（大连期结）,2025-04-24,7883.21
04,23,元/吨,7845.21,2025,大连商品交易所最近合约收盘价,国内,豆油（大连期结）,2025-04-23,7845.21
04,22,元/吨,7799.22,2025,大连商品交易所最近合约收盘价,国内,豆油（大连期结）,2025-04-22,7799.22
04,21,元/吨,7757.22,2025,大连商品交易所最近合约收盘价,国内,豆油（大连期结）,2025-04-21,7757.22
04,18,元/吨,7753.22,2025,大连商品交易所最近合约收盘价,国内,豆油（大连期结）,2025-04-18,7753.22
04,17,元/吨,7735.22,2025,大连商品交易所最近合约收盘价,国内,豆油（大连期结）,2025-04-17,7735.22
04,16,元/吨,7713.22,2025,大连商品交易所最近合约收盘价,国内,豆油（大连期结）,2025-04-16,7713.22
04,15,元/吨,7709.22,2025,大连商品交易所最近合约收盘价,国内,豆油（大连期结）,2025-04-15,7709.22
04,14,元/吨,7733.22,2025,大连商品交易所最近合约收盘价,国内,豆油（大连期结）,2025-04-14,7733.22
04,11,元/吨,7685.23,2025,大连商品交易所最近合约收盘价,国内,豆油（大连期结）,2025-04-11,7685.23
04,10,元/吨,7639.23,2025,大连商品交易所最近合约收盘价,国内,豆油（大连期结）,2025-04-10,7639.23
04,09,元/吨,7611.23,2025,大连商品交易所最近合约收盘价,国内,豆油（大连期结）,2025-04-09,7611.23
04,08,元/吨,7661.23,2025,大连商品交易所最近合约收盘价,国内,豆油（大连期结）,2025-04-08,7661.23
04,07,元/吨,7717.22,2025,大连商品交易所最近合约收盘价,国内,豆油（大连期结）,2025-04-07,7717.22
04,04,元/吨,7953.20,2025,大连商品交易所最近合约收盘价,国内,豆油（大连期结）,2025-04-04,7953.2
04,03,元/吨,7953.20,2025,大连商品交易所最近合约收盘价,国内,豆油（大连期结）,2025-04-03,7953.2
04,02,元/吨,7995.20,2025,大连商品交易所最近合约收盘价,国内,豆油（大连期结）,2025-04-02,7995.2
04,01,元/吨,7933.20,2025,大连商品交易所最近合约收盘价,国内,豆油（大连期结）,2025-04-01,7933.2
03,31,元/吨,7967.20,2025,大连商品交易所最近合约收盘价,国内,豆油（大连期结）,2025-03-31,7967.2
03,28,元/吨,7991.20,2025,大连商品交易所最近合约收盘价,国内,豆油（大连期结）,2025-03-28,7991.2
03,27,元/吨,7899.21,2025,大连商品交易所最近合约收盘价,国内,豆油（大连期结）,2025-03-27,7899.21
03,26,元/吨,7879.21,2025,大连商品交易所最近合约收盘价,国内,豆油（大连期结）,2025-03-26,7879.21
03,25,元/吨,7905.20,2025,大连商品交易所最近合约收盘价,国内,豆油（大连期结）,2025-03-25,7905.2
03,24,元/吨,7939.20,2025,大连商品交易所最近合约收盘价,国内,豆油（大连期结）,2025-03-24,7939.2
03,21,元/吨,8021.19,2025,大连商品交易所最近合约收盘价,国内,豆油（大连期结）,2025-03-21,8021.19
03,20,元/吨,8031.19,2025,大连商品交易所最近合约收盘价,国内,豆油（大连期结）,2025-03-20,8031.19
03,19,元/吨,8093.19,2025,大连商品交易所最近合约收盘价,国内,豆油（大连期结）,2025-03-19,8093.19
03,18,元/吨,8065.19,2025,大连商品交易所最近合约收盘价,国内,豆油（大连期结）,2025-03-18,8065.19
03,17,元/吨,8089.19,2025,大连商品交易所最近合约收盘价,国内,豆油（大连期结）,2025-03-17,8089.19
03,14,元/吨,8129.18,2025,大连商品交易所最近合约收盘价,国内,豆油（大连期结）,2025-03-14,8129.18
03,13,元/吨,7799.22,2025,大连商品交易所最近合约收盘价,国内,豆油（大连期结）,2025-03-13,7799.22
03,12,元/吨,8275.17,2025,大连商品交易所最近合约收盘价,国内,豆油（大连期结）,2025-03-12,8275.17
03,11,元/吨,8275.17,2025,大连商品交易所最近合约收盘价,国内,豆油（大连期结）,2025-03-11,8275.17
03,10,元/吨,8275.17,2025,大连商品交易所最近合约收盘价,国内,豆油（大连期结）,2025-03-10,8275.17
03,07,元/吨,8275.17,2025,大连商品交易所最近合约收盘价,国内,豆油（大连期结）,2025-03-07,8275.17
03,06,元/吨,8255.17,2025,大连商品交易所最近合约收盘价,国内,豆油（大连期结）,2025-03-06,8255.17
03,05,元/吨,8255.17,2025,大连商品交易所最近合约收盘价,国内,豆油（大连期结）,2025-03-05,8255.17
03,04,元/吨,8255.17,2025,大连商品交易所最近合约收盘价,国内,豆油（大连期结）,2025-03-04,8255.17
03,03,元/吨,8255.17,2025,大连商品交易所最近合约收盘价,国内,豆油（大连期结）,2025-03-03,8255.17
02,28,元/吨,8255.17,2025,大连商品交易所最近合约收盘价,国内,豆油（大连期结）,2025-02-28,8255.17
02,27,元/吨,8175.18,2025,大连商品交易所最近合约收盘价,国内,豆油（大连期结）,2025-02-27,8175.18
02,26,元/吨,8123.18,2025,大连商品交易所最近合约收盘价,国内,豆油（大连期结）,2025-02-26,8123.18
02,25,元/吨,8171.18,2025,大连商品交易所最近合约收盘价,国内,豆油（大连期结）,2025-02-25,8171.18
02,24,元/吨,8117.18,2025,大连商品交易所最近合约收盘价,国内,豆油（大连期结）,2025-02-24,8117.18
02,21,元/吨,8141.18,2025,大连商品交易所最近合约收盘价,国内,豆油（大连期结）,2025-02-21,8141.18
02,20,元/吨,8105.18,2025,大连商品交易所最近合约收盘价,国内,豆油（大连期结）,2025-02-20,8105.18
02,19,元/吨,8085.19,2025,大连商品交易所最近合约收盘价,国内,豆油（大连期结）,2025-02-19,8085.19
02,18,元/吨,8019.19,2025,大连商品交易所最近合约收盘价,国内,豆油（大连期结）,2025-02-18,8019.19
02,17,元/吨,8081.19,2025,大连商品交易所最近合约收盘价,国内,豆油（大连期结）,2025-02-17,8081.19
02,14,元/吨,8107.18,2025,大连商品交易所最近合约收盘价,国内,豆油（大连期结）,2025-02-14,8107.18
02,13,元/吨,8131.18,2025,大连商品交易所最近合约收盘价,国内,豆油（大连期结）,2025-02-13,8131.18
02,12,元/吨,8299.17,2025,大连商品交易所最近合约收盘价,国内,豆油（大连期结）,2025-02-12,8299.17
02,11,元/吨,8355.16,2025,大连商品交易所最近合约收盘价,国内,豆油（大连期结）,2025-02-11,8355.16
02,10,元/吨,8425.15,2025,大连商品交易所最近合约收盘价,国内,豆油（大连期结）,2025-02-10,8425.15
02,07,元/吨,8359.16,2025,大连商品交易所最近合约收盘价,国内,豆油（大连期结）,2025-02-07,8359.16
02,06,元/吨,8159.18,2025,大连商品交易所最近合约收盘价,国内,豆油（大连期结）,2025-02-06,8159.18
02,05,元/吨,8041.19,2025,大连商品交易所最近合约收盘价,国内,豆油（大连期结）,2025-02-05,8041.19
01,27,元/吨,7841.21,2025,大连商品交易所最近合约收盘价,国内,豆油（大连期结）,2025-01-27,7841.21
01,24,元/吨,7797.22,2025,大连商品交易所最近合约收盘价,国内,豆油（大连期结）,2025-01-24,7797.22
01,23,元/吨,7867.21,2025,大连商品交易所最近合约收盘价,国内,豆油（大连期结）,2025-01-23,7867.21
01,22,元/吨,7921.20,2025,大连商品交易所最近合约收盘价,国内,豆油（大连期结）,2025-01-22,7921.2
01,21,元/吨,7895.21,2025,大连商品交易所最近合约收盘价,国内,豆油（大连期结）,2025-01-21,7895.21
01,20,元/吨,7779.22,2025,大连商品交易所最近合约收盘价,国内,豆油（大连期结）,2025-01-20,7779.22
01,17,元/吨,7649.23,2025,大连商品交易所最近合约收盘价,国内,豆油（大连期结）,2025-01-17,7649.23
01,16,元/吨,7769.22,2025,大连商品交易所最近合约收盘价,国内,豆油（大连期结）,2025-01-16,7769.22
01,15,元/吨,7807.21,2025,大连商品交易所最近合约收盘价,国内,豆油（大连期结）,2025-01-15,7807.21
01,14,元/吨,7553.24,2025,大连商品交易所最近合约收盘价,国内,豆油（大连期结）,2025-01-14,7553.24
01,13,元/吨,7553.24,2025,大连商品交易所最近合约收盘价,国内,豆油（大连期结）,2025-01-13,7553.24
01,10,元/吨,7553.24,2025,大连商品交易所最近合约收盘价,国内,豆油（大连期结）,2025-01-10,7553.24
01,09,元/吨,7553.24,2025,大连商品交易所最近合约收盘价,国内,豆油（大连期结）,2025-01-09,7553.24
01,08,元/吨,7559.24,2025,大连商品交易所最近合约收盘价,国内,豆油（大连期结）,2025-01-08,7559.24
01,07,元/吨,7559.24,2025,大连商品交易所最近合约收盘价,国内,豆油（大连期结）,2025-01-07,7559.24
01,06,元/吨,7679.23,2025,大连商品交易所最近合约收盘价,国内,豆油（大连期结）,2025-01-06,7679.23
01,03,元/吨,7679.23,2025,大连商品交易所最近合约收盘价,国内,豆油（大连期结）,2025-01-03,7679.23
01,02,元/吨,7829.21,2025,大连商品交易所最近合约收盘价,国内,豆油（大连期结）,2025-01-02,7829.21
01,01,元/吨,7857.21,2025,大连商品交易所最近合约收盘价,国内,豆油（大连期结）,2025-01-01,7857.21
12,31,元/吨,7759.22,2024,大连商品交易所最近合约收盘价,国内,豆油（大连期结）,2024-12-31,7759.22
12,30,元/吨,7775.22,2024,大连商品交易所最近合约收盘价,国内,豆油（大连期结）,2024-12-30,7775.22
12,27,元/吨,7783.22,2024,大连商品交易所最近合约收盘价,国内,豆油（大连期结）,2024-12-27,7783.22
12,26,元/吨,7723.22,2024,大连商品交易所最近合约收盘价,国内,豆油（大连期结）,2024-12-26,7723.22
12,25,元/吨,7741.22,2024,大连商品交易所最近合约收盘价,国内,豆油（大连期结）,2024-12-25,7741.22
12,24,元/吨,7681.23,2024,大连商品交易所最近合约收盘价,国内,豆油（大连期结）,2024-12-24,7681.23
12,23,元/吨,7619.23,2024,大连商品交易所最近合约收盘价,国内,豆油（大连期结）,2024-12-23,7619.23
12,20,元/吨,7563.24,2024,大连商品交易所最近合约收盘价,国内,豆油（大连期结）,2024-12-20,7563.24
12,19,元/吨,7577.24,2024,大连商品交易所最近合约收盘价,国内,豆油（大连期结）,2024-12-19,7577.24
12,18,元/吨,7809.21,2024,大连商品交易所最近合约收盘价,国内,豆油（大连期结）,2024-12-18,7809.21
12,17,元/吨,7995.20,2024,大连商品交易所最近合约收盘价,国内,豆油（大连期结）,2024-12-17,7995.2
12,16,元/吨,8025.19,2024,大连商品交易所最近合约收盘价,国内,豆油（大连期结）,2024-12-16,8025.19
12,13,元/吨,8185.18,2024,大连商品交易所最近合约收盘价,国内,豆油（大连期结）,2024-12-13,8185.18
12,12,元/吨,8083.19,2024,大连商品交易所最近合约收盘价,国内,豆油（大连期结）,2024-12-12,8083.19
12,11,元/吨,8083.19,2024,大连商品交易所最近合约收盘价,国内,豆油（大连期结）,2024-12-11,8083.19
12,10,元/吨,7949.20,2024,大连商品交易所最近合约收盘价,国内,豆油（大连期结）,2024-12-10,7949.2
12,09,元/吨,7949.20,2024,大连商品交易所最近合约收盘价,国内,豆油（大连期结）,2024-12-09,7949.2
12,06,元/吨,8019.19,2024,大连商品交易所最近合约收盘价,国内,豆油（大连期结）,2024-12-06,8019.19
12,05,元/吨,8019.19,2024,大连商品交易所最近合约收盘价,国内,豆油（大连期结）,2024-12-05,8019.19
12,04,元/吨,8019.19,2024,大连商品交易所最近合约收盘价,国内,豆油（大连期结）,2024-12-04,8019.19
12,03,元/吨,8245.17,2024,大连商品交易所最近合约收盘价,国内,豆油（大连期结）,2024-12-03,8245.17
12,02,元/吨,8245.17,2024,大连商品交易所最近合约收盘价,国内,豆油（大连期结）,2024-12-02,8245.17
11,29,元/吨,8091.19,2024,大连商品交易所最近合约收盘价,国内,豆油（大连期结）,2024-11-29,8091.19
11,28,元/吨,8067.19,2024,大连商品交易所最近合约收盘价,国内,豆油（大连期结）,2024-11-28,8067.19
11,27,元/吨,8041.19,2024,大连商品交易所最近合约收盘价,国内,豆油（大连期结）,2024-11-27,8041.19
11,26,元/吨,8035.19,2024,大连商品交易所最近合约收盘价,国内,豆油（大连期结）,2024-11-26,8035.19
11,25,元/吨,8041.19,2024,大连商品交易所最近合约收盘价,国内,豆油（大连期结）,2024-11-25,8041.19
11,22,元/吨,8075.19,2024,大连商品交易所最近合约收盘价,国内,豆油（大连期结）,2024-11-22,8075.19
11,21,元/吨,8157.18,2024,大连商品交易所最近合约收盘价,国内,豆油（大连期结）,2024-11-21,8157.18
11,20,元/吨,8207.17,2024,大连商品交易所最近合约收盘价,国内,豆油（大连期结）,2024-11-20,8207.17
11,19,元/吨,8149.18,2024,大连商品交易所最近合约收盘价,国内,豆油（大连期结）,2024-11-19,8149.18
11,18,元/吨,8215.17,2024,大连商品交易所最近合约收盘价,国内,豆油（大连期结）,2024-11-18,8215.17
11,15,元/吨,8273.17,2024,大连商品交易所最近合约收盘价,国内,豆油（大连期结）,2024-11-15,8273.17
11,14,元/吨,8425.15,2024,大连商品交易所最近合约收盘价,国内,豆油（大连期结）,2024-11-14,8425.15
11,13,元/吨,8427.15,2024,大连商品交易所最近合约收盘价,国内,豆油（大连期结）,2024-11-13,8427.15
11,12,元/吨,8427.15,2024,大连商品交易所最近合约收盘价,国内,豆油（大连期结）,2024-11-12,8427.15
11,11,元/吨,8427.15,2024,大连商品交易所最近合约收盘价,国内,豆油（大连期结）,2024-11-11,8427.15
11,08,元/吨,8427.15,2024,大连商品交易所最近合约收盘价,国内,豆油（大连期结）,2024-11-08,8427.15
11,07,元/吨,8427.15,2024,大连商品交易所最近合约收盘价,国内,豆油（大连期结）,2024-11-07,8427.15
11,06,元/吨,8427.15,2024,大连商品交易所最近合约收盘价,国内,豆油（大连期结）,2024-11-06,8427.15
11,05,元/吨,8427.15,2024,大连商品交易所最近合约收盘价,国内,豆油（大连期结）,2024-11-05,8427.15
11,04,元/吨,8289.17,2024,大连商品交易所最近合约收盘价,国内,豆油（大连期结）,2024-11-04,8289.17
11,01,元/吨,8193.18,2024,大连商品交易所最近合约收盘价,国内,豆油（大连期结）,2024-11-01,8193.18
10,31,元/吨,8193.18,2024,大连商品交易所最近合约收盘价,国内,豆油（大连期结）,2024-10-31,8193.18
10,30,元/吨,8179.18,2024,大连商品交易所最近合约收盘价,国内,豆油（大连期结）,2024-10-30,8179.18
10,29,元/吨,8161.18,2024,大连商品交易所最近合约收盘价,国内,豆油（大连期结）,2024-10-29,8161.18
10,28,元/吨,8243.17,2024,大连商品交易所最近合约收盘价,国内,豆油（大连期结）,2024-10-28,8243.17
10,25,元/吨,8365.16,2024,大连商品交易所最近合约收盘价,国内,豆油（大连期结）,2024-10-25,8365.16
10,24,元/吨,8237.17,2024,大连商品交易所最近合约收盘价,国内,豆油（大连期结）,2024-10-24,8237.17
10,23,元/吨,8211.17,2024,大连商品交易所最近合约收盘价,国内,豆油（大连期结）,2024-10-23,8211.17
10,22,元/吨,8095.19,2024,大连商品交易所最近合约收盘价,国内,豆油（大连期结）,2024-10-22,8095.19
10,21,元/吨,8043.19,2024,大连商品交易所最近合约收盘价,国内,豆油（大连期结）,2024-10-21,8043.19
10,18,元/吨,8103.18,2024,大连商品交易所最近合约收盘价,国内,豆油（大连期结）,2024-10-18,8103.18
10,17,元/吨,8127.18,2024,大连商品交易所最近合约收盘价,国内,豆油（大连期结）,2024-10-17,8127.18
10,16,元/吨,8085.19,2024,大连商品交易所最近合约收盘价,国内,豆油（大连期结）,2024-10-16,8085.19
10,15,元/吨,8005.19,2024,大连商品交易所最近合约收盘价,国内,豆油（大连期结）,2024-10-15,8005.19
10,14,元/吨,8073.19,2024,大连商品交易所最近合约收盘价,国内,豆油（大连期结）,2024-10-14,8073.19
10,11,元/吨,8085.19,2024,大连商品交易所最近合约收盘价,国内,豆油（大连期结）,2024-10-11,8085.19
10,10,元/吨,8031.19,2024,大连商品交易所最近合约收盘价,国内,豆油（大连期结）,2024-10-10,8031.19
10,09,元/吨,8027.19,2024,大连商品交易所最近合约收盘价,国内,豆油（大连期结）,2024-10-09,8027.19
10,08,元/吨,8113.18,2024,大连商品交易所最近合约收盘价,国内,豆油（大连期结）,2024-10-08,8113.18
10,07,元/吨,8113.18,2024,大连商品交易所最近合约收盘价,国内,豆油（大连期结）,2024-10-07,8113.18
09,30,元/吨,7977.20,2024,大连商品交易所最近合约收盘价,国内,豆油（大连期结）,2024-09-30,7977.2
09,27,元/吨,8001.19,2024,大连商品交易所最近合约收盘价,国内,豆油（大连期结）,2024-09-27,8001.19
09,26,元/吨,7995.20,2024,大连商品交易所最近合约收盘价,国内,豆油（大连期结）,2024-09-26,7995.2
09,25,元/吨,7905.20,2024,大连商品交易所最近合约收盘价,国内,豆油（大连期结）,2024-09-25,7905.2
09,24,元/吨,7855.21,2024,大连商品交易所最近合约收盘价,国内,豆油（大连期结）,2024-09-24,7855.21
09,23,元/吨,7773.22,2024,大连商品交易所最近合约收盘价,国内,豆油（大连期结）,2024-09-23,7773.22
09,20,元/吨,7785.22,2024,大连商品交易所最近合约收盘价,国内,豆油（大连期结）,2024-09-20,7785.22
09,19,元/吨,7785.22,2024,大连商品交易所最近合约收盘价,国内,豆油（大连期结）,2024-09-19,7785.22
09,18,元/吨,7755.22,2024,大连商品交易所最近合约收盘价,国内,豆油（大连期结）,2024-09-18,7755.22
09,17,元/吨,7783.22,2024,大连商品交易所最近合约收盘价,国内,豆油（大连期结）,2024-09-17,7783.22
09,16,元/吨,7741.22,2024,大连商品交易所最近合约收盘价,国内,豆油（大连期结）,2024-09-16,7741.22
09,13,元/吨,7747.22,2024,大连商品交易所最近合约收盘价,国内,豆油（大连期结）,2024-09-13,7747.22
09,12,元/吨,7599.24,2024,大连商品交易所最近合约收盘价,国内,豆油（大连期结）,2024-09-12,7599.24
09,11,元/吨,7661.23,2024,大连商品交易所最近合约收盘价,国内,豆油（大连期结）,2024-09-11,7661.23
09,10,元/吨,7661.23,2024,大连商品交易所最近合约收盘价,国内,豆油（大连期结）,2024-09-10,7661.23
09,09,元/吨,7803.21,2024,大连商品交易所最近合约收盘价,国内,豆油（大连期结）,2024-09-09,7803.21
09,06,元/吨,7665.23,2024,大连商品交易所最近合约收盘价,国内,豆油（大连期结）,2024-09-06,7665.23
09,05,元/吨,7765.22,2024,大连商品交易所最近合约收盘价,国内,豆油（大连期结）,2024-09-05,7765.22
09,04,元/吨,7765.22,2024,大连商品交易所最近合约收盘价,国内,豆油（大连期结）,2024-09-04,7765.22
09,03,元/吨,7765.22,2024,大连商品交易所最近合约收盘价,国内,豆油（大连期结）,2024-09-03,7765.22
09,02,元/吨,7765.22,2024,大连商品交易所最近合约收盘价,国内,豆油（大连期结）,2024-09-02,7765.22
08,30,元/吨,7673.23,2024,大连商品交易所最近合约收盘价,国内,豆油（大连期结）,2024-08-30,7673.23
08,29,元/吨,7599.24,2024,大连商品交易所最近合约收盘价,国内,豆油（大连期结）,2024-08-29,7599.24
08,28,元/吨,7599.24,2024,大连商品交易所最近合约收盘价,国内,豆油（大连期结）,2024-08-28,7599.24
08,27,元/吨,7559.24,2024,大连商品交易所最近合约收盘价,国内,豆油（大连期结）,2024-08-27,7559.24
08,26,元/吨,7465.25,2024,大连商品交易所最近合约收盘价,国内,豆油（大连期结）,2024-08-26,7465.25
08,23,元/吨,7419.25,2024,大连商品交易所最近合约收盘价,国内,豆油（大连期结）,2024-08-23,7419.25
08,22,元/吨,7429.25,2024,大连商品交易所最近合约收盘价,国内,豆油（大连期结）,2024-08-22,7429.25
08,21,元/吨,7419.25,2024,大连商品交易所最近合约收盘价,国内,豆油（大连期结）,2024-08-21,7419.25
08,20,元/吨,7417.25,2024,大连商品交易所最近合约收盘价,国内,豆油（大连期结）,2024-08-20,7417.25
08,19,元/吨,7387.26,2024,大连商品交易所最近合约收盘价,国内,豆油（大连期结）,2024-08-19,7387.26
08,16,元/吨,7401.25,2024,大连商品交易所最近合约收盘价,国内,豆油（大连期结）,2024-08-16,7401.25
08,15,元/吨,7359.26,2024,大连商品交易所最近合约收盘价,国内,豆油（大连期结）,2024-08-15,7359.26
08,14,元/吨,7463.25,2024,大连商品交易所最近合约收盘价,国内,豆油（大连期结）,2024-08-14,7463.25
08,13,元/吨,7259.27,2024,大连商品交易所最近合约收盘价,国内,豆油（大连期结）,2024-08-13,7259.27
08,12,元/吨,7259.27,2024,大连商品交易所最近合约收盘价,国内,豆油（大连期结）,2024-08-12,7259.27
08,09,元/吨,7259.27,2024,大连商品交易所最近合约收盘价,国内,豆油（大连期结）,2024-08-09,7259.27
08,08,元/吨,7259.27,2024,大连商品交易所最近合约收盘价,国内,豆油（大连期结）,2024-08-08,7259.27
08,07,元/吨,7259.27,2024,大连商品交易所最近合约收盘价,国内,豆油（大连期结）,2024-08-07,7259.27
08,06,元/吨,7259.27,2024,大连商品交易所最近合约收盘价,国内,豆油（大连期结）,2024-08-06,7259.27
08,05,元/吨,7517.24,2024,大连商品交易所最近合约收盘价,国内,豆油（大连期结）,2024-08-05,7517.24
08,02,元/吨,7517.24,2024,大连商品交易所最近合约收盘价,国内,豆油（大连期结）,2024-08-02,7517.24
08,01,元/吨,7517.24,2024,大连商品交易所最近合约收盘价,国内,豆油（大连期结）,2024-08-01,7517.24
07,31,元/吨,7577.24,2024,大连商品交易所最近合约收盘价,国内,豆油（大连期结）,2024-07-31,7577.24
07,30,元/吨,7585.24,2024,大连商品交易所最近合约收盘价,国内,豆油（大连期结）,2024-07-30,7585.24
07,29,元/吨,7651.23,2024,大连商品交易所最近合约收盘价,国内,豆油（大连期结）,2024-07-29,7651.23
07,26,元/吨,7767.22,2024,大连商品交易所最近合约收盘价,国内,豆油（大连期结）,2024-07-26,7767.22
07,25,元/吨,7693.23,2024,大连商品交易所最近合约收盘价,国内,豆油（大连期结）,2024-07-25,7693.23
07,24,元/吨,7809.21,2024,大连商品交易所最近合约收盘价,国内,豆油（大连期结）,2024-07-24,7809.21
07,23,元/吨,7817.21,2024,大连商品交易所最近合约收盘价,国内,豆油（大连期结）,2024-07-23,7817.21
07,22,元/吨,7711.22,2024,大连商品交易所最近合约收盘价,国内,豆油（大连期结）,2024-07-22,7711.22
07,19,元/吨,7653.23,2024,大连商品交易所最近合约收盘价,国内,豆油（大连期结）,2024-07-19,7653.23
07,18,元/吨,7607.23,2024,大连商品交易所最近合约收盘价,国内,豆油（大连期结）,2024-07-18,7607.23
07,17,元/吨,7591.24,2024,大连商品交易所最近合约收盘价,国内,豆油（大连期结）,2024-07-17,7591.24
07,16,元/吨,7559.24,2024,大连商品交易所最近合约收盘价,国内,豆油（大连期结）,2024-07-16,7559.24
07,15,元/吨,7571.24,2024,大连商品交易所最近合约收盘价,国内,豆油（大连期结）,2024-07-15,7571.24
07,12,元/吨,7623.23,2024,大连商品交易所最近合约收盘价,国内,豆油（大连期结）,2024-07-12,7623.23
07,11,元/吨,7579.24,2024,大连商品交易所最近合约收盘价,国内,豆油（大连期结）,2024-07-11,7579.24
07,10,元/吨,7579.24,2024,大连商品交易所最近合约收盘价,国内,豆油（大连期结）,2024-07-10,7579.24
07,09,元/吨,7579.24,2024,大连商品交易所最近合约收盘价,国内,豆油（大连期结）,2024-07-09,7579.24
07,08,元/吨,7579.24,2024,大连商品交易所最近合约收盘价,国内,豆油（大连期结）,2024-07-08,7579.24
07,05,元/吨,7661.23,2024,大连商品交易所最近合约收盘价,国内,豆油（大连期结）,2024-07-05,7661.23
07,04,元/吨,7661.23,2024,大连商品交易所最近合约收盘价,国内,豆油（大连期结）,2024-07-04,7661.23
07,03,元/吨,7661.23,2024,大连商品交易所最近合约收盘价,国内,豆油（大连期结）,2024-07-03,7661.23
07,02,元/吨,7661.23,2024,大连商品交易所最近合约收盘价,国内,豆油（大连期结）,2024-07-02,7661.23
07,01,元/吨,7661.23,2024,大连商品交易所最近合约收盘价,国内,豆油（大连期结）,2024-07-01,7661.23
06,28,元/吨,7609.23,2024,大连商品交易所最近合约收盘价,国内,豆油（大连期结）,2024-06-28,7609.23
06,27,元/吨,7577.24,2024,大连商品交易所最近合约收盘价,国内,豆油（大连期结）,2024-06-27,7577.24
06,26,元/吨,7581.24,2024,大连商品交易所最近合约收盘价,国内,豆油（大连期结）,2024-06-26,7581.24
06,25,元/吨,7627.23,2024,大连商品交易所最近合约收盘价,国内,豆油（大连期结）,2024-06-25,7627.23
06,24,元/吨,7717.22,2024,大连商品交易所最近合约收盘价,国内,豆油（大连期结）,2024-06-24,7717.22
06,21,元/吨,7757.22,2024,大连商品交易所最近合约收盘价,国内,豆油（大连期结）,2024-06-21,7757.22
06,20,元/吨,7787.22,2024,大连商品交易所最近合约收盘价,国内,豆油（大连期结）,2024-06-20,7787.22
06,19,元/吨,7773.22,2024,大连商品交易所最近合约收盘价,国内,豆油（大连期结）,2024-06-19,7773.22
06,18,元/吨,7737.22,2024,大连商品交易所最近合约收盘价,国内,豆油（大连期结）,2024-06-18,7737.22
06,17,元/吨,7697.23,2024,大连商品交易所最近合约收盘价,国内,豆油（大连期结）,2024-06-17,7697.23
06,14,元/吨,7799.22,2024,大连商品交易所最近合约收盘价,国内,豆油（大连期结）,2024-06-14,7799.22
06,13,元/吨,7837.21,2024,大连商品交易所最近合约收盘价,国内,豆油（大连期结）,2024-06-13,7837.21
06,12,元/吨,7803.21,2024,大连商品交易所最近合约收盘价,国内,豆油（大连期结）,2024-06-12,7803.21
06,11,元/吨,7823.21,2024,大连商品交易所最近合约收盘价,国内,豆油（大连期结）,2024-06-11,7823.21
06,10,元/吨,7853.21,2024,大连商品交易所最近合约收盘价,国内,豆油（大连期结）,2024-06-10,7853.21
06,07,元/吨,7885.21,2024,大连商品交易所最近合约收盘价,国内,豆油（大连期结）,2024-06-07,7885.21
06,06,元/吨,7763.22,2024,大连商品交易所最近合约收盘价,国内,豆油（大连期结）,2024-06-06,7763.22
06,05,元/吨,7719.22,2024,大连商品交易所最近合约收盘价,国内,豆油（大连期结）,2024-06-05,7719.22
06,04,元/吨,7739.22,2024,大连商品交易所最近合约收盘价,国内,豆油（大连期结）,2024-06-04,7739.22
06,03,元/吨,7831.21,2024,大连商品交易所最近合约收盘价,国内,豆油（大连期结）,2024-06-03,7831.21
05,31,元/吨,7951.20,2024,大连商品交易所最近合约收盘价,国内,豆油（大连期结）,2024-05-31,7951.2
05,30,元/吨,7971.20,2024,大连商品交易所最近合约收盘价,国内,豆油（大连期结）,2024-05-30,7971.2
05,29,元/吨,7997.20,2024,大连商品交易所最近合约收盘价,国内,豆油（大连期结）,2024-05-29,7997.2
05,28,元/吨,7951.20,2024,大连商品交易所最近合约收盘价,国内,豆油（大连期结）,2024-05-28,7951.2
05,27,元/吨,7857.21,2024,大连商品交易所最近合约收盘价,国内,豆油（大连期结）,2024-05-27,7857.21
05,24,元/吨,7923.20,2024,大连商品交易所最近合约收盘价,国内,豆油（大连期结）,2024-05-24,7923.2
05,23,元/吨,7941.20,2024,大连商品交易所最近合约收盘价,国内,豆油（大连期结）,2024-05-23,7941.2
05,22,元/吨,7941.20,2024,大连商品交易所最近合约收盘价,国内,豆油（大连期结）,2024-05-22,7941.2
05,21,元/吨,7939.20,2024,大连商品交易所最近合约收盘价,国内,豆油（大连期结）,2024-05-21,7939.2
05,20,元/吨,7861.21,2024,大连商品交易所最近合约收盘价,国内,豆油（大连期结）,2024-05-20,7861.21
05,17,元/吨,7675.23,2024,大连商品交易所最近合约收盘价,国内,豆油（大连期结）,2024-05-17,7675.23
05,16,元/吨,7687.23,2024,大连商品交易所最近合约收盘价,国内,豆油（大连期结）,2024-05-16,7687.23
05,15,元/吨,7573.24,2024,大连商品交易所最近合约收盘价,国内,豆油（大连期结）,2024-05-15,7573.24
05,14,元/吨,7517.24,2024,大连商品交易所最近合约收盘价,国内,豆油（大连期结）,2024-05-14,7517.24
05,13,元/吨,7517.24,2024,大连商品交易所最近合约收盘价,国内,豆油（大连期结）,2024-05-13,7517.24
05,10,元/吨,7517.24,2024,大连商品交易所最近合约收盘价,国内,豆油（大连期结）,2024-05-10,7517.24
05,09,元/吨,7729.22,2024,大连商品交易所最近合约收盘价,国内,豆油（大连期结）,2024-05-09,7729.22
05,08,元/吨,7741.22,2024,大连商品交易所最近合约收盘价,国内,豆油（大连期结）,2024-05-08,7741.22
05,07,元/吨,7687.23,2024,大连商品交易所最近合约收盘价,国内,豆油（大连期结）,2024-05-07,7687.23
05,06,元/吨,7595.24,2024,大连商品交易所最近合约收盘价,国内,豆油（大连期结）,2024-05-06,7595.24
05,03,元/吨,7595.24,2024,大连商品交易所最近合约收盘价,国内,豆油（大连期结）,2024-05-03,7595.24
05,02,元/吨,7595.24,2024,大连商品交易所最近合约收盘价,国内,豆油（大连期结）,2024-05-02,7595.24
05,01,元/吨,7595.24,2024,大连商品交易所最近合约收盘价,国内,豆油（大连期结）,2024-05-01,7595.24
04,30,元/吨,7609.23,2024,大连商品交易所最近合约收盘价,国内,豆油（大连期结）,2024-04-30,7609.23
04,29,元/吨,7617.23,2024,大连商品交易所最近合约收盘价,国内,豆油（大连期结）,2024-04-29,7617.23
04,26,元/吨,7557.24,2024,大连商品交易所最近合约收盘价,国内,豆油（大连期结）,2024-04-26,7557.24
04,25,元/吨,7599.24,2024,大连商品交易所最近合约收盘价,国内,豆油（大连期结）,2024-04-25,7599.24
04,24,元/吨,7639.23,2024,大连商品交易所最近合约收盘价,国内,豆油（大连期结）,2024-04-24,7639.23
04,23,元/吨,7575.24,2024,大连商品交易所最近合约收盘价,国内,豆油（大连期结）,2024-04-23,7575.24
04,22,元/吨,7449.25,2024,大连商品交易所最近合约收盘价,国内,豆油（大连期结）,2024-04-22,7449.25
04,19,元/吨,7459.25,2024,大连商品交易所最近合约收盘价,国内,豆油（大连期结）,2024-04-19,7459.25
04,18,元/吨,7483.25,2024,大连商品交易所最近合约收盘价,国内,豆油（大连期结）,2024-04-18,7483.25
04,17,元/吨,7519.24,2024,大连商品交易所最近合约收盘价,国内,豆油（大连期结）,2024-04-17,7519.24
04,16,元/吨,7611.23,2024,大连商品交易所最近合约收盘价,国内,豆油（大连期结）,2024-04-16,7611.23
04,15,元/吨,7687.23,2024,大连商品交易所最近合约收盘价,国内,豆油（大连期结）,2024-04-15,7687.23
04,12,元/吨,7623.23,2024,大连商品交易所最近合约收盘价,国内,豆油（大连期结）,2024-04-12,7623.23
04,11,元/吨,7689.23,2024,大连商品交易所最近合约收盘价,国内,豆油（大连期结）,2024-04-11,7689.23
04,10,元/吨,7665.23,2024,大连商品交易所最近合约收盘价,国内,豆油（大连期结）,2024-04-10,7665.23
04,09,元/吨,7709.22,2024,大连商品交易所最近合约收盘价,国内,豆油（大连期结）,2024-04-09,7709.22
04,08,元/吨,7809.21,2024,大连商品交易所最近合约收盘价,国内,豆油（大连期结）,2024-04-08,7809.21
04,03,元/吨,7883.21,2024,大连商品交易所最近合约收盘价,国内,豆油（大连期结）,2024-04-03,7883.21
04,02,元/吨,7821.21,2024,大连商品交易所最近合约收盘价,国内,豆油（大连期结）,2024-04-02,7821.21
04,01,元/吨,7777.22,2024,大连商品交易所最近合约收盘价,国内,豆油（大连期结）,2024-04-01,7777.22
03,29,元/吨,7709.22,2024,大连商品交易所最近合约收盘价,国内,豆油（大连期结）,2024-03-29,7709.22
03,28,元/吨,7665.23,2024,大连商品交易所最近合约收盘价,国内,豆油（大连期结）,2024-03-28,7665.23
03,27,元/吨,7727.22,2024,大连商品交易所最近合约收盘价,国内,豆油（大连期结）,2024-03-27,7727.22
03,26,元/吨,7851.21,2024,大连商品交易所最近合约收盘价,国内,豆油（大连期结）,2024-03-26,7851.21
03,25,元/吨,7825.21,2024,大连商品交易所最近合约收盘价,国内,豆油（大连期结）,2024-03-25,7825.21
03,22,元/吨,7903.20,2024,大连商品交易所最近合约收盘价,国内,豆油（大连期结）,2024-03-22,7903.2
03,21,元/吨,7949.20,2024,大连商品交易所最近合约收盘价,国内,豆油（大连期结）,2024-03-21,7949.2
03,20,元/吨,7821.21,2024,大连商品交易所最近合约收盘价,国内,豆油（大连期结）,2024-03-20,7821.21
03,19,元/吨,7833.21,2024,大连商品交易所最近合约收盘价,国内,豆油（大连期结）,2024-03-19,7833.21
03,18,元/吨,7859.21,2024,大连商品交易所最近合约收盘价,国内,豆油（大连期结）,2024-03-18,7859.21
03,15,元/吨,7805.21,2024,大连商品交易所最近合约收盘价,国内,豆油（大连期结）,2024-03-15,7805.21
03,14,元/吨,7523.24,2024,大连商品交易所最近合约收盘价,国内,豆油（大连期结）,2024-03-14,7523.24
03,13,元/吨,7325.26,2024,大连商品交易所最近合约收盘价,国内,豆油（大连期结）,2024-03-13,7325.26
03,12,元/吨,7325.26,2024,大连商品交易所最近合约收盘价,国内,豆油（大连期结）,2024-03-12,7325.26
03,11,元/吨,7501.24,2024,大连商品交易所最近合约收盘价,国内,豆油（大连期结）,2024-03-11,7501.24
03,08,元/吨,7501.24,2024,大连商品交易所最近合约收盘价,国内,豆油（大连期结）,2024-03-08,7501.24
03,07,元/吨,7501.24,2024,大连商品交易所最近合约收盘价,国内,豆油（大连期结）,2024-03-07,7501.24
03,06,元/吨,7501.24,2024,大连商品交易所最近合约收盘价,国内,豆油（大连期结）,2024-03-06,7501.24
03,05,元/吨,7501.24,2024,大连商品交易所最近合约收盘价,国内,豆油（大连期结）,2024-03-05,7501.24
03,04,元/吨,7501.24,2024,大连商品交易所最近合约收盘价,国内,豆油（大连期结）,2024-03-04,7501.24
03,01,元/吨,7531.24,2024,大连商品交易所最近合约收盘价,国内,豆油（大连期结）,2024-03-01,7531.24
02,29,元/吨,7413.25,2024,大连商品交易所最近合约收盘价,国内,豆油（大连期结）,2024-02-29,7413.25
02,28,元/吨,7427.25,2024,大连商品交易所最近合约收盘价,国内,豆油（大连期结）,2024-02-28,7427.25
02,27,元/吨,7399.26,2024,大连商品交易所最近合约收盘价,国内,豆油（大连期结）,2024-02-27,7399.26
02,26,元/吨,7361.26,2024,大连商品交易所最近合约收盘价,国内,豆油（大连期结）,2024-02-26,7361.26
02,23,元/吨,7397.26,2024,大连商品交易所最近合约收盘价,国内,豆油（大连期结）,2024-02-23,7397.26
02,22,元/吨,7389.26,2024,大连商品交易所最近合约收盘价,国内,豆油（大连期结）,2024-02-22,7389.26
02,21,元/吨,7383.26,2024,大连商品交易所最近合约收盘价,国内,豆油（大连期结）,2024-02-21,7383.26
02,20,元/吨,7423.25,2024,大连商品交易所最近合约收盘价,国内,豆油（大连期结）,2024-02-20,7423.25
02,19,元/吨,7335.26,2024,大连商品交易所最近合约收盘价,国内,豆油（大连期结）,2024-02-19,7335.26
02,09,元/吨,7271.27,2024,大连商品交易所最近合约收盘价,国内,豆油（大连期结）,2024-02-09,7271.27
02,08,元/吨,7271.27,2024,大连商品交易所最近合约收盘价,国内,豆油（大连期结）,2024-02-08,7271.27
02,07,元/吨,7263.27,2024,大连商品交易所最近合约收盘价,国内,豆油（大连期结）,2024-02-07,7263.27
02,06,元/吨,7255.27,2024,大连商品交易所最近合约收盘价,国内,豆油（大连期结）,2024-02-06,7255.27
02,05,元/吨,7231.27,2024,大连商品交易所最近合约收盘价,国内,豆油（大连期结）,2024-02-05,7231.27
02,02,元/吨,7273.27,2024,大连商品交易所最近合约收盘价,国内,豆油（大连期结）,2024-02-02,7273.27
02,01,元/吨,7311.26,2024,大连商品交易所最近合约收盘价,国内,豆油（大连期结）,2024-02-01,7311.26
01,31,元/吨,7307.26,2024,大连商品交易所最近合约收盘价,国内,豆油（大连期结）,2024-01-31,7307.26
01,30,元/吨,7385.26,2024,大连商品交易所最近合约收盘价,国内,豆油（大连期结）,2024-01-30,7385.26
01,29,元/吨,7619.23,2024,大连商品交易所最近合约收盘价,国内,豆油（大连期结）,2024-01-29,7619.23
01,26,元/吨,7737.22,2024,大连商品交易所最近合约收盘价,国内,豆油（大连期结）,2024-01-26,7737.22
01,25,元/吨,7867.21,2024,大连商品交易所最近合约收盘价,国内,豆油（大连期结）,2024-01-25,7867.21
01,24,元/吨,7893.21,2024,大连商品交易所最近合约收盘价,国内,豆油（大连期结）,2024-01-24,7893.21
01,23,元/吨,7835.21,2024,大连商品交易所最近合约收盘价,国内,豆油（大连期结）,2024-01-23,7835.21
01,22,元/吨,7861.21,2024,大连商品交易所最近合约收盘价,国内,豆油（大连期结）,2024-01-22,7861.21
01,19,元/吨,7805.21,2024,大连商品交易所最近合约收盘价,国内,豆油（大连期结）,2024-01-19,7805.21
01,18,元/吨,7699.23,2024,大连商品交易所最近合约收盘价,国内,豆油（大连期结）,2024-01-18,7699.23
01,17,元/吨,7745.22,2024,大连商品交易所最近合约收盘价,国内,豆油（大连期结）,2024-01-17,7745.22
01,16,元/吨,7749.22,2024,大连商品交易所最近合约收盘价,国内,豆油（大连期结）,2024-01-16,7749.22
01,15,元/吨,7795.22,2024,大连商品交易所最近合约收盘价,国内,豆油（大连期结）,2024-01-15,7795.22
01,12,元/吨,7795.22,2024,大连商品交易所最近合约收盘价,国内,豆油（大连期结）,2024-01-12,7795.22
01,11,元/吨,7795.22,2024,大连商品交易所最近合约收盘价,国内,豆油（大连期结）,2024-01-11,7795.22
01,10,元/吨,7795.22,2024,大连商品交易所最近合约收盘价,国内,豆油（大连期结）,2024-01-10,7795.22
01,09,元/吨,7795.22,2024,大连商品交易所最近合约收盘价,国内,豆油（大连期结）,2024-01-09,7795.22
01,08,元/吨,7795.22,2024,大连商品交易所最近合约收盘价,国内,豆油（大连期结）,2024-01-08,7795.22
01,05,元/吨,7863.21,2024,大连商品交易所最近合约收盘价,国内,豆油（大连期结）,2024-01-05,7863.21
01,04,元/吨,7739.22,2024,大连商品交易所最近合约收盘价,国内,豆油（大连期结）,2024-01-04,7739.22
01,03,元/吨,7739.22,2024,大连商品交易所最近合约收盘价,国内,豆油（大连期结）,2024-01-03,7739.22
01,02,元/吨,7735.22,2024,大连商品交易所最近合约收盘价,国内,豆油（大连期结）,2024-01-02,7735.22
01,01,元/吨,7899.21,2024,大连商品交易所最近合约收盘价,国内,豆油（大连期结）,2024-01-01,7899.21
12,29,元/吨,7879.21,2023,大连商品交易所最近合约收盘价,国内,豆油（大连期结）,2023-12-29,7879.21
12,28,元/吨,7955.20,2023,大连商品交易所最近合约收盘价,国内,豆油（大连期结）,2023-12-28,7955.2
12,27,元/吨,7963.20,2023,大连商品交易所最近合约收盘价,国内,豆油（大连期结）,2023-12-27,7963.2
12,26,元/吨,7923.20,2023,大连商品交易所最近合约收盘价,国内,豆油（大连期结）,2023-12-26,7923.2
12,25,元/吨,7887.21,2023,大连商品交易所最近合约收盘价,国内,豆油（大连期结）,2023-12-25,7887.21
12,22,元/吨,7887.21,2023,大连商品交易所最近合约收盘价,国内,豆油（大连期结）,2023-12-22,7887.21
12,21,元/吨,7963.20,2023,大连商品交易所最近合约收盘价,国内,豆油（大连期结）,2023-12-21,7963.2
12,20,元/吨,7971.20,2023,大连商品交易所最近合约收盘价,国内,豆油（大连期结）,2023-12-20,7971.2
12,19,元/吨,7993.20,2023,大连商品交易所最近合约收盘价,国内,豆油（大连期结）,2023-12-19,7993.2
12,18,元/吨,7961.20,2023,大连商品交易所最近合约收盘价,国内,豆油（大连期结）,2023-12-18,7961.2
12,15,元/吨,7989.20,2023,大连商品交易所最近合约收盘价,国内,豆油（大连期结）,2023-12-15,7989.2
12,14,元/吨,8203.17,2023,大连商品交易所最近合约收盘价,国内,豆油（大连期结）,2023-12-14,8203.17
12,13,元/吨,8099.19,2023,大连商品交易所最近合约收盘价,国内,豆油（大连期结）,2023-12-13,8099.19
12,12,元/吨,8099.19,2023,大连商品交易所最近合约收盘价,国内,豆油（大连期结）,2023-12-12,8099.19
12,11,元/吨,8099.19,2023,大连商品交易所最近合约收盘价,国内,豆油（大连期结）,2023-12-11,8099.19
12,08,元/吨,8099.19,2023,大连商品交易所最近合约收盘价,国内,豆油（大连期结）,2023-12-08,8099.19
12,07,元/吨,8099.19,2023,大连商品交易所最近合约收盘价,国内,豆油（大连期结）,2023-12-07,8099.19
12,06,元/吨,8189.18,2023,大连商品交易所最近合约收盘价,国内,豆油（大连期结）,2023-12-06,8189.18
12,05,元/吨,8189.18,2023,大连商品交易所最近合约收盘价,国内,豆油（大连期结）,2023-12-05,8189.18
12,04,元/吨,8237.17,2023,大连商品交易所最近合约收盘价,国内,豆油（大连期结）,2023-12-04,8237.17
12,01,元/吨,8221.17,2023,大连商品交易所最近合约收盘价,国内,豆油（大连期结）,2023-12-01,8221.17
11,30,元/吨,8215.17,2023,大连商品交易所最近合约收盘价,国内,豆油（大连期结）,2023-11-30,8215.17
11,29,元/吨,8271.17,2023,大连商品交易所最近合约收盘价,国内,豆油（大连期结）,2023-11-29,8271.17
11,28,元/吨,8239.17,2023,大连商品交易所最近合约收盘价,国内,豆油（大连期结）,2023-11-28,8239.17
11,27,元/吨,8215.17,2023,大连商品交易所最近合约收盘价,国内,豆油（大连期结）,2023-11-27,8215.17
11,24,元/吨,8213.17,2023,大连商品交易所最近合约收盘价,国内,豆油（大连期结）,2023-11-24,8213.17
11,23,元/吨,8311.16,2023,大连商品交易所最近合约收盘价,国内,豆油（大连期结）,2023-11-23,8311.16
11,22,元/吨,8377.16,2023,大连商品交易所最近合约收盘价,国内,豆油（大连期结）,2023-11-22,8377.16
11,21,元/吨,8385.16,2023,大连商品交易所最近合约收盘价,国内,豆油（大连期结）,2023-11-21,8385.16
11,20,元/吨,8351.16,2023,大连商品交易所最近合约收盘价,国内,豆油（大连期结）,2023-11-20,8351.16
11,17,元/吨,8441.15,2023,大连商品交易所最近合约收盘价,国内,豆油（大连期结）,2023-11-17,8441.15
11,16,元/吨,8481.15,2023,大连商品交易所最近合约收盘价,国内,豆油（大连期结）,2023-11-16,8481.15
11,15,元/吨,8455.15,2023,大连商品交易所最近合约收盘价,国内,豆油（大连期结）,2023-11-15,8455.15
11,14,元/吨,8239.17,2023,大连商品交易所最近合约收盘价,国内,豆油（大连期结）,2023-11-14,8239.17
11,13,元/吨,8357.16,2023,大连商品交易所最近合约收盘价,国内,豆油（大连期结）,2023-11-13,8357.16
11,10,元/吨,8357.16,2023,大连商品交易所最近合约收盘价,国内,豆油（大连期结）,2023-11-10,8357.16
11,09,元/吨,8357.16,2023,大连商品交易所最近合约收盘价,国内,豆油（大连期结）,2023-11-09,8357.16
11,08,元/吨,8255.17,2023,大连商品交易所最近合约收盘价,国内,豆油（大连期结）,2023-11-08,8255.17
11,07,元/吨,8255.17,2023,大连商品交易所最近合约收盘价,国内,豆油（大连期结）,2023-11-07,8255.17
11,06,元/吨,8255.17,2023,大连商品交易所最近合约收盘价,国内,豆油（大连期结）,2023-11-06,8255.17
11,03,元/吨,8247.17,2023,大连商品交易所最近合约收盘价,国内,豆油（大连期结）,2023-11-03,8247.17
11,02,元/吨,8171.18,2023,大连商品交易所最近合约收盘价,国内,豆油（大连期结）,2023-11-02,8171.18
11,01,元/吨,8111.18,2023,大连商品交易所最近合约收盘价,国内,豆油（大连期结）,2023-11-01,8111.18
10,31,元/吨,8137.18,2023,大连商品交易所最近合约收盘价,国内,豆油（大连期结）,2023-10-31,8137.18
10,30,元/吨,8151.18,2023,大连商品交易所最近合约收盘价,国内,豆油（大连期结）,2023-10-30,8151.18
10,27,元/吨,8089.19,2023,大连商品交易所最近合约收盘价,国内,豆油（大连期结）,2023-10-27,8089.19
10,26,元/吨,7975.20,2023,大连商品交易所最近合约收盘价,国内,豆油（大连期结）,2023-10-26,7975.2
10,25,元/吨,7923.20,2023,大连商品交易所最近合约收盘价,国内,豆油（大连期结）,2023-10-25,7923.2
10,24,元/吨,8003.19,2023,大连商品交易所最近合约收盘价,国内,豆油（大连期结）,2023-10-24,8003.19
10,23,元/吨,8113.18,2023,大连商品交易所最近合约收盘价,国内,豆油（大连期结）,2023-10-23,8113.18
10,20,元/吨,8141.18,2023,大连商品交易所最近合约收盘价,国内,豆油（大连期结）,2023-10-20,8141.18
10,19,元/吨,8219.17,2023,大连商品交易所最近合约收盘价,国内,豆油（大连期结）,2023-10-19,8219.17
10,18,元/吨,8257.17,2023,大连商品交易所最近合约收盘价,国内,豆油（大连期结）,2023-10-18,8257.17
10,17,元/吨,8199.18,2023,大连商品交易所最近合约收盘价,国内,豆油（大连期结）,2023-10-17,8199.18
10,16,元/吨,8173.18,2023,大连商品交易所最近合约收盘价,国内,豆油（大连期结）,2023-10-16,8173.18
10,13,元/吨,8099.19,2023,大连商品交易所最近合约收盘价,国内,豆油（大连期结）,2023-10-13,8099.19
10,12,元/吨,7953.20,2023,大连商品交易所最近合约收盘价,国内,豆油（大连期结）,2023-10-12,7953.2
10,11,元/吨,7909.20,2023,大连商品交易所最近合约收盘价,国内,豆油（大连期结）,2023-10-11,7909.2
10,10,元/吨,7943.20,2023,大连商品交易所最近合约收盘价,国内,豆油（大连期结）,2023-10-10,7943.2
10,09,元/吨,8067.19,2023,大连商品交易所最近合约收盘价,国内,豆油（大连期结）,2023-10-09,8067.19
10,06,元/吨,8063.19,2023,大连商品交易所最近合约收盘价,国内,豆油（大连期结）,2023-10-06,8063.19
09,29,元/吨,8253.17,2023,大连商品交易所最近合约收盘价,国内,豆油（大连期结）,2023-09-29,8253.17
09,28,元/吨,8253.17,2023,大连商品交易所最近合约收盘价,国内,豆油（大连期结）,2023-09-28,8253.17
09,27,元/吨,8147.18,2023,大连商品交易所最近合约收盘价,国内,豆油（大连期结）,2023-09-27,8147.18
09,26,元/吨,8121.18,2023,大连商品交易所最近合约收盘价,国内,豆油（大连期结）,2023-09-26,8121.18
09,25,元/吨,8125.18,2023,大连商品交易所最近合约收盘价,国内,豆油（大连期结）,2023-09-25,8125.18
09,22,元/吨,8053.19,2023,大连商品交易所最近合约收盘价,国内,豆油（大连期结）,2023-09-22,8053.19
09,21,元/吨,8141.18,2023,大连商品交易所最近合约收盘价,国内,豆油（大连期结）,2023-09-21,8141.18
09,20,元/吨,8287.17,2023,大连商品交易所最近合约收盘价,国内,豆油（大连期结）,2023-09-20,8287.17
09,19,元/吨,8319.16,2023,大连商品交易所最近合约收盘价,国内,豆油（大连期结）,2023-09-19,8319.16
09,18,元/吨,8419.15,2023,大连商品交易所最近合约收盘价,国内,豆油（大连期结）,2023-09-18,8419.15
09,15,元/吨,8535.14,2023,大连商品交易所最近合约收盘价,国内,豆油（大连期结）,2023-09-15,8535.14
09,14,元/吨,8731.12,2023,大连商品交易所最近合约收盘价,国内,豆油（大连期结）,2023-09-14,8731.12
09,13,元/吨,8563.14,2023,大连商品交易所最近合约收盘价,国内,豆油（大连期结）,2023-09-13,8563.14
09,12,元/吨,8563.14,2023,大连商品交易所最近合约收盘价,国内,豆油（大连期结）,2023-09-12,8563.14
09,11,元/吨,8619.13,2023,大连商品交易所最近合约收盘价,国内,豆油（大连期结）,2023-09-11,8619.13
09,08,元/吨,8619.13,2023,大连商品交易所最近合约收盘价,国内,豆油（大连期结）,2023-09-08,8619.13
09,07,元/吨,8677.13,2023,大连商品交易所最近合约收盘价,国内,豆油（大连期结）,2023-09-07,8677.13
09,06,元/吨,8671.13,2023,大连商品交易所最近合约收盘价,国内,豆油（大连期结）,2023-09-06,8671.13
09,05,元/吨,8605.13,2023,大连商品交易所最近合约收盘价,国内,豆油（大连期结）,2023-09-05,8605.13
09,04,元/吨,8739.12,2023,大连商品交易所最近合约收盘价,国内,豆油（大连期结）,2023-09-04,8739.12
09,01,元/吨,8727.12,2023,大连商品交易所最近合约收盘价,国内,豆油（大连期结）,2023-09-01,8727.12
08,31,元/吨,8757.12,2023,大连商品交易所最近合约收盘价,国内,豆油（大连期结）,2023-08-31,8757.12
08,30,元/吨,8747.12,2023,大连商品交易所最近合约收盘价,国内,豆油（大连期结）,2023-08-30,8747.12
08,29,元/吨,8793.12,2023,大连商品交易所最近合约收盘价,国内,豆油（大连期结）,2023-08-29,8793.12
08,28,元/吨,8901.10,2023,大连商品交易所最近合约收盘价,国内,豆油（大连期结）,2023-08-28,8901.1
08,25,元/吨,8735.12,2023,大连商品交易所最近合约收盘价,国内,豆油（大连期结）,2023-08-25,8735.12
08,24,元/吨,8559.14,2023,大连商品交易所最近合约收盘价,国内,豆油（大连期结）,2023-08-24,8559.14
08,23,元/吨,8437.15,2023,大连商品交易所最近合约收盘价,国内,豆油（大连期结）,2023-08-23,8437.15
08,22,元/吨,8465.15,2023,大连商品交易所最近合约收盘价,国内,豆油（大连期结）,2023-08-22,8465.15
08,21,元/吨,8485.15,2023,大连商品交易所最近合约收盘价,国内,豆油（大连期结）,2023-08-21,8485.15
08,18,元/吨,8437.15,2023,大连商品交易所最近合约收盘价,国内,豆油（大连期结）,2023-08-18,8437.15
08,17,元/吨,8363.16,2023,大连商品交易所最近合约收盘价,国内,豆油（大连期结）,2023-08-17,8363.16
08,16,元/吨,8351.16,2023,大连商品交易所最近合约收盘价,国内,豆油（大连期结）,2023-08-16,8351.16
08,15,元/吨,8301.16,2023,大连商品交易所最近合约收盘价,国内,豆油（大连期结）,2023-08-15,8301.16
08,14,元/吨,8003.19,2023,大连商品交易所最近合约收盘价,国内,豆油（大连期结）,2023-08-14,8003.19
08,11,元/吨,8139.18,2023,大连商品交易所最近合约收盘价,国内,豆油（大连期结）,2023-08-11,8139.18
08,10,元/吨,7985.20,2023,大连商品交易所最近合约收盘价,国内,豆油（大连期结）,2023-08-10,7985.2
08,09,元/吨,7985.20,2023,大连商品交易所最近合约收盘价,国内,豆油（大连期结）,2023-08-09,7985.2
08,08,元/吨,7985.20,2023,大连商品交易所最近合约收盘价,国内,豆油（大连期结）,2023-08-08,7985.2
08,07,元/吨,8181.18,2023,大连商品交易所最近合约收盘价,国内,豆油（大连期结）,2023-08-07,8181.18
08,04,元/吨,8181.18,2023,大连商品交易所最近合约收盘价,国内,豆油（大连期结）,2023-08-04,8181.18
08,03,元/吨,7977.20,2023,大连商品交易所最近合约收盘价,国内,豆油（大连期结）,2023-08-03,7977.2
08,02,元/吨,7975.20,2023,大连商品交易所最近合约收盘价,国内,豆油（大连期结）,2023-08-02,7975.2
08,01,元/吨,8043.19,2023,大连商品交易所最近合约收盘价,国内,豆油（大连期结）,2023-08-01,8043.19
07,31,元/吨,8075.19,2023,大连商品交易所最近合约收盘价,国内,豆油（大连期结）,2023-07-31,8075.19
07,28,元/吨,8145.18,2023,大连商品交易所最近合约收盘价,国内,豆油（大连期结）,2023-07-28,8145.18
07,27,元/吨,8175.18,2023,大连商品交易所最近合约收盘价,国内,豆油（大连期结）,2023-07-27,8175.18
07,26,元/吨,8131.18,2023,大连商品交易所最近合约收盘价,国内,豆油（大连期结）,2023-07-26,8131.18
07,25,元/吨,8081.19,2023,大连商品交易所最近合约收盘价,国内,豆油（大连期结）,2023-07-25,8081.19
07,24,元/吨,7985.20,2023,大连商品交易所最近合约收盘价,国内,豆油（大连期结）,2023-07-24,7985.2
07,21,元/吨,8187.18,2023,大连商品交易所最近合约收盘价,国内,豆油（大连期结）,2023-07-21,8187.18
07,20,元/吨,8227.17,2023,大连商品交易所最近合约收盘价,国内,豆油（大连期结）,2023-07-20,8227.17
07,19,元/吨,8067.19,2023,大连商品交易所最近合约收盘价,国内,豆油（大连期结）,2023-07-19,8067.19
07,18,元/吨,8031.19,2023,大连商品交易所最近合约收盘价,国内,豆油（大连期结）,2023-07-18,8031.19
07,17,元/吨,8049.19,2023,大连商品交易所最近合约收盘价,国内,豆油（大连期结）,2023-07-17,8049.19
07,14,元/吨,7999.2,2023,大连商品交易所最近合约收盘价,国内,豆油（大连期结）,2023-07-14,7999.2
07,13,元/吨,8035.19,2023,大连商品交易所最近合约收盘价,国内,豆油（大连期结）,2023-07-13,8035.19
07,12,元/吨,8035.19,2023,大连商品交易所最近合约收盘价,国内,豆油（大连期结）,2023-07-12,8035.19
07,11,元/吨,8035.19,2023,大连商品交易所最近合约收盘价,国内,豆油（大连期结）,2023-07-11,8035.19
07,10,元/吨,8035.19,2023,大连商品交易所最近合约收盘价,国内,豆油（大连期结）,2023-07-10,8035.19
07,07,元/吨,8035.19,2023,大连商品交易所最近合约收盘价,国内,豆油（大连期结）,2023-07-07,8035.19
07,06,元/吨,8101.18,2023,大连商品交易所最近合约收盘价,国内,豆油（大连期结）,2023-07-06,8101.18
07,05,元/吨,8101.18,2023,大连商品交易所最近合约收盘价,国内,豆油（大连期结）,2023-07-05,8101.18
07,04,元/吨,7931.20,2023,大连商品交易所最近合约收盘价,国内,豆油（大连期结）,2023-07-04,7931.2
07,03,元/吨,7931.20,2023,大连商品交易所最近合约收盘价,国内,豆油（大连期结）,2023-07-03,7931.2
06,30,元/吨,7703.22,2023,大连商品交易所最近合约收盘价,国内,豆油（大连期结）,2023-06-30,7703.22
06,29,元/吨,7665.23,2023,大连商品交易所最近合约收盘价,国内,豆油（大连期结）,2023-06-29,7665.23
06,28,元/吨,7643.23,2023,大连商品交易所最近合约收盘价,国内,豆油（大连期结）,2023-06-28,7643.23
06,27,元/吨,7697.23,2023,大连商品交易所最近合约收盘价,国内,豆油（大连期结）,2023-06-27,7697.23
06,26,元/吨,7681.23,2023,大连商品交易所最近合约收盘价,国内,豆油（大连期结）,2023-06-26,7681.23
06,23,元/吨,7801.21,2023,大连商品交易所最近合约收盘价,国内,豆油（大连期结）,2023-06-23,7801.21
06,22,元/吨,7721.22,2023,大连商品交易所最近合约收盘价,国内,豆油（大连期结）,2023-06-22,7721.22
06,21,元/吨,7721.22,2023,大连商品交易所最近合约收盘价,国内,豆油（大连期结）,2023-06-21,7721.22
06,20,元/吨,7801.21,2023,大连商品交易所最近合约收盘价,国内,豆油（大连期结）,2023-06-20,7801.21
06,19,元/吨,7797.22,2023,大连商品交易所最近合约收盘价,国内,豆油（大连期结）,2023-06-19,7797.22
06,16,元/吨,7619.23,2023,大连商品交易所最近合约收盘价,国内,豆油（大连期结）,2023-06-16,7619.23
06,15,元/吨,7401.25,2023,大连商品交易所最近合约收盘价,国内,豆油（大连期结）,2023-06-15,7401.25
06,14,元/吨,7389.26,2023,大连商品交易所最近合约收盘价,国内,豆油（大连期结）,2023-06-14,7389.26
06,13,元/吨,7279.27,2023,大连商品交易所最近合约收盘价,国内,豆油（大连期结）,2023-06-13,7279.27
06,12,元/吨,7295.27,2023,大连商品交易所最近合约收盘价,国内,豆油（大连期结）,2023-06-12,7295.27
06,09,元/吨,7167.28,2023,大连商品交易所最近合约收盘价,国内,豆油（大连期结）,2023-06-09,7167.28
06,08,元/吨,7079.29,2023,大连商品交易所最近合约收盘价,国内,豆油（大连期结）,2023-06-08,7079.29
06,07,元/吨,7119.28,2023,大连商品交易所最近合约收盘价,国内,豆油（大连期结）,2023-06-07,7119.28
06,06,元/吨,7119.28,2023,大连商品交易所最近合约收盘价,国内,豆油（大连期结）,2023-06-06,7119.28
06,05,元/吨,7119.28,2023,大连商品交易所最近合约收盘价,国内,豆油（大连期结）,2023-06-05,7119.28
06,02,元/吨,7039.29,2023,大连商品交易所最近合约收盘价,国内,豆油（大连期结）,2023-06-02,7039.29
06,01,元/吨,6921.30,2023,大连商品交易所最近合约收盘价,国内,豆油（大连期结）,2023-06-01,6921.3
05,31,元/吨,6959.30,2023,大连商品交易所最近合约收盘价,国内,豆油（大连期结）,2023-05-31,6959.3
05,30,元/吨,7167.28,2023,大连商品交易所最近合约收盘价,国内,豆油（大连期结）,2023-05-30,7167.28
05,29,元/吨,7295.27,2023,大连商品交易所最近合约收盘价,国内,豆油（大连期结）,2023-05-29,7295.27
05,26,元/吨,7281.27,2023,大连商品交易所最近合约收盘价,国内,豆油（大连期结）,2023-05-26,7281.27
05,25,元/吨,7139.28,2023,大连商品交易所最近合约收盘价,国内,豆油（大连期结）,2023-05-25,7139.28
05,24,元/吨,7177.28,2023,大连商品交易所最近合约收盘价,国内,豆油（大连期结）,2023-05-24,7177.28
05,23,元/吨,7187.28,2023,大连商品交易所最近合约收盘价,国内,豆油（大连期结）,2023-05-23,7187.28
05,22,元/吨,7229.27,2023,大连商品交易所最近合约收盘价,国内,豆油（大连期结）,2023-05-22,7229.27
05,19,元/吨,7269.27,2023,大连商品交易所最近合约收盘价,国内,豆油（大连期结）,2023-05-19,7269.27
05,18,元/吨,7269.27,2023,大连商品交易所最近合约收盘价,国内,豆油（大连期结）,2023-05-18,7269.27
05,17,元/吨,8001.19,2023,大连商品交易所最近合约收盘价,国内,豆油（大连期结）,2023-05-17,8001.19
05,16,元/吨,7889.21,2023,大连商品交易所最近合约收盘价,国内,豆油（大连期结）,2023-05-16,7889.21
05,15,元/吨,7889.21,2023,大连商品交易所最近合约收盘价,国内,豆油（大连期结）,2023-05-15,7889.21
05,12,元/吨,7889.21,2023,大连商品交易所最近合约收盘价,国内,豆油（大连期结）,2023-05-12,7889.21
05,11,元/吨,7717.22,2023,大连商品交易所最近合约收盘价,国内,豆油（大连期结）,2023-05-11,7717.22
05,10,元/吨,7999.2,2023,大连商品交易所最近合约收盘价,国内,豆油（大连期结）,2023-05-10,7999.2
05,09,元/吨,7999.2,2023,大连商品交易所最近合约收盘价,国内,豆油（大连期结）,2023-05-09,7999.2
05,08,元/吨,8043.19,2023,大连商品交易所最近合约收盘价,国内,豆油（大连期结）,2023-05-08,8043.19
05,05,元/吨,8005.19,2023,大连商品交易所最近合约收盘价,国内,豆油（大连期结）,2023-05-05,8005.19
05,04,元/吨,8007.19,2023,大连商品交易所最近合约收盘价,国内,豆油（大连期结）,2023-05-04,8007.19
05,03,元/吨,7799.22,2023,大连商品交易所最近合约收盘价,国内,豆油（大连期结）,2023-05-03,7799.22
04,28,元/吨,7783.22,2023,大连商品交易所最近合约收盘价,国内,豆油（大连期结）,2023-04-28,7783.22
04,27,元/吨,7911.20,2023,大连商品交易所最近合约收盘价,国内,豆油（大连期结）,2023-04-27,7911.2
04,26,元/吨,7801.21,2023,大连商品交易所最近合约收盘价,国内,豆油（大连期结）,2023-04-26,7801.21
04,25,元/吨,7799.22,2023,大连商品交易所最近合约收盘价,国内,豆油（大连期结）,2023-04-25,7799.22
04,24,元/吨,7857.21,2023,大连商品交易所最近合约收盘价,国内,豆油（大连期结）,2023-04-24,7857.21
04,21,元/吨,7979.20,2023,大连商品交易所最近合约收盘价,国内,豆油（大连期结）,2023-04-21,7979.2
04,20,元/吨,8079.19,2023,大连商品交易所最近合约收盘价,国内,豆油（大连期结）,2023-04-20,8079.19
04,19,元/吨,8197.18,2023,大连商品交易所最近合约收盘价,国内,豆油（大连期结）,2023-04-19,8197.18
04,18,元/吨,8137.18,2023,大连商品交易所最近合约收盘价,国内,豆油（大连期结）,2023-04-18,8137.18
04,17,元/吨,8065.19,2023,大连商品交易所最近合约收盘价,国内,豆油（大连期结）,2023-04-17,8065.19
04,14,元/吨,8193.18,2023,大连商品交易所最近合约收盘价,国内,豆油（大连期结）,2023-04-14,8193.18
04,13,元/吨,8173.18,2023,大连商品交易所最近合约收盘价,国内,豆油（大连期结）,2023-04-13,8173.18
04,12,元/吨,8245.17,2023,大连商品交易所最近合约收盘价,国内,豆油（大连期结）,2023-04-12,8245.17
04,11,元/吨,8199.18,2023,大连商品交易所最近合约收盘价,国内,豆油（大连期结）,2023-04-11,8199.18
04,10,元/吨,8199.18,2023,大连商品交易所最近合约收盘价,国内,豆油（大连期结）,2023-04-10,8199.18
04,07,元/吨,8285.17,2023,大连商品交易所最近合约收盘价,国内,豆油（大连期结）,2023-04-07,8285.17
04,06,元/吨,8357.16,2023,大连商品交易所最近合约收盘价,国内,豆油（大连期结）,2023-04-06,8357.16
04,05,元/吨,8353.16,2023,大连商品交易所最近合约收盘价,国内,豆油（大连期结）,2023-04-05,8353.16
04,04,元/吨,8353.16,2023,大连商品交易所最近合约收盘价,国内,豆油（大连期结）,2023-04-04,8353.16
04,03,元/吨,8287.17,2023,大连商品交易所最近合约收盘价,国内,豆油（大连期结）,2023-04-03,8287.17
03,31,元/吨,8173.18,2023,大连商品交易所最近合约收盘价,国内,豆油（大连期结）,2023-03-31,8173.18
03,30,元/吨,8063.19,2023,大连商品交易所最近合约收盘价,国内,豆油（大连期结）,2023-03-30,8063.19
03,29,元/吨,8035.19,2023,大连商品交易所最近合约收盘价,国内,豆油（大连期结）,2023-03-29,8035.19
03,28,元/吨,7941.20,2023,大连商品交易所最近合约收盘价,国内,豆油（大连期结）,2023-03-28,7941.2
03,27,元/吨,7829.21,2023,大连商品交易所最近合约收盘价,国内,豆油（大连期结）,2023-03-27,7829.21
03,24,元/吨,7747.22,2023,大连商品交易所最近合约收盘价,国内,豆油（大连期结）,2023-03-24,7747.22
03,23,元/吨,7883.21,2023,大连商品交易所最近合约收盘价,国内,豆油（大连期结）,2023-03-23,7883.21
03,22,元/吨,8003.19,2023,大连商品交易所最近合约收盘价,国内,豆油（大连期结）,2023-03-22,8003.19
03,21,元/吨,8165.18,2023,大连商品交易所最近合约收盘价,国内,豆油（大连期结）,2023-03-21,8165.18
03,20,元/吨,8163.18,2023,大连商品交易所最近合约收盘价,国内,豆油（大连期结）,2023-03-20,8163.18
03,17,元/吨,8169.18,2023,大连商品交易所最近合约收盘价,国内,豆油（大连期结）,2023-03-17,8169.18
03,16,元/吨,8239.17,2023,大连商品交易所最近合约收盘价,国内,豆油（大连期结）,2023-03-16,8239.17
03,15,元/吨,8403.15,2023,大连商品交易所最近合约收盘价,国内,豆油（大连期结）,2023-03-15,8403.15
03,14,元/吨,8413.15,2023,大连商品交易所最近合约收盘价,国内,豆油（大连期结）,2023-03-14,8413.15
03,13,元/吨,9119.08,2023,大连商品交易所最近合约收盘价,国内,豆油（大连期结）,2023-03-13,9119.08
03,10,元/吨,9297.07,2023,大连商品交易所最近合约收盘价,国内,豆油（大连期结）,2023-03-10,9297.07
03,09,元/吨,9297.07,2023,大连商品交易所最近合约收盘价,国内,豆油（大连期结）,2023-03-09,9297.07
03,08,元/吨,9297.07,2023,大连商品交易所最近合约收盘价,国内,豆油（大连期结）,2023-03-08,9297.07
03,07,元/吨,9431.05,2023,大连商品交易所最近合约收盘价,国内,豆油（大连期结）,2023-03-07,9431.05
03,06,元/吨,9439.05,2023,大连商品交易所最近合约收盘价,国内,豆油（大连期结）,2023-03-06,9439.05
03,03,元/吨,9439.05,2023,大连商品交易所最近合约收盘价,国内,豆油（大连期结）,2023-03-03,9439.05
03,02,元/吨,9287.07,2023,大连商品交易所最近合约收盘价,国内,豆油（大连期结）,2023-03-02,9287.07
03,01,元/吨,9287.07,2023,大连商品交易所最近合约收盘价,国内,豆油（大连期结）,2023-03-01,9287.07
02,28,元/吨,9267.07,2023,大连商品交易所最近合约收盘价,国内,豆油（大连期结）,2023-02-28,9267.07
02,27,元/吨,9277.07,2023,大连商品交易所最近合约收盘价,国内,豆油（大连期结）,2023-02-27,9277.07
02,24,元/吨,9267.07,2023,大连商品交易所最近合约收盘价,国内,豆油（大连期结）,2023-02-24,9267.07
02,23,元/吨,9279.07,2023,大连商品交易所最近合约收盘价,国内,豆油（大连期结）,2023-02-23,9279.07
02,22,元/吨,9291.07,2023,大连商品交易所最近合约收盘价,国内,豆油（大连期结）,2023-02-22,9291.07
02,21,元/吨,9319.06,2023,大连商品交易所最近合约收盘价,国内,豆油（大连期结）,2023-02-21,9319.06
02,20,元/吨,9305.06,2023,大连商品交易所最近合约收盘价,国内,豆油（大连期结）,2023-02-20,9305.06
02,17,元/吨,9167.08,2023,大连商品交易所最近合约收盘价,国内,豆油（大连期结）,2023-02-17,9167.08
02,16,元/吨,9039.09,2023,大连商品交易所最近合约收盘价,国内,豆油（大连期结）,2023-02-16,9039.09
02,15,元/吨,9015.09,2023,大连商品交易所最近合约收盘价,国内,豆油（大连期结）,2023-02-15,9015.09
02,14,元/吨,9029.09,2023,大连商品交易所最近合约收盘价,国内,豆油（大连期结）,2023-02-14,9029.09
02,13,元/吨,9007.09,2023,大连商品交易所最近合约收盘价,国内,豆油（大连期结）,2023-02-13,9007.09
02,10,元/吨,9001.09,2023,大连商品交易所最近合约收盘价,国内,豆油（大连期结）,2023-02-10,9001.09
02,09,元/吨,9067.09,2023,大连商品交易所最近合约收盘价,国内,豆油（大连期结）,2023-02-09,9067.09
02,08,元/吨,9069.09,2023,大连商品交易所最近合约收盘价,国内,豆油（大连期结）,2023-02-08,9069.09
02,07,元/吨,8951.10,2023,大连商品交易所最近合约收盘价,国内,豆油（大连期结）,2023-02-07,8951.1
02,06,元/吨,8893.11,2023,大连商品交易所最近合约收盘价,国内,豆油（大连期结）,2023-02-06,8893.11
02,03,元/吨,8825.11,2023,大连商品交易所最近合约收盘价,国内,豆油（大连期结）,2023-02-03,8825.11
02,02,元/吨,8929.10,2023,大连商品交易所最近合约收盘价,国内,豆油（大连期结）,2023-02-02,8929.1
02,01,元/吨,9131.08,2023,大连商品交易所最近合约收盘价,国内,豆油（大连期结）,2023-02-01,9131.08
01,31,元/吨,9247.07,2023,大连商品交易所最近合约收盘价,国内,豆油（大连期结）,2023-01-31,9247.07
01,30,元/吨,9271.07,2023,大连商品交易所最近合约收盘价,国内,豆油（大连期结）,2023-01-30,9271.07
01,20,元/吨,9095.09,2023,大连商品交易所最近合约收盘价,国内,豆油（大连期结）,2023-01-20,9095.09
01,19,元/吨,9037.09,2023,大连商品交易所最近合约收盘价,国内,豆油（大连期结）,2023-01-19,9037.09
01,18,元/吨,8967.10,2023,大连商品交易所最近合约收盘价,国内,豆油（大连期结）,2023-01-18,8967.1
01,17,元/吨,8845.11,2023,大连商品交易所最近合约收盘价,国内,豆油（大连期结）,2023-01-17,8845.11
01,16,元/吨,8795.12,2023,大连商品交易所最近合约收盘价,国内,豆油（大连期结）,2023-01-16,8795.12
01,13,元/吨,8697.13,2023,大连商品交易所最近合约收盘价,国内,豆油（大连期结）,2023-01-13,8697.13
01,12,元/吨,8799.12,2023,大连商品交易所最近合约收盘价,国内,豆油（大连期结）,2023-01-12,8799.12
01,11,元/吨,9159.08,2023,大连商品交易所最近合约收盘价,国内,豆油（大连期结）,2023-01-11,9159.08
01,10,元/吨,9159.08,2023,大连商品交易所最近合约收盘价,国内,豆油（大连期结）,2023-01-10,9159.08
01,09,元/吨,9159.08,2023,大连商品交易所最近合约收盘价,国内,豆油（大连期结）,2023-01-09,9159.08
01,06,元/吨,9159.08,2023,大连商品交易所最近合约收盘价,国内,豆油（大连期结）,2023-01-06,9159.08
01,05,元/吨,9159.08,2023,大连商品交易所最近合约收盘价,国内,豆油（大连期结）,2023-01-05,9159.08
01,04,元/吨,9187.08,2023,大连商品交易所最近合约收盘价,国内,豆油（大连期结）,2023-01-04,9187.08
01,03,元/吨,9125.08,2023,大连商品交易所最近合约收盘价,国内,豆油（大连期结）,2023-01-03,9125.08
12,30,元/吨,9145.08,2022,大连商品交易所最近合约收盘价,国内,豆油（大连期结）,2022-12-30,9145.08
12,29,元/吨,9123.08,2022,大连商品交易所最近合约收盘价,国内,豆油（大连期结）,2022-12-29,9123.08
12,28,元/吨,9133.08,2022,大连商品交易所最近合约收盘价,国内,豆油（大连期结）,2022-12-28,9133.08
12,27,元/吨,9007.09,2022,大连商品交易所最近合约收盘价,国内,豆油（大连期结）,2022-12-27,9007.09
12,26,元/吨,8745.12,2022,大连商品交易所最近合约收盘价,国内,豆油（大连期结）,2022-12-26,8745.12
12,23,元/吨,8629.13,2022,大连商品交易所最近合约收盘价,国内,豆油（大连期结）,2022-12-23,8629.13
12,22,元/吨,8741.12,2022,大连商品交易所最近合约收盘价,国内,豆油（大连期结）,2022-12-22,8741.12
12,21,元/吨,8755.12,2022,大连商品交易所最近合约收盘价,国内,豆油（大连期结）,2022-12-21,8755.12
12,20,元/吨,8839.11,2022,大连商品交易所最近合约收盘价,国内,豆油（大连期结）,2022-12-20,8839.11
12,19,元/吨,8903.10,2022,大连商品交易所最近合约收盘价,国内,豆油（大连期结）,2022-12-19,8903.1
12,16,元/吨,9007.09,2022,大连商品交易所最近合约收盘价,国内,豆油（大连期结）,2022-12-16,9007.09
12,15,元/吨,9137.08,2022,大连商品交易所最近合约收盘价,国内,豆油（大连期结）,2022-12-15,9137.08
12,14,元/吨,9171.08,2022,大连商品交易所最近合约收盘价,国内,豆油（大连期结）,2022-12-14,9171.08
12,13,元/吨,9791.02,2022,大连商品交易所最近合约收盘价,国内,豆油（大连期结）,2022-12-13,9791.02
12,12,元/吨,9791.02,2022,大连商品交易所最近合约收盘价,国内,豆油（大连期结）,2022-12-12,9791.02
12,09,元/吨,9791.02,2022,大连商品交易所最近合约收盘价,国内,豆油（大连期结）,2022-12-09,9791.02
12,08,元/吨,9791.02,2022,大连商品交易所最近合约收盘价,国内,豆油（大连期结）,2022-12-08,9791.02
12,07,元/吨,9791.02,2022,大连商品交易所最近合约收盘价,国内,豆油（大连期结）,2022-12-07,9791.02
12,06,元/吨,9791.02,2022,大连商品交易所最近合约收盘价,国内,豆油（大连期结）,2022-12-06,9791.02
12,05,元/吨,9791.02,2022,大连商品交易所最近合约收盘价,国内,豆油（大连期结）,2022-12-05,9791.02
12,02,元/吨,9791.02,2022,大连商品交易所最近合约收盘价,国内,豆油（大连期结）,2022-12-02,9791.02
12,01,元/吨,9791.02,2022,大连商品交易所最近合约收盘价,国内,豆油（大连期结）,2022-12-01,9791.02
11,30,元/吨,9763.02,2022,大连商品交易所最近合约收盘价,国内,豆油（大连期结）,2022-11-30,9763.02
11,29,元/吨,9555.04,2022,大连商品交易所最近合约收盘价,国内,豆油（大连期结）,2022-11-29,9555.04
11,28,元/吨,9549.04,2022,大连商品交易所最近合约收盘价,国内,豆油（大连期结）,2022-11-28,9549.04
11,25,元/吨,9759.02,2022,大连商品交易所最近合约收盘价,国内,豆油（大连期结）,2022-11-25,9759.02
11,24,元/吨,9583.04,2022,大连商品交易所最近合约收盘价,国内,豆油（大连期结）,2022-11-24,9583.04
11,23,元/吨,9547.04,2022,大连商品交易所最近合约收盘价,国内,豆油（大连期结）,2022-11-23,9547.04
11,22,元/吨,9513.04,2022,大连商品交易所最近合约收盘价,国内,豆油（大连期结）,2022-11-22,9513.04
11,21,元/吨,9683.03,2022,大连商品交易所最近合约收盘价,国内,豆油（大连期结）,2022-11-21,9683.03
11,18,元/吨,9767.02,2022,大连商品交易所最近合约收盘价,国内,豆油（大连期结）,2022-11-18,9767.02
11,17,元/吨,9655.03,2022,大连商品交易所最近合约收盘价,国内,豆油（大连期结）,2022-11-17,9655.03
11,16,元/吨,9629.03,2022,大连商品交易所最近合约收盘价,国内,豆油（大连期结）,2022-11-16,9629.03
11,15,元/吨,9497.05,2022,大连商品交易所最近合约收盘价,国内,豆油（大连期结）,2022-11-15,9497.05
11,14,元/吨,9625.03,2022,大连商品交易所最近合约收盘价,国内,豆油（大连期结）,2022-11-14,9625.03
11,11,元/吨,9829.01,2022,大连商品交易所最近合约收盘价,国内,豆油（大连期结）,2022-11-11,9829.01
11,10,元/吨,9829.01,2022,大连商品交易所最近合约收盘价,国内,豆油（大连期结）,2022-11-10,9829.01
11,09,元/吨,9919.00,2022,大连商品交易所最近合约收盘价,国内,豆油（大连期结）,2022-11-09,9919.0
11,08,元/吨,9919.00,2022,大连商品交易所最近合约收盘价,国内,豆油（大连期结）,2022-11-08,9919.0
11,07,元/吨,10192.98,2022,大连商品交易所最近合约收盘价,国内,豆油（大连期结）,2022-11-07,10192.98
11,04,元/吨,10192.98,2022,大连商品交易所最近合约收盘价,国内,豆油（大连期结）,2022-11-04,10192.98
11,03,元/吨,10188.98,2022,大连商品交易所最近合约收盘价,国内,豆油（大连期结）,2022-11-03,10188.98
11,02,元/吨,10188.98,2022,大连商品交易所最近合约收盘价,国内,豆油（大连期结）,2022-11-02,10188.98
11,01,元/吨,9849.01,2022,大连商品交易所最近合约收盘价,国内,豆油（大连期结）,2022-11-01,9849.01
10,31,元/吨,9883.01,2022,大连商品交易所最近合约收盘价,国内,豆油（大连期结）,2022-10-31,9883.01
10,28,元/吨,10060.99,2022,大连商品交易所最近合约收盘价,国内,豆油（大连期结）,2022-10-28,10060.99
10,27,元/吨,10266.97,2022,大连商品交易所最近合约收盘价,国内,豆油（大连期结）,2022-10-27,10266.97
10,26,元/吨,10280.97,2022,大连商品交易所最近合约收盘价,国内,豆油（大连期结）,2022-10-26,10280.97
10,25,元/吨,10278.97,2022,大连商品交易所最近合约收盘价,国内,豆油（大连期结）,2022-10-25,10278.97
10,24,元/吨,10394.96,2022,大连商品交易所最近合约收盘价,国内,豆油（大连期结）,2022-10-24,10394.96
10,21,元/吨,10418.95,2022,大连商品交易所最近合约收盘价,国内,豆油（大连期结）,2022-10-21,10418.95
10,20,元/吨,10462.95,2022,大连商品交易所最近合约收盘价,国内,豆油（大连期结）,2022-10-20,10462.95
10,19,元/吨,10474.95,2022,大连商品交易所最近合约收盘价,国内,豆油（大连期结）,2022-10-19,10474.95
10,18,元/吨,10412.95,2022,大连商品交易所最近合约收盘价,国内,豆油（大连期结）,2022-10-18,10412.95
10,17,元/吨,10520.94,2022,大连商品交易所最近合约收盘价,国内,豆油（大连期结）,2022-10-17,10520.94
10,14,元/吨,10576.94,2022,大连商品交易所最近合约收盘价,国内,豆油（大连期结）,2022-10-14,10576.94
10,13,元/吨,10706.92,2022,大连商品交易所最近合约收盘价,国内,豆油（大连期结）,2022-10-13,10706.92
10,12,元/吨,10648.93,2022,大连商品交易所最近合约收盘价,国内,豆油（大连期结）,2022-10-12,10648.93
10,11,元/吨,10318.96,2022,大连商品交易所最近合约收盘价,国内,豆油（大连期结）,2022-10-11,10318.96
10,10,元/吨,10118.98,2022,大连商品交易所最近合约收盘价,国内,豆油（大连期结）,2022-10-10,10118.98
09,30,元/吨,9733.02,2022,大连商品交易所最近合约收盘价,国内,豆油（大连期结）,2022-09-30,9733.02
09,29,元/吨,9675.03,2022,大连商品交易所最近合约收盘价,国内,豆油（大连期结）,2022-09-29,9675.03
09,28,元/吨,9493.05,2022,大连商品交易所最近合约收盘价,国内,豆油（大连期结）,2022-09-28,9493.05
09,27,元/吨,9439.05,2022,大连商品交易所最近合约收盘价,国内,豆油（大连期结）,2022-09-27,9439.05
09,26,元/吨,9529.04,2022,大连商品交易所最近合约收盘价,国内,豆油（大连期结）,2022-09-26,9529.04
09,23,元/吨,9785.02,2022,大连商品交易所最近合约收盘价,国内,豆油（大连期结）,2022-09-23,9785.02
09,22,元/吨,9817.01,2022,大连商品交易所最近合约收盘价,国内,豆油（大连期结）,2022-09-22,9817.01
09,21,元/吨,9733.02,2022,大连商品交易所最近合约收盘价,国内,豆油（大连期结）,2022-09-21,9733.02
09,20,元/吨,9587.04,2022,大连商品交易所最近合约收盘价,国内,豆油（大连期结）,2022-09-20,9587.04
09,19,元/吨,9701.02,2022,大连商品交易所最近合约收盘价,国内,豆油（大连期结）,2022-09-19,9701.02
09,16,元/吨,9697.03,2022,大连商品交易所最近合约收盘价,国内,豆油（大连期结）,2022-09-16,9697.03
09,15,元/吨,9851.01,2022,大连商品交易所最近合约收盘价,国内,豆油（大连期结）,2022-09-15,9851.01
09,14,元/吨,9921.00,2022,大连商品交易所最近合约收盘价,国内,豆油（大连期结）,2022-09-14,9921.0
09,13,元/吨,9921.00,2022,大连商品交易所最近合约收盘价,国内,豆油（大连期结）,2022-09-13,9921.0
09,09,元/吨,9967.00,2022,大连商品交易所最近合约收盘价,国内,豆油（大连期结）,2022-09-09,9967.0
09,08,元/吨,9967.00,2022,大连商品交易所最近合约收盘价,国内,豆油（大连期结）,2022-09-08,9967.0
09,07,元/吨,10198.98,2022,大连商品交易所最近合约收盘价,国内,豆油（大连期结）,2022-09-07,10198.98
09,06,元/吨,10212.97,2022,大连商品交易所最近合约收盘价,国内,豆油（大连期结）,2022-09-06,10212.97
09,05,元/吨,10214.97,2022,大连商品交易所最近合约收盘价,国内,豆油（大连期结）,2022-09-05,10214.97
09,02,元/吨,10186.98,2022,大连商品交易所最近合约收盘价,国内,豆油（大连期结）,2022-09-02,10186.98
09,01,元/吨,10498.95,2022,大连商品交易所最近合约收盘价,国内,豆油（大连期结）,2022-09-01,10498.95
08,31,元/吨,10500.94,2022,大连商品交易所最近合约收盘价,国内,豆油（大连期结）,2022-08-31,10500.94
08,30,元/吨,10552.94,2022,大连商品交易所最近合约收盘价,国内,豆油（大连期结）,2022-08-30,10552.94
08,29,元/吨,10468.95,2022,大连商品交易所最近合约收盘价,国内,豆油（大连期结）,2022-08-29,10468.95
08,26,元/吨,10402.95,2022,大连商品交易所最近合约收盘价,国内,豆油（大连期结）,2022-08-26,10402.95
08,25,元/吨,10378.96,2022,大连商品交易所最近合约收盘价,国内,豆油（大连期结）,2022-08-25,10378.96
08,24,元/吨,10274.97,2022,大连商品交易所最近合约收盘价,国内,豆油（大连期结）,2022-08-24,10274.97
08,23,元/吨,10140.98,2022,大连商品交易所最近合约收盘价,国内,豆油（大连期结）,2022-08-23,10140.98
08,22,元/吨,10020.99,2022,大连商品交易所最近合约收盘价,国内,豆油（大连期结）,2022-08-22,10020.99
08,19,元/吨,9889.01,2022,大连商品交易所最近合约收盘价,国内,豆油（大连期结）,2022-08-19,9889.01
08,18,元/吨,9931.00,2022,大连商品交易所最近合约收盘价,国内,豆油（大连期结）,2022-08-18,9931.0
08,17,元/吨,10004.99,2022,大连商品交易所最近合约收盘价,国内,豆油（大连期结）,2022-08-17,10004.99
08,16,元/吨,9927.00,2022,大连商品交易所最近合约收盘价,国内,豆油（大连期结）,2022-08-16,9927.0
08,15,元/吨,10082.99,2022,大连商品交易所最近合约收盘价,国内,豆油（大连期结）,2022-08-15,10082.99
08,12,元/吨,10088.99,2022,大连商品交易所最近合约收盘价,国内,豆油（大连期结）,2022-08-12,10088.99
08,11,元/吨,9915.00,2022,大连商品交易所最近合约收盘价,国内,豆油（大连期结）,2022-08-11,9915.0
08,10,元/吨,9915.00,2022,大连商品交易所最近合约收盘价,国内,豆油（大连期结）,2022-08-10,9915.0
08,09,元/吨,9915.00,2022,大连商品交易所最近合约收盘价,国内,豆油（大连期结）,2022-08-09,9915.0
08,08,元/吨,9915.00,2022,大连商品交易所最近合约收盘价,国内,豆油（大连期结）,2022-08-08,9915.0
08,05,元/吨,9915.00,2022,大连商品交易所最近合约收盘价,国内,豆油（大连期结）,2022-08-05,9915.0
08,04,元/吨,9915.00,2022,大连商品交易所最近合约收盘价,国内,豆油（大连期结）,2022-08-04,9915.0
08,03,元/吨,9915.00,2022,大连商品交易所最近合约收盘价,国内,豆油（大连期结）,2022-08-03,9915.0
08,02,元/吨,9915.00,2022,大连商品交易所最近合约收盘价,国内,豆油（大连期结）,2022-08-02,9915.0
08,01,元/吨,9915.00,2022,大连商品交易所最近合约收盘价,国内,豆油（大连期结）,2022-08-01,9915.0
07,29,元/吨,9915.00,2022,大连商品交易所最近合约收盘价,国内,豆油（大连期结）,2022-07-29,9915.0
07,28,元/吨,9731.02,2022,大连商品交易所最近合约收盘价,国内,豆油（大连期结）,2022-07-28,9731.02
07,27,元/吨,9721.02,2022,大连商品交易所最近合约收盘价,国内,豆油（大连期结）,2022-07-27,9721.02
07,26,元/吨,9635.03,2022,大连商品交易所最近合约收盘价,国内,豆油（大连期结）,2022-07-26,9635.03
07,25,元/吨,9495.05,2022,大连商品交易所最近合约收盘价,国内,豆油（大连期结）,2022-07-25,9495.05
07,22,元/吨,9415.05,2022,大连商品交易所最近合约收盘价,国内,豆油（大连期结）,2022-07-22,9415.05
07,21,元/吨,9413.05,2022,大连商品交易所最近合约收盘价,国内,豆油（大连期结）,2022-07-21,9413.05
07,20,元/吨,9553.04,2022,大连商品交易所最近合约收盘价,国内,豆油（大连期结）,2022-07-20,9553.04
07,19,元/吨,9623.03,2022,大连商品交易所最近合约收盘价,国内,豆油（大连期结）,2022-07-19,9623.03
07,18,元/吨,9473.05,2022,大连商品交易所最近合约收盘价,国内,豆油（大连期结）,2022-07-18,9473.05
07,15,元/吨,9125.08,2022,大连商品交易所最近合约收盘价,国内,豆油（大连期结）,2022-07-15,9125.08
07,14,元/吨,8963.10,2022,大连商品交易所最近合约收盘价,国内,豆油（大连期结）,2022-07-14,8963.1
07,13,元/吨,9393.06,2022,大连商品交易所最近合约收盘价,国内,豆油（大连期结）,2022-07-13,9393.06
07,12,元/吨,9393.06,2022,大连商品交易所最近合约收盘价,国内,豆油（大连期结）,2022-07-12,9393.06
07,11,元/吨,9393.06,2022,大连商品交易所最近合约收盘价,国内,豆油（大连期结）,2022-07-11,9393.06
07,08,元/吨,9355.06,2022,大连商品交易所最近合约收盘价,国内,豆油（大连期结）,2022-07-08,9355.06
07,07,元/吨,9417.05,2022,大连商品交易所最近合约收盘价,国内,豆油（大连期结）,2022-07-07,9417.05
07,06,元/吨,9417.05,2022,大连商品交易所最近合约收盘价,国内,豆油（大连期结）,2022-07-06,9417.05
07,05,元/吨,9417.05,2022,大连商品交易所最近合约收盘价,国内,豆油（大连期结）,2022-07-05,9417.05
07,04,元/吨,9927.00,2022,大连商品交易所最近合约收盘价,国内,豆油（大连期结）,2022-07-04,9927.0
07,01,元/吨,9927.00,2022,大连商品交易所最近合约收盘价,国内,豆油（大连期结）,2022-07-01,9927.0
06,30,元/吨,10520.94,2022,大连商品交易所最近合约收盘价,国内,豆油（大连期结）,2022-06-30,10520.94
06,29,元/吨,10486.95,2022,大连商品交易所最近合约收盘价,国内,豆油（大连期结）,2022-06-29,10486.95
06,28,元/吨,10484.95,2022,大连商品交易所最近合约收盘价,国内,豆油（大连期结）,2022-06-28,10484.95
06,27,元/吨,10416.95,2022,大连商品交易所最近合约收盘价,国内,豆油（大连期结）,2022-06-27,10416.95
06,24,元/吨,10452.95,2022,大连商品交易所最近合约收盘价,国内,豆油（大连期结）,2022-06-24,10452.95
06,23,元/吨,10464.95,2022,大连商品交易所最近合约收盘价,国内,豆油（大连期结）,2022-06-23,10464.95
06,22,元/吨,11024.89,2022,大连商品交易所最近合约收盘价,国内,豆油（大连期结）,2022-06-22,11024.89
06,21,元/吨,11194.88,2022,大连商品交易所最近合约收盘价,国内,豆油（大连期结）,2022-06-21,11194.88
06,20,元/吨,11506.84,2022,大连商品交易所最近合约收盘价,国内,豆油（大连期结）,2022-06-20,11506.84
06,17,元/吨,11664.83,2022,大连商品交易所最近合约收盘价,国内,豆油（大连期结）,2022-06-17,11664.83
06,16,元/吨,11906.80,2022,大连商品交易所最近合约收盘价,国内,豆油（大连期结）,2022-06-16,11906.8
06,15,元/吨,11998.8,2022,大连商品交易所最近合约收盘价,国内,豆油（大连期结）,2022-06-15,11998.8
06,14,元/吨,12082.79,2022,大连商品交易所最近合约收盘价,国内,豆油（大连期结）,2022-06-14,12082.79
06,13,元/吨,12092.79,2022,大连商品交易所最近合约收盘价,国内,豆油（大连期结）,2022-06-13,12092.79
06,10,元/吨,12232.77,2022,大连商品交易所最近合约收盘价,国内,豆油（大连期结）,2022-06-10,12232.77
06,09,元/吨,12460.75,2022,大连商品交易所最近合约收盘价,国内,豆油（大连期结）,2022-06-09,12460.75
06,08,元/吨,12400.75,2022,大连商品交易所最近合约收盘价,国内,豆油（大连期结）,2022-06-08,12400.75
06,07,元/吨,12282.77,2022,大连商品交易所最近合约收盘价,国内,豆油（大连期结）,2022-06-07,12282.77
06,06,元/吨,12264.77,2022,大连商品交易所最近合约收盘价,国内,豆油（大连期结）,2022-06-06,12264.77
06,02,元/吨,12042.79,2022,大连商品交易所最近合约收盘价,国内,豆油（大连期结）,2022-06-02,12042.79
06,01,元/吨,12036.79,2022,大连商品交易所最近合约收盘价,国内,豆油（大连期结）,2022-06-01,12036.79
05,31,元/吨,12028.79,2022,大连商品交易所最近合约收盘价,国内,豆油（大连期结）,2022-05-31,12028.79
05,30,元/吨,12042.79,2022,大连商品交易所最近合约收盘价,国内,豆油（大连期结）,2022-05-30,12042.79
05,27,元/吨,12028.79,2022,大连商品交易所最近合约收盘价,国内,豆油（大连期结）,2022-05-27,12028.79
05,26,元/吨,11856.81,2022,大连商品交易所最近合约收盘价,国内,豆油（大连期结）,2022-05-26,11856.81
05,25,元/吨,11868.81,2022,大连商品交易所最近合约收盘价,国内,豆油（大连期结）,2022-05-25,11868.81
05,24,元/吨,11790.82,2022,大连商品交易所最近合约收盘价,国内,豆油（大连期结）,2022-05-24,11790.82
05,23,元/吨,11758.82,2022,大连商品交易所最近合约收盘价,国内,豆油（大连期结）,2022-05-23,11758.82
05,20,元/吨,11558.84,2022,大连商品交易所最近合约收盘价,国内,豆油（大连期结）,2022-05-20,11558.84
05,19,元/吨,11480.85,2022,大连商品交易所最近合约收盘价,国内,豆油（大连期结）,2022-05-19,11480.85
05,18,元/吨,11550.84,2022,大连商品交易所最近合约收盘价,国内,豆油（大连期结）,2022-05-18,11550.84
05,17,元/吨,11578.84,2022,大连商品交易所最近合约收盘价,国内,豆油（大连期结）,2022-05-17,11578.84
05,16,元/吨,11578.84,2022,大连商品交易所最近合约收盘价,国内,豆油（大连期结）,2022-05-16,11578.84
05,13,元/吨,11242.87,2022,大连商品交易所最近合约收盘价,国内,豆油（大连期结）,2022-05-13,11242.87
05,12,元/吨,11242.87,2022,大连商品交易所最近合约收盘价,国内,豆油（大连期结）,2022-05-12,11242.87
05,11,元/吨,11108.88,2022,大连商品交易所最近合约收盘价,国内,豆油（大连期结）,2022-05-11,11108.88
05,10,元/吨,11102.88,2022,大连商品交易所最近合约收盘价,国内,豆油（大连期结）,2022-05-10,11102.88
05,09,元/吨,11208.87,2022,大连商品交易所最近合约收盘价,国内,豆油（大连期结）,2022-05-09,11208.87
05,06,元/吨,11348.86,2022,大连商品交易所最近合约收盘价,国内,豆油（大连期结）,2022-05-06,11348.86
05,05,元/吨,11540.84,2022,大连商品交易所最近合约收盘价,国内,豆油（大连期结）,2022-05-05,11540.84
04,29,元/吨,11574.84,2022,大连商品交易所最近合约收盘价,国内,豆油（大连期结）,2022-04-29,11574.84
04,28,元/吨,11480.85,2022,大连商品交易所最近合约收盘价,国内,豆油（大连期结）,2022-04-28,11480.85
04,27,元/吨,11314.86,2022,大连商品交易所最近合约收盘价,国内,豆油（大连期结）,2022-04-27,11314.86
04,26,元/吨,11062.89,2022,大连商品交易所最近合约收盘价,国内,豆油（大连期结）,2022-04-26,11062.89
04,25,元/吨,11416.85,2022,大连商品交易所最近合约收盘价,国内,豆油（大连期结）,2022-04-25,11416.85
04,22,元/吨,11204.87,2022,大连商品交易所最近合约收盘价,国内,豆油（大连期结）,2022-04-22,11204.87
04,21,元/吨,11166.88,2022,大连商品交易所最近合约收盘价,国内,豆油（大连期结）,2022-04-21,11166.88
04,20,元/吨,11112.88,2022,大连商品交易所最近合约收盘价,国内,豆油（大连期结）,2022-04-20,11112.88
04,19,元/吨,11144.88,2022,大连商品交易所最近合约收盘价,国内,豆油（大连期结）,2022-04-19,11144.88
04,18,元/吨,11060.89,2022,大连商品交易所最近合约收盘价,国内,豆油（大连期结）,2022-04-18,11060.89
04,15,元/吨,10962.90,2022,大连商品交易所最近合约收盘价,国内,豆油（大连期结）,2022-04-15,10962.9
04,14,元/吨,10886.91,2022,大连商品交易所最近合约收盘价,国内,豆油（大连期结）,2022-04-14,10886.91
04,13,元/吨,10800.91,2022,大连商品交易所最近合约收盘价,国内,豆油（大连期结）,2022-04-13,10800.91
04,12,元/吨,10704.92,2022,大连商品交易所最近合约收盘价,国内,豆油（大连期结）,2022-04-12,10704.92
04,11,元/吨,10632.93,2022,大连商品交易所最近合约收盘价,国内,豆油（大连期结）,2022-04-11,10632.93
04,08,元/吨,10536.94,2022,大连商品交易所最近合约收盘价,国内,豆油（大连期结）,2022-04-08,10536.94
04,07,元/吨,10454.95,2022,大连商品交易所最近合约收盘价,国内,豆油（大连期结）,2022-04-07,10454.95
04,06,元/吨,10376.96,2022,大连商品交易所最近合约收盘价,国内,豆油（大连期结）,2022-04-06,10376.96
04,01,元/吨,10204.97,2022,大连商品交易所最近合约收盘价,国内,豆油（大连期结）,2022-04-01,10204.97
03,31,元/吨,10246.97,2022,大连商品交易所最近合约收盘价,国内,豆油（大连期结）,2022-03-31,10246.97
03,30,元/吨,10150.98,2022,大连商品交易所最近合约收盘价,国内,豆油（大连期结）,2022-03-30,10150.98
03,29,元/吨,10252.97,2022,大连商品交易所最近合约收盘价,国内,豆油（大连期结）,2022-03-29,10252.97
03,28,元/吨,10336.96,2022,大连商品交易所最近合约收盘价,国内,豆油（大连期结）,2022-03-28,10336.96
03,25,元/吨,10288.97,2022,大连商品交易所最近合约收盘价,国内,豆油（大连期结）,2022-03-25,10288.97
03,24,元/吨,10496.95,2022,大连商品交易所最近合约收盘价,国内,豆油（大连期结）,2022-03-24,10496.95
03,23,元/吨,10286.97,2022,大连商品交易所最近合约收盘价,国内,豆油（大连期结）,2022-03-23,10286.97
03,22,元/吨,10362.96,2022,大连商品交易所最近合约收盘价,国内,豆油（大连期结）,2022-03-22,10362.96
03,21,元/吨,10296.97,2022,大连商品交易所最近合约收盘价,国内,豆油（大连期结）,2022-03-21,10296.97
03,18,元/吨,10458.95,2022,大连商品交易所最近合约收盘价,国内,豆油（大连期结）,2022-03-18,10458.95
03,17,元/吨,10360.96,2022,大连商品交易所最近合约收盘价,国内,豆油（大连期结）,2022-03-17,10360.96
03,16,元/吨,10378.96,2022,大连商品交易所最近合约收盘价,国内,豆油（大连期结）,2022-03-16,10378.96
03,15,元/吨,10346.96,2022,大连商品交易所最近合约收盘价,国内,豆油（大连期结）,2022-03-15,10346.96
03,14,元/吨,10434.95,2022,大连商品交易所最近合约收盘价,国内,豆油（大连期结）,2022-03-14,10434.95
03,11,元/吨,11202.87,2022,大连商品交易所最近合约收盘价,国内,豆油（大连期结）,2022-03-11,11202.87
03,10,元/吨,11202.87,2022,大连商品交易所最近合约收盘价,国内,豆油（大连期结）,2022-03-10,11202.87
03,09,元/吨,11202.87,2022,大连商品交易所最近合约收盘价,国内,豆油（大连期结）,2022-03-09,11202.87
03,08,元/吨,11202.87,2022,大连商品交易所最近合约收盘价,国内,豆油（大连期结）,2022-03-08,11202.87
03,07,元/吨,11202.87,2022,大连商品交易所最近合约收盘价,国内,豆油（大连期结）,2022-03-07,11202.87
03,04,元/吨,11202.87,2022,大连商品交易所最近合约收盘价,国内,豆油（大连期结）,2022-03-04,11202.87
03,03,元/吨,11202.87,2022,大连商品交易所最近合约收盘价,国内,豆油（大连期结）,2022-03-03,11202.87
03,02,元/吨,11202.87,2022,大连商品交易所最近合约收盘价,国内,豆油（大连期结）,2022-03-02,11202.87
03,01,元/吨,11202.87,2022,大连商品交易所最近合约收盘价,国内,豆油（大连期结）,2022-03-01,11202.87
02,28,元/吨,10774.92,2022,大连商品交易所最近合约收盘价,国内,豆油（大连期结）,2022-02-28,10774.92
02,25,元/吨,11006.89,2022,大连商品交易所最近合约收盘价,国内,豆油（大连期结）,2022-02-25,11006.89
02,24,元/吨,10812.91,2022,大连商品交易所最近合约收盘价,国内,豆油（大连期结）,2022-02-24,10812.91
02,23,元/吨,10558.94,2022,大连商品交易所最近合约收盘价,国内,豆油（大连期结）,2022-02-23,10558.94
02,22,元/吨,10726.92,2022,大连商品交易所最近合约收盘价,国内,豆油（大连期结）,2022-02-22,10726.92
02,21,元/吨,10614.93,2022,大连商品交易所最近合约收盘价,国内,豆油（大连期结）,2022-02-21,10614.93
02,18,元/吨,10424.95,2022,大连商品交易所最近合约收盘价,国内,豆油（大连期结）,2022-02-18,10424.95
02,17,元/吨,10318.96,2022,大连商品交易所最近合约收盘价,国内,豆油（大连期结）,2022-02-17,10318.96
02,16,元/吨,10176.98,2022,大连商品交易所最近合约收盘价,国内,豆油（大连期结）,2022-02-16,10176.98
02,15,元/吨,10198.98,2022,大连商品交易所最近合约收盘价,国内,豆油（大连期结）,2022-02-15,10198.98
02,14,元/吨,10204.97,2022,大连商品交易所最近合约收盘价,国内,豆油（大连期结）,2022-02-14,10204.97
02,11,元/吨,10108.98,2022,大连商品交易所最近合约收盘价,国内,豆油（大连期结）,2022-02-11,10108.98
02,10,元/吨,10146.98,2022,大连商品交易所最近合约收盘价,国内,豆油（大连期结）,2022-02-10,10146.98
02,09,元/吨,10038.99,2022,大连商品交易所最近合约收盘价,国内,豆油（大连期结）,2022-02-09,10038.99
02,08,元/吨,10284.97,2022,大连商品交易所最近合约收盘价,国内,豆油（大连期结）,2022-02-08,10284.97
02,07,元/吨,10430.95,2022,大连商品交易所最近合约收盘价,国内,豆油（大连期结）,2022-02-07,10430.95
01,28,元/吨,9969.00,2022,大连商品交易所最近合约收盘价,国内,豆油（大连期结）,2022-01-28,9969.0
01,27,元/吨,9787.02,2022,大连商品交易所最近合约收盘价,国内,豆油（大连期结）,2022-01-27,9787.02
01,26,元/吨,9629.03,2022,大连商品交易所最近合约收盘价,国内,豆油（大连期结）,2022-01-26,9629.03
01,25,元/吨,9635.03,2022,大连商品交易所最近合约收盘价,国内,豆油（大连期结）,2022-01-25,9635.03
01,24,元/吨,9833.01,2022,大连商品交易所最近合约收盘价,国内,豆油（大连期结）,2022-01-24,9833.01
01,21,元/吨,9753.02,2022,大连商品交易所最近合约收盘价,国内,豆油（大连期结）,2022-01-21,9753.02
01,20,元/吨,9641.03,2022,大连商品交易所最近合约收盘价,国内,豆油（大连期结）,2022-01-20,9641.03
01,19,元/吨,9531.04,2022,大连商品交易所最近合约收盘价,国内,豆油（大连期结）,2022-01-19,9531.04
01,18,元/吨,9469.05,2022,大连商品交易所最近合约收盘价,国内,豆油（大连期结）,2022-01-18,9469.05
01,17,元/吨,9399.06,2022,大连商品交易所最近合约收盘价,国内,豆油（大连期结）,2022-01-17,9399.06
01,14,元/吨,9367.06,2022,大连商品交易所最近合约收盘价,国内,豆油（大连期结）,2022-01-14,9367.06
01,13,元/吨,9397.06,2022,大连商品交易所最近合约收盘价,国内,豆油（大连期结）,2022-01-13,9397.06
01,12,元/吨,9199.08,2022,大连商品交易所最近合约收盘价,国内,豆油（大连期结）,2022-01-12,9199.08
01,11,元/吨,9191.08,2022,大连商品交易所最近合约收盘价,国内,豆油（大连期结）,2022-01-11,9191.08
01,10,元/吨,9107.08,2022,大连商品交易所最近合约收盘价,国内,豆油（大连期结）,2022-01-10,9107.08
01,07,元/吨,9245.07,2022,大连商品交易所最近合约收盘价,国内,豆油（大连期结）,2022-01-07,9245.07
01,06,元/吨,9185.08,2022,大连商品交易所最近合约收盘价,国内,豆油（大连期结）,2022-01-06,9185.08
01,05,元/吨,9279.07,2022,大连商品交易所最近合约收盘价,国内,豆油（大连期结）,2022-01-05,9279.07
01,04,元/吨,9131.08,2022,大连商品交易所最近合约收盘价,国内,豆油（大连期结）,2022-01-04,9131.08
01,03,元/吨,9137.08,2022,大连商品交易所最近合约收盘价,国内,豆油（大连期结）,2022-01-03,9137.08
12,31,元/吨,9137.08,2021,大连商品交易所最近合约收盘价,国内,豆油（大连期结）,2021-12-31,9137.08
12,30,元/吨,9193.08,2021,大连商品交易所最近合约收盘价,国内,豆油（大连期结）,2021-12-30,9193.08
12,29,元/吨,9211.07,2021,大连商品交易所最近合约收盘价,国内,豆油（大连期结）,2021-12-29,9211.07
12,28,元/吨,9223.07,2021,大连商品交易所最近合约收盘价,国内,豆油（大连期结）,2021-12-28,9223.07
12,27,元/吨,9225.07,2021,大连商品交易所最近合约收盘价,国内,豆油（大连期结）,2021-12-27,9225.07
12,24,元/吨,9149.08,2021,大连商品交易所最近合约收盘价,国内,豆油（大连期结）,2021-12-24,9149.08
12,23,元/吨,9047.09,2021,大连商品交易所最近合约收盘价,国内,豆油（大连期结）,2021-12-23,9047.09
12,22,元/吨,8957.10,2021,大连商品交易所最近合约收盘价,国内,豆油（大连期结）,2021-12-22,8957.1
12,21,元/吨,8795.12,2021,大连商品交易所最近合约收盘价,国内,豆油（大连期结）,2021-12-21,8795.12
12,20,元/吨,8825.11,2021,大连商品交易所最近合约收盘价,国内,豆油（大连期结）,2021-12-20,8825.11
12,17,元/吨,8877.11,2021,大连商品交易所最近合约收盘价,国内,豆油（大连期结）,2021-12-17,8877.11
12,16,元/吨,8749.12,2021,大连商品交易所最近合约收盘价,国内,豆油（大连期结）,2021-12-16,8749.12
12,15,元/吨,8755.12,2021,大连商品交易所最近合约收盘价,国内,豆油（大连期结）,2021-12-15,8755.12
12,14,元/吨,8861.11,2021,大连商品交易所最近合约收盘价,国内,豆油（大连期结）,2021-12-14,8861.11
12,13,元/吨,9349.06,2021,大连商品交易所最近合约收盘价,国内,豆油（大连期结）,2021-12-13,9349.06
12,10,元/吨,9349.06,2021,大连商品交易所最近合约收盘价,国内,豆油（大连期结）,2021-12-10,9349.06
12,09,元/吨,9349.06,2021,大连商品交易所最近合约收盘价,国内,豆油（大连期结）,2021-12-09,9349.06
12,08,元/吨,9349.06,2021,大连商品交易所最近合约收盘价,国内,豆油（大连期结）,2021-12-08,9349.06
12,07,元/吨,9349.06,2021,大连商品交易所最近合约收盘价,国内,豆油（大连期结）,2021-12-07,9349.06
12,06,元/吨,9349.06,2021,大连商品交易所最近合约收盘价,国内,豆油（大连期结）,2021-12-06,9349.06
12,03,元/吨,9349.06,2021,大连商品交易所最近合约收盘价,国内,豆油（大连期结）,2021-12-03,9349.06
12,02,元/吨,9349.06,2021,大连商品交易所最近合约收盘价,国内,豆油（大连期结）,2021-12-02,9349.06
12,01,元/吨,9349.06,2021,大连商品交易所最近合约收盘价,国内,豆油（大连期结）,2021-12-01,9349.06
11,30,元/吨,9509.04,2021,大连商品交易所最近合约收盘价,国内,豆油（大连期结）,2021-11-30,9509.04
11,29,元/吨,9513.04,2021,大连商品交易所最近合约收盘价,国内,豆油（大连期结）,2021-11-29,9513.04
11,26,元/吨,9477.05,2021,大连商品交易所最近合约收盘价,国内,豆油（大连期结）,2021-11-26,9477.05
11,25,元/吨,9673.03,2021,大连商品交易所最近合约收盘价,国内,豆油（大连期结）,2021-11-25,9673.03
11,24,元/吨,9577.04,2021,大连商品交易所最近合约收盘价,国内,豆油（大连期结）,2021-11-24,9577.04
11,23,元/吨,9705.02,2021,大连商品交易所最近合约收盘价,国内,豆油（大连期结）,2021-11-23,9705.02
11,22,元/吨,9819.01,2021,大连商品交易所最近合约收盘价,国内,豆油（大连期结）,2021-11-22,9819.01
11,19,元/吨,9927.00,2021,大连商品交易所最近合约收盘价,国内,豆油（大连期结）,2021-11-19,9927.0
11,18,元/吨,9777.02,2021,大连商品交易所最近合约收盘价,国内,豆油（大连期结）,2021-11-18,9777.02
11,17,元/吨,9703.02,2021,大连商品交易所最近合约收盘价,国内,豆油（大连期结）,2021-11-17,9703.02
11,16,元/吨,9757.02,2021,大连商品交易所最近合约收盘价,国内,豆油（大连期结）,2021-11-16,9757.02
11,15,元/吨,9779.02,2021,大连商品交易所最近合约收盘价,国内,豆油（大连期结）,2021-11-15,9779.02
11,12,元/吨,9779.02,2021,大连商品交易所最近合约收盘价,国内,豆油（大连期结）,2021-11-12,9779.02
11,11,元/吨,9931.00,2021,大连商品交易所最近合约收盘价,国内,豆油（大连期结）,2021-11-11,9931.0
11,10,元/吨,9931.00,2021,大连商品交易所最近合约收盘价,国内,豆油（大连期结）,2021-11-10,9931.0
11,09,元/吨,9931.00,2021,大连商品交易所最近合约收盘价,国内,豆油（大连期结）,2021-11-09,9931.0
11,08,元/吨,9931.00,2021,大连商品交易所最近合约收盘价,国内,豆油（大连期结）,2021-11-08,9931.0
11,05,元/吨,9931.00,2021,大连商品交易所最近合约收盘价,国内,豆油（大连期结）,2021-11-05,9931.0
11,04,元/吨,10012.99,2021,大连商品交易所最近合约收盘价,国内,豆油（大连期结）,2021-11-04,10012.99
11,03,元/吨,10194.98,2021,大连商品交易所最近合约收盘价,国内,豆油（大连期结）,2021-11-03,10194.98
11,02,元/吨,10194.98,2021,大连商品交易所最近合约收盘价,国内,豆油（大连期结）,2021-11-02,10194.98
11,01,元/吨,10194.98,2021,大连商品交易所最近合约收盘价,国内,豆油（大连期结）,2021-11-01,10194.98
10,29,元/吨,10118.98,2021,大连商品交易所最近合约收盘价,国内,豆油（大连期结）,2021-10-29,10118.98
10,28,元/吨,10180.98,2021,大连商品交易所最近合约收盘价,国内,豆油（大连期结）,2021-10-28,10180.98
10,27,元/吨,10316.96,2021,大连商品交易所最近合约收盘价,国内,豆油（大连期结）,2021-10-27,10316.96
10,26,元/吨,10324.96,2021,大连商品交易所最近合约收盘价,国内,豆油（大连期结）,2021-10-26,10324.96
10,25,元/吨,10246.97,2021,大连商品交易所最近合约收盘价,国内,豆油（大连期结）,2021-10-25,10246.97
10,22,元/吨,10218.97,2021,大连商品交易所最近合约收盘价,国内,豆油（大连期结）,2021-10-22,10218.97
10,21,元/吨,10580.94,2021,大连商品交易所最近合约收盘价,国内,豆油（大连期结）,2021-10-21,10580.94
10,20,元/吨,10306.96,2021,大连商品交易所最近合约收盘价,国内,豆油（大连期结）,2021-10-20,10306.96
10,19,元/吨,10288.97,2021,大连商品交易所最近合约收盘价,国内,豆油（大连期结）,2021-10-19,10288.97
10,18,元/吨,10144.98,2021,大连商品交易所最近合约收盘价,国内,豆油（大连期结）,2021-10-18,10144.98
10,15,元/吨,9931.00,2021,大连商品交易所最近合约收盘价,国内,豆油（大连期结）,2021-10-15,9931.0
10,14,元/吨,9963.00,2021,大连商品交易所最近合约收盘价,国内,豆油（大连期结）,2021-10-14,9963.0
10,13,元/吨,10042.99,2021,大连商品交易所最近合约收盘价,国内,豆油（大连期结）,2021-10-13,10042.99
10,12,元/吨,10112.98,2021,大连商品交易所最近合约收盘价,国内,豆油（大连期结）,2021-10-12,10112.98
10,11,元/吨,10202.97,2021,大连商品交易所最近合约收盘价,国内,豆油（大连期结）,2021-10-11,10202.97
10,08,元/吨,10134.98,2021,大连商品交易所最近合约收盘价,国内,豆油（大连期结）,2021-10-08,10134.98
09,30,元/吨,9769.02,2021,大连商品交易所最近合约收盘价,国内,豆油（大连期结）,2021-09-30,9769.02
09,29,元/吨,9627.03,2021,大连商品交易所最近合约收盘价,国内,豆油（大连期结）,2021-09-29,9627.03
09,28,元/吨,9503.04,2021,大连商品交易所最近合约收盘价,国内,豆油（大连期结）,2021-09-28,9503.04
09,27,元/吨,9673.03,2021,大连商品交易所最近合约收盘价,国内,豆油（大连期结）,2021-09-27,9673.03
09,24,元/吨,9655.03,2021,大连商品交易所最近合约收盘价,国内,豆油（大连期结）,2021-09-24,9655.03
09,23,元/吨,9507.04,2021,大连商品交易所最近合约收盘价,国内,豆油（大连期结）,2021-09-23,9507.04
09,22,元/吨,9347.06,2021,大连商品交易所最近合约收盘价,国内,豆油（大连期结）,2021-09-22,9347.06
09,17,元/吨,9503.04,2021,大连商品交易所最近合约收盘价,国内,豆油（大连期结）,2021-09-17,9503.04
09,16,元/吨,9573.04,2021,大连商品交易所最近合约收盘价,国内,豆油（大连期结）,2021-09-16,9573.04
09,15,元/吨,9449.05,2021,大连商品交易所最近合约收盘价,国内,豆油（大连期结）,2021-09-15,9449.05
09,14,元/吨,9501.04,2021,大连商品交易所最近合约收盘价,国内,豆油（大连期结）,2021-09-14,9501.04
09,13,元/吨,9579.04,2021,大连商品交易所最近合约收盘价,国内,豆油（大连期结）,2021-09-13,9579.04
09,10,元/吨,9381.06,2021,大连商品交易所最近合约收盘价,国内,豆油（大连期结）,2021-09-10,9381.06
09,09,元/吨,9679.03,2021,大连商品交易所最近合约收盘价,国内,豆油（大连期结）,2021-09-09,9679.03
09,08,元/吨,9683.03,2021,大连商品交易所最近合约收盘价,国内,豆油（大连期结）,2021-09-08,9683.03
09,07,元/吨,9685.03,2021,大连商品交易所最近合约收盘价,国内,豆油（大连期结）,2021-09-07,9685.03
09,06,元/吨,9503.04,2021,大连商品交易所最近合约收盘价,国内,豆油（大连期结）,2021-09-06,9503.04
09,03,元/吨,9455.05,2021,大连商品交易所最近合约收盘价,国内,豆油（大连期结）,2021-09-03,9455.05
09,02,元/吨,9283.07,2021,大连商品交易所最近合约收盘价,国内,豆油（大连期结）,2021-09-02,9283.07
09,01,元/吨,9357.06,2021,大连商品交易所最近合约收盘价,国内,豆油（大连期结）,2021-09-01,9357.06
08,31,元/吨,9345.06,2021,大连商品交易所最近合约收盘价,国内,豆油（大连期结）,2021-08-31,9345.06
08,30,元/吨,9371.06,2021,大连商品交易所最近合约收盘价,国内,豆油（大连期结）,2021-08-30,9371.06
08,27,元/吨,9361.06,2021,大连商品交易所最近合约收盘价,国内,豆油（大连期结）,2021-08-27,9361.06
08,26,元/吨,9435.05,2021,大连商品交易所最近合约收盘价,国内,豆油（大连期结）,2021-08-26,9435.05
08,25,元/吨,9323.06,2021,大连商品交易所最近合约收盘价,国内,豆油（大连期结）,2021-08-25,9323.06
08,24,元/吨,9169.08,2021,大连商品交易所最近合约收盘价,国内,豆油（大连期结）,2021-08-24,9169.08
08,23,元/吨,9121.08,2021,大连商品交易所最近合约收盘价,国内,豆油（大连期结）,2021-08-23,9121.08
08,20,元/吨,9153.08,2021,大连商品交易所最近合约收盘价,国内,豆油（大连期结）,2021-08-20,9153.08
08,19,元/吨,9255.07,2021,大连商品交易所最近合约收盘价,国内,豆油（大连期结）,2021-08-19,9255.07
08,18,元/吨,9309.06,2021,大连商品交易所最近合约收盘价,国内,豆油（大连期结）,2021-08-18,9309.06
08,17,元/吨,9381.06,2021,大连商品交易所最近合约收盘价,国内,豆油（大连期结）,2021-08-17,9381.06
08,16,元/吨,9383.06,2021,大连商品交易所最近合约收盘价,国内,豆油（大连期结）,2021-08-16,9383.06
08,13,元/吨,9207.07,2021,大连商品交易所最近合约收盘价,国内,豆油（大连期结）,2021-08-13,9207.07
08,12,元/吨,8997.10,2021,大连商品交易所最近合约收盘价,国内,豆油（大连期结）,2021-08-12,8997.1
08,11,元/吨,8997.10,2021,大连商品交易所最近合约收盘价,国内,豆油（大连期结）,2021-08-11,8997.1
08,10,元/吨,8997.10,2021,大连商品交易所最近合约收盘价,国内,豆油（大连期结）,2021-08-10,8997.1
08,09,元/吨,8997.10,2021,大连商品交易所最近合约收盘价,国内,豆油（大连期结）,2021-08-09,8997.1
08,06,元/吨,8997.10,2021,大连商品交易所最近合约收盘价,国内,豆油（大连期结）,2021-08-06,8997.1
08,05,元/吨,8997.10,2021,大连商品交易所最近合约收盘价,国内,豆油（大连期结）,2021-08-05,8997.1
08,04,元/吨,8997.10,2021,大连商品交易所最近合约收盘价,国内,豆油（大连期结）,2021-08-04,8997.1
08,03,元/吨,8997.10,2021,大连商品交易所最近合约收盘价,国内,豆油（大连期结）,2021-08-03,8997.1
08,02,元/吨,8997.10,2021,大连商品交易所最近合约收盘价,国内,豆油（大连期结）,2021-08-02,8997.1
07,30,元/吨,8997.10,2021,大连商品交易所最近合约收盘价,国内,豆油（大连期结）,2021-07-30,8997.1
07,29,元/吨,8997.10,2021,大连商品交易所最近合约收盘价,国内,豆油（大连期结）,2021-07-29,8997.1
07,28,元/吨,9041.09,2021,大连商品交易所最近合约收盘价,国内,豆油（大连期结）,2021-07-28,9041.09
07,27,元/吨,8913.10,2021,大连商品交易所最近合约收盘价,国内,豆油（大连期结）,2021-07-27,8913.1
07,26,元/吨,8869.11,2021,大连商品交易所最近合约收盘价,国内,豆油（大连期结）,2021-07-26,8869.11
07,23,元/吨,8795.12,2021,大连商品交易所最近合约收盘价,国内,豆油（大连期结）,2021-07-23,8795.12
07,22,元/吨,8803.11,2021,大连商品交易所最近合约收盘价,国内,豆油（大连期结）,2021-07-22,8803.11
07,21,元/吨,8813.11,2021,大连商品交易所最近合约收盘价,国内,豆油（大连期结）,2021-07-21,8813.11
07,20,元/吨,8775.12,2021,大连商品交易所最近合约收盘价,国内,豆油（大连期结）,2021-07-20,8775.12
07,19,元/吨,9055.09,2021,大连商品交易所最近合约收盘价,国内,豆油（大连期结）,2021-07-19,9055.09
07,16,元/吨,9033.09,2021,大连商品交易所最近合约收盘价,国内,豆油（大连期结）,2021-07-16,9033.09
07,15,元/吨,8767.12,2021,大连商品交易所最近合约收盘价,国内,豆油（大连期结）,2021-07-15,8767.12
07,14,元/吨,8767.12,2021,大连商品交易所最近合约收盘价,国内,豆油（大连期结）,2021-07-14,8767.12
07,13,元/吨,8939.10,2021,大连商品交易所最近合约收盘价,国内,豆油（大连期结）,2021-07-13,8939.1
07,12,元/吨,8939.10,2021,大连商品交易所最近合约收盘价,国内,豆油（大连期结）,2021-07-12,8939.1
07,09,元/吨,8939.10,2021,大连商品交易所最近合约收盘价,国内,豆油（大连期结）,2021-07-09,8939.1
07,08,元/吨,8939.10,2021,大连商品交易所最近合约收盘价,国内,豆油（大连期结）,2021-07-08,8939.1
07,07,元/吨,8939.10,2021,大连商品交易所最近合约收盘价,国内,豆油（大连期结）,2021-07-07,8939.1
07,06,元/吨,9009.09,2021,大连商品交易所最近合约收盘价,国内,豆油（大连期结）,2021-07-06,9009.09
07,05,元/吨,8693.13,2021,大连商品交易所最近合约收盘价,国内,豆油（大连期结）,2021-07-05,8693.13
07,02,元/吨,8693.13,2021,大连商品交易所最近合约收盘价,国内,豆油（大连期结）,2021-07-02,8693.13
07,01,元/吨,8623.13,2021,大连商品交易所最近合约收盘价,国内,豆油（大连期结）,2021-07-01,8623.13
06,30,元/吨,8623.13,2021,大连商品交易所最近合约收盘价,国内,豆油（大连期结）,2021-06-30,8623.13
06,29,元/吨,8527.14,2021,大连商品交易所最近合约收盘价,国内,豆油（大连期结）,2021-06-29,8527.14
06,28,元/吨,8525.14,2021,大连商品交易所最近合约收盘价,国内,豆油（大连期结）,2021-06-28,8525.14
06,25,元/吨,8621.13,2021,大连商品交易所最近合约收盘价,国内,豆油（大连期结）,2021-06-25,8621.13
06,24,元/吨,8559.14,2021,大连商品交易所最近合约收盘价,国内,豆油（大连期结）,2021-06-24,8559.14
06,23,元/吨,8517.14,2021,大连商品交易所最近合约收盘价,国内,豆油（大连期结）,2021-06-23,8517.14
06,22,元/吨,8407.15,2021,大连商品交易所最近合约收盘价,国内,豆油（大连期结）,2021-06-22,8407.15
06,21,元/吨,8341.16,2021,大连商品交易所最近合约收盘价,国内,豆油（大连期结）,2021-06-21,8341.16
06,18,元/吨,8241.17,2021,大连商品交易所最近合约收盘价,国内,豆油（大连期结）,2021-06-18,8241.17
06,17,元/吨,8461.15,2021,大连商品交易所最近合约收盘价,国内,豆油（大连期结）,2021-06-17,8461.15
06,16,元/吨,8647.13,2021,大连商品交易所最近合约收盘价,国内,豆油（大连期结）,2021-06-16,8647.13
06,15,元/吨,8641.13,2021,大连商品交易所最近合约收盘价,国内,豆油（大连期结）,2021-06-15,8641.13
06,14,元/吨,9117.08,2021,大连商品交易所最近合约收盘价,国内,豆油（大连期结）,2021-06-14,9117.08
06,11,元/吨,9117.08,2021,大连商品交易所最近合约收盘价,国内,豆油（大连期结）,2021-06-11,9117.08
06,10,元/吨,9089.09,2021,大连商品交易所最近合约收盘价,国内,豆油（大连期结）,2021-06-10,9089.09
06,09,元/吨,9181.08,2021,大连商品交易所最近合约收盘价,国内,豆油（大连期结）,2021-06-09,9181.08
06,08,元/吨,9253.07,2021,大连商品交易所最近合约收盘价,国内,豆油（大连期结）,2021-06-08,9253.07
06,07,元/吨,9531.04,2021,大连商品交易所最近合约收盘价,国内,豆油（大连期结）,2021-06-07,9531.04
06,04,元/吨,9471.05,2021,大连商品交易所最近合约收盘价,国内,豆油（大连期结）,2021-06-04,9471.05
06,03,元/吨,9449.05,2021,大连商品交易所最近合约收盘价,国内,豆油（大连期结）,2021-06-03,9449.05
06,02,元/吨,9187.08,2021,大连商品交易所最近合约收盘价,国内,豆油（大连期结）,2021-06-02,9187.08
06,01,元/吨,9069.09,2021,大连商品交易所最近合约收盘价,国内,豆油（大连期结）,2021-06-01,9069.09
05,31,元/吨,9061.09,2021,大连商品交易所最近合约收盘价,国内,豆油（大连期结）,2021-05-31,9061.09
05,28,元/吨,8955.10,2021,大连商品交易所最近合约收盘价,国内,豆油（大连期结）,2021-05-28,8955.1
05,27,元/吨,8933.10,2021,大连商品交易所最近合约收盘价,国内,豆油（大连期结）,2021-05-27,8933.1
05,26,元/吨,8963.10,2021,大连商品交易所最近合约收盘价,国内,豆油（大连期结）,2021-05-26,8963.1
05,25,元/吨,8935.10,2021,大连商品交易所最近合约收盘价,国内,豆油（大连期结）,2021-05-25,8935.1
05,24,元/吨,8789.12,2021,大连商品交易所最近合约收盘价,国内,豆油（大连期结）,2021-05-24,8789.12
05,21,元/吨,8931.10,2021,大连商品交易所最近合约收盘价,国内,豆油（大连期结）,2021-05-21,8931.1
05,20,元/吨,9061.09,2021,大连商品交易所最近合约收盘价,国内,豆油（大连期结）,2021-05-20,9061.09
05,19,元/吨,9339.06,2021,大连商品交易所最近合约收盘价,国内,豆油（大连期结）,2021-05-19,9339.06
05,18,元/吨,9437.05,2021,大连商品交易所最近合约收盘价,国内,豆油（大连期结）,2021-05-18,9437.05
05,17,元/吨,9371.06,2021,大连商品交易所最近合约收盘价,国内,豆油（大连期结）,2021-05-17,9371.06
05,14,元/吨,9525.04,2021,大连商品交易所最近合约收盘价,国内,豆油（大连期结）,2021-05-14,9525.04
05,13,元/吨,9543.04,2021,大连商品交易所最近合约收盘价,国内,豆油（大连期结）,2021-05-13,9543.04
05,12,元/吨,9479.05,2021,大连商品交易所最近合约收盘价,国内,豆油（大连期结）,2021-05-12,9479.05
05,11,元/吨,9271.07,2021,大连商品交易所最近合约收盘价,国内,豆油（大连期结）,2021-05-11,9271.07
05,10,元/吨,9471.05,2021,大连商品交易所最近合约收盘价,国内,豆油（大连期结）,2021-05-10,9471.05
05,07,元/吨,9433.05,2021,大连商品交易所最近合约收盘价,国内,豆油（大连期结）,2021-05-07,9433.05
05,06,元/吨,9419.05,2021,大连商品交易所最近合约收盘价,国内,豆油（大连期结）,2021-05-06,9419.05
04,30,元/吨,9011.09,2021,大连商品交易所最近合约收盘价,国内,豆油（大连期结）,2021-04-30,9011.09
04,29,元/吨,9035.09,2021,大连商品交易所最近合约收盘价,国内,豆油（大连期结）,2021-04-29,9035.09
04,28,元/吨,9033.09,2021,大连商品交易所最近合约收盘价,国内,豆油（大连期结）,2021-04-28,9033.09
04,27,元/吨,9089.09,2021,大连商品交易所最近合约收盘价,国内,豆油（大连期结）,2021-04-27,9089.09
04,26,元/吨,9143.08,2021,大连商品交易所最近合约收盘价,国内,豆油（大连期结）,2021-04-26,9143.08
04,23,元/吨,9117.08,2021,大连商品交易所最近合约收盘价,国内,豆油（大连期结）,2021-04-23,9117.08
04,22,元/吨,9007.09,2021,大连商品交易所最近合约收盘价,国内,豆油（大连期结）,2021-04-22,9007.09
04,21,元/吨,8937.10,2021,大连商品交易所最近合约收盘价,国内,豆油（大连期结）,2021-04-21,8937.1
04,20,元/吨,8753.12,2021,大连商品交易所最近合约收盘价,国内,豆油（大连期结）,2021-04-20,8753.12
04,19,元/吨,8767.12,2021,大连商品交易所最近合约收盘价,国内,豆油（大连期结）,2021-04-19,8767.12
04,16,元/吨,8705.12,2021,大连商品交易所最近合约收盘价,国内,豆油（大连期结）,2021-04-16,8705.12
04,15,元/吨,8665.13,2021,大连商品交易所最近合约收盘价,国内,豆油（大连期结）,2021-04-15,8665.13
04,14,元/吨,8633.13,2021,大连商品交易所最近合约收盘价,国内,豆油（大连期结）,2021-04-14,8633.13
04,13,元/吨,8537.14,2021,大连商品交易所最近合约收盘价,国内,豆油（大连期结）,2021-04-13,8537.14
04,12,元/吨,8583.14,2021,大连商品交易所最近合约收盘价,国内,豆油（大连期结）,2021-04-12,8583.14
04,09,元/吨,8659.13,2021,大连商品交易所最近合约收盘价,国内,豆油（大连期结）,2021-04-09,8659.13
04,08,元/吨,8717.12,2021,大连商品交易所最近合约收盘价,国内,豆油（大连期结）,2021-04-08,8717.12
04,07,元/吨,8885.11,2021,大连商品交易所最近合约收盘价,国内,豆油（大连期结）,2021-04-07,8885.11
04,06,元/吨,8743.12,2021,大连商品交易所最近合约收盘价,国内,豆油（大连期结）,2021-04-06,8743.12
04,05,元/吨,8571.14,2021,大连商品交易所最近合约收盘价,国内,豆油（大连期结）,2021-04-05,8571.14
04,02,元/吨,8571.14,2021,大连商品交易所最近合约收盘价,国内,豆油（大连期结）,2021-04-02,8571.14
04,01,元/吨,8447.15,2021,大连商品交易所最近合约收盘价,国内,豆油（大连期结）,2021-04-01,8447.15
03,31,元/吨,8363.16,2021,大连商品交易所最近合约收盘价,国内,豆油（大连期结）,2021-03-31,8363.16
03,30,元/吨,8635.13,2021,大连商品交易所最近合约收盘价,国内,豆油（大连期结）,2021-03-30,8635.13
03,29,元/吨,8695.13,2021,大连商品交易所最近合约收盘价,国内,豆油（大连期结）,2021-03-29,8695.13
03,26,元/吨,8863.11,2021,大连商品交易所最近合约收盘价,国内,豆油（大连期结）,2021-03-26,8863.11
03,25,元/吨,9237.07,2021,大连商品交易所最近合约收盘价,国内,豆油（大连期结）,2021-03-25,9237.07
03,24,元/吨,9201.07,2021,大连商品交易所最近合约收盘价,国内,豆油（大连期结）,2021-03-24,9201.07
03,23,元/吨,9207.07,2021,大连商品交易所最近合约收盘价,国内,豆油（大连期结）,2021-03-23,9207.07
03,22,元/吨,8937.10,2021,大连商品交易所最近合约收盘价,国内,豆油（大连期结）,2021-03-22,8937.1
03,19,元/吨,8943.10,2021,大连商品交易所最近合约收盘价,国内,豆油（大连期结）,2021-03-19,8943.1
03,18,元/吨,9107.08,2021,大连商品交易所最近合约收盘价,国内,豆油（大连期结）,2021-03-18,9107.08
03,17,元/吨,9237.07,2021,大连商品交易所最近合约收盘价,国内,豆油（大连期结）,2021-03-17,9237.07
03,16,元/吨,9423.05,2021,大连商品交易所最近合约收盘价,国内,豆油（大连期结）,2021-03-16,9423.05
03,15,元/吨,9349.06,2021,大连商品交易所最近合约收盘价,国内,豆油（大连期结）,2021-03-15,9349.06
03,12,元/吨,9349.06,2021,大连商品交易所最近合约收盘价,国内,豆油（大连期结）,2021-03-12,9349.06
03,11,元/吨,9357.06,2021,大连商品交易所最近合约收盘价,国内,豆油（大连期结）,2021-03-11,9357.06
03,10,元/吨,9357.06,2021,大连商品交易所最近合约收盘价,国内,豆油（大连期结）,2021-03-10,9357.06
03,09,元/吨,9357.06,2021,大连商品交易所最近合约收盘价,国内,豆油（大连期结）,2021-03-09,9357.06
03,08,元/吨,9357.06,2021,大连商品交易所最近合约收盘价,国内,豆油（大连期结）,2021-03-08,9357.06
03,05,元/吨,9357.06,2021,大连商品交易所最近合约收盘价,国内,豆油（大连期结）,2021-03-05,9357.06
03,04,元/吨,9357.06,2021,大连商品交易所最近合约收盘价,国内,豆油（大连期结）,2021-03-04,9357.06
03,03,元/吨,9357.06,2021,大连商品交易所最近合约收盘价,国内,豆油（大连期结）,2021-03-03,9357.06
03,02,元/吨,9357.06,2021,大连商品交易所最近合约收盘价,国内,豆油（大连期结）,2021-03-02,9357.06
03,01,元/吨,9357.06,2021,大连商品交易所最近合约收盘价,国内,豆油（大连期结）,2021-03-01,9357.06
02,26,元/吨,9357.06,2021,大连商品交易所最近合约收盘价,国内,豆油（大连期结）,2021-02-26,9357.06
02,25,元/吨,9461.05,2021,大连商品交易所最近合约收盘价,国内,豆油（大连期结）,2021-02-25,9461.05
02,24,元/吨,8957.10,2021,大连商品交易所最近合约收盘价,国内,豆油（大连期结）,2021-02-24,8957.1
02,23,元/吨,8743.12,2021,大连商品交易所最近合约收盘价,国内,豆油（大连期结）,2021-02-23,8743.12
02,22,元/吨,8827.11,2021,大连商品交易所最近合约收盘价,国内,豆油（大连期结）,2021-02-22,8827.11
02,19,元/吨,8737.12,2021,大连商品交易所最近合约收盘价,国内,豆油（大连期结）,2021-02-19,8737.12
02,18,元/吨,8557.14,2021,大连商品交易所最近合约收盘价,国内,豆油（大连期结）,2021-02-18,8557.14
02,17,元/吨,8427.15,2021,大连商品交易所最近合约收盘价,国内,豆油（大连期结）,2021-02-17,8427.15
02,16,元/吨,8427.15,2021,大连商品交易所最近合约收盘价,国内,豆油（大连期结）,2021-02-16,8427.15
02,15,元/吨,8427.15,2021,大连商品交易所最近合约收盘价,国内,豆油（大连期结）,2021-02-15,8427.15
02,12,元/吨,8427.15,2021,大连商品交易所最近合约收盘价,国内,豆油（大连期结）,2021-02-12,8427.15
02,11,元/吨,8427.15,2021,大连商品交易所最近合约收盘价,国内,豆油（大连期结）,2021-02-11,8427.15
02,10,元/吨,8427.15,2021,大连商品交易所最近合约收盘价,国内,豆油（大连期结）,2021-02-10,8427.15
02,09,元/吨,8349.16,2021,大连商品交易所最近合约收盘价,国内,豆油（大连期结）,2021-02-09,8349.16
02,08,元/吨,8205.17,2021,大连商品交易所最近合约收盘价,国内,豆油（大连期结）,2021-02-08,8205.17
02,05,元/吨,8139.18,2021,大连商品交易所最近合约收盘价,国内,豆油（大连期结）,2021-02-05,8139.18
02,04,元/吨,8027.19,2021,大连商品交易所最近合约收盘价,国内,豆油（大连期结）,2021-02-04,8027.19
02,03,元/吨,8025.19,2021,大连商品交易所最近合约收盘价,国内,豆油（大连期结）,2021-02-03,8025.19
02,02,元/吨,8173.18,2021,大连商品交易所最近合约收盘价,国内,豆油（大连期结）,2021-02-02,8173.18
02,01,元/吨,8307.16,2021,大连商品交易所最近合约收盘价,国内,豆油（大连期结）,2021-02-01,8307.16
01,29,元/吨,8287.17,2021,大连商品交易所最近合约收盘价,国内,豆油（大连期结）,2021-01-29,8287.17
01,28,元/吨,8273.17,2021,大连商品交易所最近合约收盘价,国内,豆油（大连期结）,2021-01-28,8273.17
01,27,元/吨,8207.17,2021,大连商品交易所最近合约收盘价,国内,豆油（大连期结）,2021-01-27,8207.17
01,26,元/吨,8025.19,2021,大连商品交易所最近合约收盘价,国内,豆油（大连期结）,2021-01-26,8025.19
01,25,元/吨,7905.20,2021,大连商品交易所最近合约收盘价,国内,豆油（大连期结）,2021-01-25,7905.2
01,22,元/吨,7975.20,2021,大连商品交易所最近合约收盘价,国内,豆油（大连期结）,2021-01-22,7975.2
01,21,元/吨,7977.20,2021,大连商品交易所最近合约收盘价,国内,豆油（大连期结）,2021-01-21,7977.2
01,20,元/吨,8035.19,2021,大连商品交易所最近合约收盘价,国内,豆油（大连期结）,2021-01-20,8035.19
01,19,元/吨,8123.18,2021,大连商品交易所最近合约收盘价,国内,豆油（大连期结）,2021-01-19,8123.18
01,18,元/吨,8125.18,2021,大连商品交易所最近合约收盘价,国内,豆油（大连期结）,2021-01-18,8125.18
01,15,元/吨,8171.18,2021,大连商品交易所最近合约收盘价,国内,豆油（大连期结）,2021-01-15,8171.18
01,14,元/吨,8697.13,2021,大连商品交易所最近合约收盘价,国内,豆油（大连期结）,2021-01-14,8697.13
01,13,元/吨,8697.13,2021,大连商品交易所最近合约收盘价,国内,豆油（大连期结）,2021-01-13,8697.13
01,12,元/吨,8701.12,2021,大连商品交易所最近合约收盘价,国内,豆油（大连期结）,2021-01-12,8701.12
01,11,元/吨,8875.11,2021,大连商品交易所最近合约收盘价,国内,豆油（大连期结）,2021-01-11,8875.11
01,08,元/吨,8829.11,2021,大连商品交易所最近合约收盘价,国内,豆油（大连期结）,2021-01-08,8829.11
01,07,元/吨,8829.11,2021,大连商品交易所最近合约收盘价,国内,豆油（大连期结）,2021-01-07,8829.11
01,06,元/吨,8817.11,2021,大连商品交易所最近合约收盘价,国内,豆油（大连期结）,2021-01-06,8817.11
01,05,元/吨,8786,2021,大连商品交易所最近合约收盘价,国内,豆油（大连期结）,2021-01-05,8786.0
01,04,元/吨,8802,2021,大连商品交易所最近合约收盘价,国内,豆油（大连期结）,2021-01-04,8802.0
12,31,元/吨,8650,2020,大连商品交易所最近合约收盘价,国内,豆油（大连期结）,2020-12-31,8650.0
12,30,元/吨,8610,2020,大连商品交易所最近合约收盘价,国内,豆油（大连期结）,2020-12-30,8610.0
12,29,元/吨,8562,2020,大连商品交易所最近合约收盘价,国内,豆油（大连期结）,2020-12-29,8562.0
12,28,元/吨,8644,2020,大连商品交易所最近合约收盘价,国内,豆油（大连期结）,2020-12-28,8644.0
12,25,元/吨,8698,2020,大连商品交易所最近合约收盘价,国内,豆油（大连期结）,2020-12-25,8698.0
12,24,元/吨,8622,2020,大连商品交易所最近合约收盘价,国内,豆油（大连期结）,2020-12-24,8622.0
12,23,元/吨,8344,2020,大连商品交易所最近合约收盘价,国内,豆油（大连期结）,2020-12-23,8344.0
12,22,元/吨,8326,2020,大连商品交易所最近合约收盘价,国内,豆油（大连期结）,2020-12-22,8326.0
12,21,元/吨,8404,2020,大连商品交易所最近合约收盘价,国内,豆油（大连期结）,2020-12-21,8404.0
12,18,元/吨,8296,2020,大连商品交易所最近合约收盘价,国内,豆油（大连期结）,2020-12-18,8296.0
12,17,元/吨,8112,2020,大连商品交易所最近合约收盘价,国内,豆油（大连期结）,2020-12-17,8112.0
12,16,元/吨,8028,2020,大连商品交易所最近合约收盘价,国内,豆油（大连期结）,2020-12-16,8028.0
12,15,元/吨,7994,2020,大连商品交易所最近合约收盘价,国内,豆油（大连期结）,2020-12-15,7994.0
12,14,元/吨,7952,2020,大连商品交易所最近合约收盘价,国内,豆油（大连期结）,2020-12-14,7952.0
12,11,元/吨,7798,2020,大连商品交易所最近合约收盘价,国内,豆油（大连期结）,2020-12-11,7798.0
12,10,元/吨,7798,2020,大连商品交易所最近合约收盘价,国内,豆油（大连期结）,2020-12-10,7798.0
12,09,元/吨,7798,2020,大连商品交易所最近合约收盘价,国内,豆油（大连期结）,2020-12-09,7798.0
12,08,元/吨,7798,2020,大连商品交易所最近合约收盘价,国内,豆油（大连期结）,2020-12-08,7798.0
12,07,元/吨,7798,2020,大连商品交易所最近合约收盘价,国内,豆油（大连期结）,2020-12-07,7798.0
12,04,元/吨,7798,2020,大连商品交易所最近合约收盘价,国内,豆油（大连期结）,2020-12-04,7798.0
12,03,元/吨,7798,2020,大连商品交易所最近合约收盘价,国内,豆油（大连期结）,2020-12-03,7798.0
12,02,元/吨,7798,2020,大连商品交易所最近合约收盘价,国内,豆油（大连期结）,2020-12-02,7798.0
12,01,元/吨,7798,2020,大连商品交易所最近合约收盘价,国内,豆油（大连期结）,2020-12-01,7798.0
11,30,元/吨,7940,2020,大连商品交易所最近合约收盘价,国内,豆油（大连期结）,2020-11-30,7940.0
11,27,元/吨,7828,2020,大连商品交易所最近合约收盘价,国内,豆油（大连期结）,2020-11-27,7828.0
11,26,元/吨,7800,2020,大连商品交易所最近合约收盘价,国内,豆油（大连期结）,2020-11-26,7800.0
11,25,元/吨,7780,2020,大连商品交易所最近合约收盘价,国内,豆油（大连期结）,2020-11-25,7780.0
11,24,元/吨,7732,2020,大连商品交易所最近合约收盘价,国内,豆油（大连期结）,2020-11-24,7732.0
11,23,元/吨,7868,2020,大连商品交易所最近合约收盘价,国内,豆油（大连期结）,2020-11-23,7868.0
11,20,元/吨,7998,2020,大连商品交易所最近合约收盘价,国内,豆油（大连期结）,2020-11-20,7998.0
11,19,元/吨,7956,2020,大连商品交易所最近合约收盘价,国内,豆油（大连期结）,2020-11-19,7956.0
11,18,元/吨,7852,2020,大连商品交易所最近合约收盘价,国内,豆油（大连期结）,2020-11-18,7852.0
11,17,元/吨,7794,2020,大连商品交易所最近合约收盘价,国内,豆油（大连期结）,2020-11-17,7794.0
11,16,元/吨,7750,2020,大连商品交易所最近合约收盘价,国内,豆油（大连期结）,2020-11-16,7750.0
11,13,元/吨,7594,2020,大连商品交易所最近合约收盘价,国内,豆油（大连期结）,2020-11-13,7594.0
11,12,元/吨,7782,2020,大连商品交易所最近合约收盘价,国内,豆油（大连期结）,2020-11-12,7782.0
11,11,元/吨,7782,2020,大连商品交易所最近合约收盘价,国内,豆油（大连期结）,2020-11-11,7782.0
11,10,元/吨,7782,2020,大连商品交易所最近合约收盘价,国内,豆油（大连期结）,2020-11-10,7782.0
11,09,元/吨,7782,2020,大连商品交易所最近合约收盘价,国内,豆油（大连期结）,2020-11-09,7782.0
11,06,元/吨,7782,2020,大连商品交易所最近合约收盘价,国内,豆油（大连期结）,2020-11-06,7782.0
11,05,元/吨,7782,2020,大连商品交易所最近合约收盘价,国内,豆油（大连期结）,2020-11-05,7782.0
11,04,元/吨,7782,2020,大连商品交易所最近合约收盘价,国内,豆油（大连期结）,2020-11-04,7782.0
11,03,元/吨,7274,2020,大连商品交易所最近合约收盘价,国内,豆油（大连期结）,2020-11-03,7274.0
11,02,元/吨,7274,2020,大连商品交易所最近合约收盘价,国内,豆油（大连期结）,2020-11-02,7274.0
10,30,元/吨,7336,2020,大连商品交易所最近合约收盘价,国内,豆油（大连期结）,2020-10-30,7336.0
10,29,元/吨,7284,2020,大连商品交易所最近合约收盘价,国内,豆油（大连期结）,2020-10-29,7284.0
10,28,元/吨,7382,2020,大连商品交易所最近合约收盘价,国内,豆油（大连期结）,2020-10-28,7382.0
10,27,元/吨,7374,2020,大连商品交易所最近合约收盘价,国内,豆油（大连期结）,2020-10-27,7374.0
10,26,元/吨,7332,2020,大连商品交易所最近合约收盘价,国内,豆油（大连期结）,2020-10-26,7332.0
10,23,元/吨,7206,2020,大连商品交易所最近合约收盘价,国内,豆油（大连期结）,2020-10-23,7206.0
10,22,元/吨,7118,2020,大连商品交易所最近合约收盘价,国内,豆油（大连期结）,2020-10-22,7118.0
10,21,元/吨,7000,2020,大连商品交易所最近合约收盘价,国内,豆油（大连期结）,2020-10-21,7000.0
10,20,元/吨,6946,2020,大连商品交易所最近合约收盘价,国内,豆油（大连期结）,2020-10-20,6946.0
10,19,元/吨,7072,2020,大连商品交易所最近合约收盘价,国内,豆油（大连期结）,2020-10-19,7072.0
10,16,元/吨,7066,2020,大连商品交易所最近合约收盘价,国内,豆油（大连期结）,2020-10-16,7066.0
10,15,元/吨,7234,2020,大连商品交易所最近合约收盘价,国内,豆油（大连期结）,2020-10-15,7234.0
10,14,元/吨,7248,2020,大连商品交易所最近合约收盘价,国内,豆油（大连期结）,2020-10-14,7248.0
10,13,元/吨,7258,2020,大连商品交易所最近合约收盘价,国内,豆油（大连期结）,2020-10-13,7258.0
10,12,元/吨,7250,2020,大连商品交易所最近合约收盘价,国内,豆油（大连期结）,2020-10-12,7250.0
10,09,元/吨,7060,2020,大连商品交易所最近合约收盘价,国内,豆油（大连期结）,2020-10-09,7060.0
10,08,元/吨,6836,2020,大连商品交易所最近合约收盘价,国内,豆油（大连期结）,2020-10-08,6836.0
10,07,元/吨,6836,2020,大连商品交易所最近合约收盘价,国内,豆油（大连期结）,2020-10-07,6836.0
10,06,元/吨,6836,2020,大连商品交易所最近合约收盘价,国内,豆油（大连期结）,2020-10-06,6836.0
10,05,元/吨,6836,2020,大连商品交易所最近合约收盘价,国内,豆油（大连期结）,2020-10-05,6836.0
10,02,元/吨,6836,2020,大连商品交易所最近合约收盘价,国内,豆油（大连期结）,2020-10-02,6836.0
10,01,元/吨,6836,2020,大连商品交易所最近合约收盘价,国内,豆油（大连期结）,2020-10-01,6836.0
09,30,元/吨,6836,2020,大连商品交易所最近合约收盘价,国内,豆油（大连期结）,2020-09-30,6836.0
09,29,元/吨,6974,2020,大连商品交易所最近合约收盘价,国内,豆油（大连期结）,2020-09-29,6974.0
09,28,元/吨,7026,2020,大连商品交易所最近合约收盘价,国内,豆油（大连期结）,2020-09-28,7026.0
09,25,元/吨,6966,2020,大连商品交易所最近合约收盘价,国内,豆油（大连期结）,2020-09-25,6966.0
09,24,元/吨,7044,2020,大连商品交易所最近合约收盘价,国内,豆油（大连期结）,2020-09-24,7044.0
09,23,元/吨,7202,2020,大连商品交易所最近合约收盘价,国内,豆油（大连期结）,2020-09-23,7202.0
09,22,元/吨,7310,2020,大连商品交易所最近合约收盘价,国内,豆油（大连期结）,2020-09-22,7310.0
09,21,元/吨,7426,2020,大连商品交易所最近合约收盘价,国内,豆油（大连期结）,2020-09-21,7426.0
09,18,元/吨,7324,2020,大连商品交易所最近合约收盘价,国内,豆油（大连期结）,2020-09-18,7324.0
09,17,元/吨,7158,2020,大连商品交易所最近合约收盘价,国内,豆油（大连期结）,2020-09-17,7158.0
09,16,元/吨,6992,2020,大连商品交易所最近合约收盘价,国内,豆油（大连期结）,2020-09-16,6992.0
09,15,元/吨,6992,2020,大连商品交易所最近合约收盘价,国内,豆油（大连期结）,2020-09-15,6992.0
09,14,元/吨,6910,2020,大连商品交易所最近合约收盘价,国内,豆油（大连期结）,2020-09-14,6910.0
09,11,元/吨,6780,2020,大连商品交易所最近合约收盘价,国内,豆油（大连期结）,2020-09-11,6780.0
09,10,元/吨,6772,2020,大连商品交易所最近合约收盘价,国内,豆油（大连期结）,2020-09-10,6772.0
09,09,元/吨,6776,2020,大连商品交易所最近合约收盘价,国内,豆油（大连期结）,2020-09-09,6776.0
09,08,元/吨,6870,2020,大连商品交易所最近合约收盘价,国内,豆油（大连期结）,2020-09-08,6870.0
09,07,元/吨,6742,2020,大连商品交易所最近合约收盘价,国内,豆油（大连期结）,2020-09-07,6742.0
09,04,元/吨,6742,2020,大连商品交易所最近合约收盘价,国内,豆油（大连期结）,2020-09-04,6742.0
09,03,元/吨,6742,2020,大连商品交易所最近合约收盘价,国内,豆油（大连期结）,2020-09-03,6742.0
09,02,元/吨,6660,2020,大连商品交易所最近合约收盘价,国内,豆油（大连期结）,2020-09-02,6660.0
09,01,元/吨,6630,2020,大连商品交易所最近合约收盘价,国内,豆油（大连期结）,2020-09-01,6630.0
08,31,元/吨,6648,2020,大连商品交易所最近合约收盘价,国内,豆油（大连期结）,2020-08-31,6648.0
08,28,元/吨,6588,2020,大连商品交易所最近合约收盘价,国内,豆油（大连期结）,2020-08-28,6588.0
08,27,元/吨,6456,2020,大连商品交易所最近合约收盘价,国内,豆油（大连期结）,2020-08-27,6456.0
08,26,元/吨,6384,2020,大连商品交易所最近合约收盘价,国内,豆油（大连期结）,2020-08-26,6384.0
08,25,元/吨,6418,2020,大连商品交易所最近合约收盘价,国内,豆油（大连期结）,2020-08-25,6418.0
08,24,元/吨,6388,2020,大连商品交易所最近合约收盘价,国内,豆油（大连期结）,2020-08-24,6388.0
08,21,元/吨,6398,2020,大连商品交易所最近合约收盘价,国内,豆油（大连期结）,2020-08-21,6398.0
08,20,元/吨,6470,2020,大连商品交易所最近合约收盘价,国内,豆油（大连期结）,2020-08-20,6470.0
08,19,元/吨,6556,2020,大连商品交易所最近合约收盘价,国内,豆油（大连期结）,2020-08-19,6556.0
08,18,元/吨,6502,2020,大连商品交易所最近合约收盘价,国内,豆油（大连期结）,2020-08-18,6502.0
08,17,元/吨,6454,2020,大连商品交易所最近合约收盘价,国内,豆油（大连期结）,2020-08-17,6454.0
08,14,元/吨,6408,2020,大连商品交易所最近合约收盘价,国内,豆油（大连期结）,2020-08-14,6408.0
08,13,元/吨,6086,2020,大连商品交易所最近合约收盘价,国内,豆油（大连期结）,2020-08-13,6086.0
08,12,元/吨,6086,2020,大连商品交易所最近合约收盘价,国内,豆油（大连期结）,2020-08-12,6086.0
08,11,元/吨,6086,2020,大连商品交易所最近合约收盘价,国内,豆油（大连期结）,2020-08-11,6086.0
08,10,元/吨,6086,2020,大连商品交易所最近合约收盘价,国内,豆油（大连期结）,2020-08-10,6086.0
08,07,元/吨,6086,2020,大连商品交易所最近合约收盘价,国内,豆油（大连期结）,2020-08-07,6086.0
08,06,元/吨,6086,2020,大连商品交易所最近合约收盘价,国内,豆油（大连期结）,2020-08-06,6086.0
08,05,元/吨,6086,2020,大连商品交易所最近合约收盘价,国内,豆油（大连期结）,2020-08-05,6086.0
08,04,元/吨,6086,2020,大连商品交易所最近合约收盘价,国内,豆油（大连期结）,2020-08-04,6086.0
08,03,元/吨,6086,2020,大连商品交易所最近合约收盘价,国内,豆油（大连期结）,2020-08-03,6086.0
07,31,元/吨,6086,2020,大连商品交易所最近合约收盘价,国内,豆油（大连期结）,2020-07-31,6086.0
07,30,元/吨,6082,2020,大连商品交易所最近合约收盘价,国内,豆油（大连期结）,2020-07-30,6082.0
07,29,元/吨,6082,2020,大连商品交易所最近合约收盘价,国内,豆油（大连期结）,2020-07-29,6082.0
07,28,元/吨,6494,2020,大连商品交易所最近合约收盘价,国内,豆油（大连期结）,2020-07-28,6494.0
07,27,元/吨,6494,2020,大连商品交易所最近合约收盘价,国内,豆油（大连期结）,2020-07-27,6494.0
07,24,元/吨,6230,2020,大连商品交易所最近合约收盘价,国内,豆油（大连期结）,2020-07-24,6230.0
07,23,元/吨,6230,2020,大连商品交易所最近合约收盘价,国内,豆油（大连期结）,2020-07-23,6230.0
07,22,元/吨,6560,2020,大连商品交易所最近合约收盘价,国内,豆油（大连期结）,2020-07-22,6560.0
07,21,元/吨,6192,2020,大连商品交易所最近合约收盘价,国内,豆油（大连期结）,2020-07-21,6192.0
07,20,元/吨,6390,2020,大连商品交易所最近合约收盘价,国内,豆油（大连期结）,2020-07-20,6390.0
07,17,元/吨,6176,2020,大连商品交易所最近合约收盘价,国内,豆油（大连期结）,2020-07-17,6176.0
07,16,元/吨,6038,2020,大连商品交易所最近合约收盘价,国内,豆油（大连期结）,2020-07-16,6038.0
07,15,元/吨,6038,2020,大连商品交易所最近合约收盘价,国内,豆油（大连期结）,2020-07-15,6038.0
07,14,元/吨,5778,2020,大连商品交易所最近合约收盘价,国内,豆油（大连期结）,2020-07-14,5778.0
07,13,元/吨,5398,2020,大连商品交易所最近合约收盘价,国内,豆油（大连期结）,2020-07-13,5398.0
07,10,元/吨,5398,2020,大连商品交易所最近合约收盘价,国内,豆油（大连期结）,2020-07-10,5398.0
07,09,元/吨,5398,2020,大连商品交易所最近合约收盘价,国内,豆油（大连期结）,2020-07-09,5398.0
07,08,元/吨,5398,2020,大连商品交易所最近合约收盘价,国内,豆油（大连期结）,2020-07-08,5398.0
07,07,元/吨,5398,2020,大连商品交易所最近合约收盘价,国内,豆油（大连期结）,2020-07-07,5398.0
07,06,元/吨,5398,2020,大连商品交易所最近合约收盘价,国内,豆油（大连期结）,2020-07-06,5398.0
07,03,元/吨,5398,2020,大连商品交易所最近合约收盘价,国内,豆油（大连期结）,2020-07-03,5398.0
07,02,元/吨,5398,2020,大连商品交易所最近合约收盘价,国内,豆油（大连期结）,2020-07-02,5398.0
07,01,元/吨,5398,2020,大连商品交易所最近合约收盘价,国内,豆油（大连期结）,2020-07-01,5398.0
06,30,元/吨,5536,2020,大连商品交易所最近合约收盘价,国内,豆油（大连期结）,2020-06-30,5536.0
06,29,元/吨,5764,2020,大连商品交易所最近合约收盘价,国内,豆油（大连期结）,2020-06-29,5764.0
06,26,元/吨,5764,2020,大连商品交易所最近合约收盘价,国内,豆油（大连期结）,2020-06-26,5764.0
06,25,元/吨,5764,2020,大连商品交易所最近合约收盘价,国内,豆油（大连期结）,2020-06-25,5764.0
06,24,元/吨,5764,2020,大连商品交易所最近合约收盘价,国内,豆油（大连期结）,2020-06-24,5764.0
06,23,元/吨,5764,2020,大连商品交易所最近合约收盘价,国内,豆油（大连期结）,2020-06-23,5764.0
06,22,元/吨,5764,2020,大连商品交易所最近合约收盘价,国内,豆油（大连期结）,2020-06-22,5764.0
06,19,元/吨,5782,2020,大连商品交易所最近合约收盘价,国内,豆油（大连期结）,2020-06-19,5782.0
06,18,元/吨,5718,2020,大连商品交易所最近合约收盘价,国内,豆油（大连期结）,2020-06-18,5718.0
06,17,元/吨,5718,2020,大连商品交易所最近合约收盘价,国内,豆油（大连期结）,2020-06-17,5718.0
06,16,元/吨,5718,2020,大连商品交易所最近合约收盘价,国内,豆油（大连期结）,2020-06-16,5718.0
06,15,元/吨,5786,2020,大连商品交易所最近合约收盘价,国内,豆油（大连期结）,2020-06-15,5786.0
06,12,元/吨,5822,2020,大连商品交易所最近合约收盘价,国内,豆油（大连期结）,2020-06-12,5822.0
06,11,元/吨,5798,2020,大连商品交易所最近合约收盘价,国内,豆油（大连期结）,2020-06-11,5798.0
06,09,元/吨,5776,2020,大连商品交易所最近合约收盘价,国内,豆油（大连期结）,2020-06-09,5776.0
06,08,元/吨,5750,2020,大连商品交易所最近合约收盘价,国内,豆油（大连期结）,2020-06-08,5750.0
06,05,元/吨,5600,2020,大连商品交易所最近合约收盘价,国内,豆油（大连期结）,2020-06-05,5600.0
06,04,元/吨,5590,2020,大连商品交易所最近合约收盘价,国内,豆油（大连期结）,2020-06-04,5590.0
06,03,元/吨,5590,2020,大连商品交易所最近合约收盘价,国内,豆油（大连期结）,2020-06-03,5590.0
06,02,元/吨,5590,2020,大连商品交易所最近合约收盘价,国内,豆油（大连期结）,2020-06-02,5590.0
06,01,元/吨,5590,2020,大连商品交易所最近合约收盘价,国内,豆油（大连期结）,2020-06-01,5590.0
05,29,元/吨,5590,2020,大连商品交易所最近合约收盘价,国内,豆油（大连期结）,2020-05-29,5590.0
05,28,元/吨,5590,2020,大连商品交易所最近合约收盘价,国内,豆油（大连期结）,2020-05-28,5590.0
05,27,元/吨,5532,2020,大连商品交易所最近合约收盘价,国内,豆油（大连期结）,2020-05-27,5532.0
05,26,元/吨,5470,2020,大连商品交易所最近合约收盘价,国内,豆油（大连期结）,2020-05-26,5470.0
05,25,元/吨,5448,2020,大连商品交易所最近合约收盘价,国内,豆油（大连期结）,2020-05-25,5448.0
05,22,元/吨,5448,2020,大连商品交易所最近合约收盘价,国内,豆油（大连期结）,2020-05-22,5448.0
05,21,元/吨,5448,2020,大连商品交易所最近合约收盘价,国内,豆油（大连期结）,2020-05-21,5448.0
05,20,元/吨,5448,2020,大连商品交易所最近合约收盘价,国内,豆油（大连期结）,2020-05-20,5448.0
05,19,元/吨,5448,2020,大连商品交易所最近合约收盘价,国内,豆油（大连期结）,2020-05-19,5448.0
05,18,元/吨,5396,2020,大连商品交易所最近合约收盘价,国内,豆油（大连期结）,2020-05-18,5396.0
05,15,元/吨,5396,2020,大连商品交易所最近合约收盘价,国内,豆油（大连期结）,2020-05-15,5396.0
05,14,元/吨,5396,2020,大连商品交易所最近合约收盘价,国内,豆油（大连期结）,2020-05-14,5396.0
05,13,元/吨,5426,2020,大连商品交易所最近合约收盘价,国内,豆油（大连期结）,2020-05-13,5426.0
05,12,元/吨,5426,2020,大连商品交易所最近合约收盘价,国内,豆油（大连期结）,2020-05-12,5426.0
05,11,元/吨,5410,2020,大连商品交易所最近合约收盘价,国内,豆油（大连期结）,2020-05-11,5410.0
05,08,元/吨,5480,2020,大连商品交易所最近合约收盘价,国内,豆油（大连期结）,2020-05-08,5480.0
05,07,元/吨,5392,2020,大连商品交易所最近合约收盘价,国内,豆油（大连期结）,2020-05-07,5392.0
05,06,元/吨,5384,2020,大连商品交易所最近合约收盘价,国内,豆油（大连期结）,2020-05-06,5384.0
05,05,元/吨,5422,2020,大连商品交易所最近合约收盘价,国内,豆油（大连期结）,2020-05-05,5422.0
05,04,元/吨,5422,2020,大连商品交易所最近合约收盘价,国内,豆油（大连期结）,2020-05-04,5422.0
05,01,元/吨,5422,2020,大连商品交易所最近合约收盘价,国内,豆油（大连期结）,2020-05-01,5422.0
04,30,元/吨,5422,2020,大连商品交易所最近合约收盘价,国内,豆油（大连期结）,2020-04-30,5422.0
04,29,元/吨,5418,2020,大连商品交易所最近合约收盘价,国内,豆油（大连期结）,2020-04-29,5418.0
04,28,元/吨,5420,2020,大连商品交易所最近合约收盘价,国内,豆油（大连期结）,2020-04-28,5420.0
04,27,元/吨,5450,2020,大连商品交易所最近合约收盘价,国内,豆油（大连期结）,2020-04-27,5450.0
04,24,元/吨,5496,2020,大连商品交易所最近合约收盘价,国内,豆油（大连期结）,2020-04-24,5496.0
04,23,元/吨,5472,2020,大连商品交易所最近合约收盘价,国内,豆油（大连期结）,2020-04-23,5472.0
04,22,元/吨,5404,2020,大连商品交易所最近合约收盘价,国内,豆油（大连期结）,2020-04-22,5404.0
04,21,元/吨,5412,2020,大连商品交易所最近合约收盘价,国内,豆油（大连期结）,2020-04-21,5412.0
04,20,元/吨,5580,2020,大连商品交易所最近合约收盘价,国内,豆油（大连期结）,2020-04-20,5580.0
04,17,元/吨,5608,2020,大连商品交易所最近合约收盘价,国内,豆油（大连期结）,2020-04-17,5608.0
04,16,元/吨,5664,2020,大连商品交易所最近合约收盘价,国内,豆油（大连期结）,2020-04-16,5664.0
04,15,元/吨,5604,2020,大连商品交易所最近合约收盘价,国内,豆油（大连期结）,2020-04-15,5604.0
04,14,元/吨,5596,2020,大连商品交易所最近合约收盘价,国内,豆油（大连期结）,2020-04-14,5596.0
04,13,元/吨,5716,2020,大连商品交易所最近合约收盘价,国内,豆油（大连期结）,2020-04-13,5716.0
04,10,元/吨,5672,2020,大连商品交易所最近合约收盘价,国内,豆油（大连期结）,2020-04-10,5672.0
04,09,元/吨,5632,2020,大连商品交易所最近合约收盘价,国内,豆油（大连期结）,2020-04-09,5632.0
04,08,元/吨,5508,2020,大连商品交易所最近合约收盘价,国内,豆油（大连期结）,2020-04-08,5508.0
04,07,元/吨,5460,2020,大连商品交易所最近合约收盘价,国内,豆油（大连期结）,2020-04-07,5460.0
04,06,元/吨,5378,2020,大连商品交易所最近合约收盘价,国内,豆油（大连期结）,2020-04-06,5378.0
04,03,元/吨,5378,2020,大连商品交易所最近合约收盘价,国内,豆油（大连期结）,2020-04-03,5378.0
04,02,元/吨,5350,2020,大连商品交易所最近合约收盘价,国内,豆油（大连期结）,2020-04-02,5350.0
04,01,元/吨,5380,2020,大连商品交易所最近合约收盘价,国内,豆油（大连期结）,2020-04-01,5380.0
03,31,元/吨,5460,2020,大连商品交易所最近合约收盘价,国内,豆油（大连期结）,2020-03-31,5460.0
03,30,元/吨,5490,2020,大连商品交易所最近合约收盘价,国内,豆油（大连期结）,2020-03-30,5490.0
03,27,元/吨,5440,2020,大连商品交易所最近合约收盘价,国内,豆油（大连期结）,2020-03-27,5440.0
03,26,元/吨,5512,2020,大连商品交易所最近合约收盘价,国内,豆油（大连期结）,2020-03-26,5512.0
03,25,元/吨,5536,2020,大连商品交易所最近合约收盘价,国内,豆油（大连期结）,2020-03-25,5536.0
03,24,元/吨,5484,2020,大连商品交易所最近合约收盘价,国内,豆油（大连期结）,2020-03-24,5484.0
03,23,元/吨,5404,2020,大连商品交易所最近合约收盘价,国内,豆油（大连期结）,2020-03-23,5404.0
03,20,元/吨,5380,2020,大连商品交易所最近合约收盘价,国内,豆油（大连期结）,2020-03-20,5380.0
03,19,元/吨,5286,2020,大连商品交易所最近合约收盘价,国内,豆油（大连期结）,2020-03-19,5286.0
03,18,元/吨,5272,2020,大连商品交易所最近合约收盘价,国内,豆油（大连期结）,2020-03-18,5272.0
03,17,元/吨,5212,2020,大连商品交易所最近合约收盘价,国内,豆油（大连期结）,2020-03-17,5212.0
03,16,元/吨,5256,2020,大连商品交易所最近合约收盘价,国内,豆油（大连期结）,2020-03-16,5256.0
03,13,元/吨,5196,2020,大连商品交易所最近合约收盘价,国内,豆油（大连期结）,2020-03-13,5196.0
03,12,元/吨,5282,2020,大连商品交易所最近合约收盘价,国内,豆油（大连期结）,2020-03-12,5282.0
03,11,元/吨,5282,2020,大连商品交易所最近合约收盘价,国内,豆油（大连期结）,2020-03-11,5282.0
03,10,元/吨,5282,2020,大连商品交易所最近合约收盘价,国内,豆油（大连期结）,2020-03-10,5282.0
03,09,元/吨,5282,2020,大连商品交易所最近合约收盘价,国内,豆油（大连期结）,2020-03-09,5282.0
03,06,元/吨,5282,2020,大连商品交易所最近合约收盘价,国内,豆油（大连期结）,2020-03-06,5282.0
03,05,元/吨,5282,2020,大连商品交易所最近合约收盘价,国内,豆油（大连期结）,2020-03-05,5282.0
03,04,元/吨,5282,2020,大连商品交易所最近合约收盘价,国内,豆油（大连期结）,2020-03-04,5282.0
03,03,元/吨,5282,2020,大连商品交易所最近合约收盘价,国内,豆油（大连期结）,2020-03-03,5282.0
03,02,元/吨,5282,2020,大连商品交易所最近合约收盘价,国内,豆油（大连期结）,2020-03-02,5282.0
02,28,元/吨,5618,2020,大连商品交易所最近合约收盘价,国内,豆油（大连期结）,2020-02-28,5618.0
02,27,元/吨,5618,2020,大连商品交易所最近合约收盘价,国内,豆油（大连期结）,2020-02-27,5618.0
02,26,元/吨,5618,2020,大连商品交易所最近合约收盘价,国内,豆油（大连期结）,2020-02-26,5618.0
02,25,元/吨,5850,2020,大连商品交易所最近合约收盘价,国内,豆油（大连期结）,2020-02-25,5850.0
02,24,元/吨,5850,2020,大连商品交易所最近合约收盘价,国内,豆油（大连期结）,2020-02-24,5850.0
02,21,元/吨,5798,2020,大连商品交易所最近合约收盘价,国内,豆油（大连期结）,2020-02-21,5798.0
02,20,元/吨,5798,2020,大连商品交易所最近合约收盘价,国内,豆油（大连期结）,2020-02-20,5798.0
02,19,元/吨,5798,2020,大连商品交易所最近合约收盘价,国内,豆油（大连期结）,2020-02-19,5798.0
02,18,元/吨,5744,2020,大连商品交易所最近合约收盘价,国内,豆油（大连期结）,2020-02-18,5744.0
02,17,元/吨,5920,2020,大连商品交易所最近合约收盘价,国内,豆油（大连期结）,2020-02-17,5920.0
02,14,元/吨,5920,2020,大连商品交易所最近合约收盘价,国内,豆油（大连期结）,2020-02-14,5920.0
02,13,元/吨,5846,2020,大连商品交易所最近合约收盘价,国内,豆油（大连期结）,2020-02-13,5846.0
02,12,元/吨,5950,2020,大连商品交易所最近合约收盘价,国内,豆油（大连期结）,2020-02-12,5950.0
02,11,元/吨,6160,2020,大连商品交易所最近合约收盘价,国内,豆油（大连期结）,2020-02-11,6160.0
02,10,元/吨,6186,2020,大连商品交易所最近合约收盘价,国内,豆油（大连期结）,2020-02-10,6186.0
02,07,元/吨,6184,2020,大连商品交易所最近合约收盘价,国内,豆油（大连期结）,2020-02-07,6184.0
02,06,元/吨,6184,2020,大连商品交易所最近合约收盘价,国内,豆油（大连期结）,2020-02-06,6184.0
02,05,元/吨,6180,2020,大连商品交易所最近合约收盘价,国内,豆油（大连期结）,2020-02-05,6180.0
02,04,元/吨,6126,2020,大连商品交易所最近合约收盘价,国内,豆油（大连期结）,2020-02-04,6126.0
02,03,元/吨,6060,2020,大连商品交易所最近合约收盘价,国内,豆油（大连期结）,2020-02-03,6060.0
01,31,元/吨,6514,2020,大连商品交易所最近合约收盘价,国内,豆油（大连期结）,2020-01-31,6514.0
01,30,元/吨,6514,2020,大连商品交易所最近合约收盘价,国内,豆油（大连期结）,2020-01-30,6514.0
01,29,元/吨,6514,2020,大连商品交易所最近合约收盘价,国内,豆油（大连期结）,2020-01-29,6514.0
01,28,元/吨,6514,2020,大连商品交易所最近合约收盘价,国内,豆油（大连期结）,2020-01-28,6514.0
01,27,元/吨,6514,2020,大连商品交易所最近合约收盘价,国内,豆油（大连期结）,2020-01-27,6514.0
01,24,元/吨,6514,2020,大连商品交易所最近合约收盘价,国内,豆油（大连期结）,2020-01-24,6514.0
01,23,元/吨,6514,2020,大连商品交易所最近合约收盘价,国内,豆油（大连期结）,2020-01-23,6514.0
01,22,元/吨,6514,2020,大连商品交易所最近合约收盘价,国内,豆油（大连期结）,2020-01-22,6514.0
01,21,元/吨,6514,2020,大连商品交易所最近合约收盘价,国内,豆油（大连期结）,2020-01-21,6514.0
01,20,元/吨,6632,2020,大连商品交易所最近合约收盘价,国内,豆油（大连期结）,2020-01-20,6632.0
01,17,元/吨,6664,2020,大连商品交易所最近合约收盘价,国内,豆油（大连期结）,2020-01-17,6664.0
01,16,元/吨,6664,2020,大连商品交易所最近合约收盘价,国内,豆油（大连期结）,2020-01-16,6664.0
01,15,元/吨,6758,2020,大连商品交易所最近合约收盘价,国内,豆油（大连期结）,2020-01-15,6758.0
01,14,元/吨,6590,2020,大连商品交易所最近合约收盘价,国内,豆油（大连期结）,2020-01-14,6590.0
01,13,元/吨,6590,2020,大连商品交易所最近合约收盘价,国内,豆油（大连期结）,2020-01-13,6590.0
01,10,元/吨,7000,2020,大连商品交易所最近合约收盘价,国内,豆油（大连期结）,2020-01-10,7000.0
01,09,元/吨,6864,2020,大连商品交易所最近合约收盘价,国内,豆油（大连期结）,2020-01-09,6864.0
01,08,元/吨,6766,2020,大连商品交易所最近合约收盘价,国内,豆油（大连期结）,2020-01-08,6766.0
01,07,元/吨,6800,2020,大连商品交易所最近合约收盘价,国内,豆油（大连期结）,2020-01-07,6800.0
01,06,元/吨,6800,2020,大连商品交易所最近合约收盘价,国内,豆油（大连期结）,2020-01-06,6800.0
01,03,元/吨,6756,2020,大连商品交易所最近合约收盘价,国内,豆油（大连期结）,2020-01-03,6756.0
01,02,元/吨,6658,2020,大连商品交易所最近合约收盘价,国内,豆油（大连期结）,2020-01-02,6658.0
